state,constituency,candidate,party,party_normalized,alliance,votes,vote_share,total_votes,turnout,is_winner,position,margin,margin_pct,year
Uttar Pradesh,Uttar Pradesh PC 1,Candidate 1 (SP),SP,SP,INDIA,349091,30.51,1144209,77.9,True,1,11329,0.99,2024
Uttar Pradesh,Uttar Pradesh PC 1,Candidate 2 (BJP),BJP,BJP,NDA,337762,29.52,1144209,57.8,False,2,0,0,2024
Uttar Pradesh,Uttar Pradesh PC 1,Candidate 3 (TMC),TMC,TMC,INDIA,311696,27.24,1144209,68.9,False,3,0,0,2024
Uttar Pradesh,Uttar Pradesh PC 1,Candidate 4 (INC),INC,INC,INDIA,145657,12.73,1144209,74.7,False,4,0,0,2024
Uttar Pradesh,Uttar Pradesh PC 2,Candidate 1 (INC),INC,INC,INDIA,283780,30.07,943795,66.1,True,1,80980,8.58,2024
Uttar Pradesh,Uttar Pradesh PC 2,Candidate 2 (AIADMK),AIADMK,AIADMK,,202800,21.49,943795,56.6,False,2,0,0,2024
Uttar Pradesh,Uttar Pradesh PC 2,Candidate 3 (DMK),DMK,DMK,INDIA,195193,20.68,943795,56.4,False,3,0,0,2024
Uttar Pradesh,Uttar Pradesh PC 2,Candidate 4 (BJP),BJP,BJP,NDA,135817,14.39,943795,75.1,False,4,0,0,2024
Uttar Pradesh,Uttar Pradesh PC 2,Candidate 5 (SP),SP,SP,INDIA,126202,13.37,943795,57.4,False,5,0,0,2024
Uttar Pradesh,Uttar Pradesh PC 3,Candidate 1 (YSR),YSR,YSR,,290895,25.71,1131378,61.4,True,1,71192,6.29,2024
Uttar Pradesh,Uttar Pradesh PC 3,Candidate 2 (INC),INC,INC,INDIA,219703,19.42,1131378,71.5,False,2,0,0,2024
Uttar Pradesh,Uttar Pradesh PC 3,Candidate 3 (BJP),BJP,BJP,NDA,200773,17.75,1131378,68.0,False,3,0,0,2024
Uttar Pradesh,Uttar Pradesh PC 3,Candidate 4 (AIADMK),AIADMK,AIADMK,,183396,16.21,1131378,69.8,False,4,0,0,2024
Uttar Pradesh,Uttar Pradesh PC 3,Candidate 5 (OTH),OTH,OTH,,150977,13.34,1131378,72.0,False,5,0,0,2024
Uttar Pradesh,Uttar Pradesh PC 3,Candidate 6 (TMC),TMC,TMC,INDIA,85631,7.57,1131378,60.4,False,6,0,0,2024
Uttar Pradesh,Uttar Pradesh PC 4,Candidate 1 (TMC),TMC,TMC,INDIA,169806,31.74,534916,63.7,True,1,4029,0.75,2024
Uttar Pradesh,Uttar Pradesh PC 4,Candidate 2 (YSR),YSR,YSR,,165777,30.99,534916,64.0,False,2,0,0,2024
Uttar Pradesh,Uttar Pradesh PC 4,Candidate 3 (BJP),BJP,BJP,NDA,159493,29.82,534916,72.3,False,3,0,0,2024
Uttar Pradesh,Uttar Pradesh PC 4,Candidate 4 (OTH),OTH,OTH,,39839,7.45,534916,76.7,False,4,0,0,2024
Uttar Pradesh,Uttar Pradesh PC 5,Candidate 1 (BJP),BJP,BJP,NDA,401764,38.96,1031278,56.7,True,1,71332,6.92,2024
Uttar Pradesh,Uttar Pradesh PC 5,Candidate 2 (SP),SP,SP,INDIA,330432,32.04,1031278,65.6,False,2,0,0,2024
Uttar Pradesh,Uttar Pradesh PC 5,Candidate 3 (YSR),YSR,YSR,,299080,29.0,1031278,66.8,False,3,0,0,2024
Uttar Pradesh,Uttar Pradesh PC 6,Candidate 1 (BJP),BJP,BJP,NDA,221147,38.87,568963,62.8,True,1,56387,9.91,2024
Uttar Pradesh,Uttar Pradesh PC 6,Candidate 2 (YSR),YSR,YSR,,164760,28.96,568963,67.3,False,2,0,0,2024
Uttar Pradesh,Uttar Pradesh PC 6,Candidate 3 (OTH),OTH,OTH,,110493,19.42,568963,59.9,False,3,0,0,2024
Uttar Pradesh,Uttar Pradesh PC 6,Candidate 4 (TMC),TMC,TMC,INDIA,72561,12.75,568963,72.7,False,4,0,0,2024
Uttar Pradesh,Uttar Pradesh PC 7,Candidate 1 (YSR),YSR,YSR,,211458,38.82,544658,65.1,True,1,14437,2.65,2024
Uttar Pradesh,Uttar Pradesh PC 7,Candidate 2 (BJP),BJP,BJP,NDA,197021,36.17,544658,58.7,False,2,0,0,2024
Uttar Pradesh,Uttar Pradesh PC 7,Candidate 3 (JDU),JDU,JDU,NDA,68945,12.66,544658,66.1,False,3,0,0,2024
Uttar Pradesh,Uttar Pradesh PC 7,Candidate 4 (DMK),DMK,DMK,INDIA,67231,12.34,544658,73.9,False,4,0,0,2024
Uttar Pradesh,Uttar Pradesh PC 8,Candidate 1 (SP),SP,SP,INDIA,297060,30.99,958577,63.2,True,1,30253,3.16,2024
Uttar Pradesh,Uttar Pradesh PC 8,Candidate 2 (INC),INC,INC,INDIA,266807,27.83,958577,63.4,False,2,0,0,2024
Uttar Pradesh,Uttar Pradesh PC 8,Candidate 3 (BJP),BJP,BJP,NDA,245055,25.56,958577,55.8,False,3,0,0,2024
Uttar Pradesh,Uttar Pradesh PC 8,Candidate 4 (JDU),JDU,JDU,NDA,149653,15.61,958577,69.3,False,4,0,0,2024
Uttar Pradesh,Uttar Pradesh PC 9,Candidate 1 (BJP),BJP,BJP,NDA,354544,41.53,853657,58.9,True,1,94079,11.02,2024
Uttar Pradesh,Uttar Pradesh PC 9,Candidate 2 (TDP),TDP,TDP,NDA,260465,30.51,853657,64.0,False,2,0,0,2024
Uttar Pradesh,Uttar Pradesh PC 9,Candidate 3 (TMC),TMC,TMC,INDIA,129810,15.21,853657,71.2,False,3,0,0,2024
Uttar Pradesh,Uttar Pradesh PC 9,Candidate 4 (SP),SP,SP,INDIA,108837,12.75,853657,62.1,False,4,0,0,2024
Uttar Pradesh,Uttar Pradesh PC 10,Candidate 1 (BJP),BJP,BJP,NDA,294504,42.39,694772,71.0,True,1,86797,12.49,2024
Uttar Pradesh,Uttar Pradesh PC 10,Candidate 2 (SP),SP,SP,INDIA,207707,29.9,694772,69.4,False,2,0,0,2024
Uttar Pradesh,Uttar Pradesh PC 10,Candidate 3 (YSR),YSR,YSR,,192559,27.72,694772,61.8,False,3,0,0,2024
Uttar Pradesh,Uttar Pradesh PC 11,Candidate 1 (BJP),BJP,BJP,NDA,206361,28.3,729199,70.2,True,1,13237,1.82,2024
Uttar Pradesh,Uttar Pradesh PC 11,Candidate 2 (JDU),JDU,JDU,NDA,193124,26.48,729199,55.1,False,2,0,0,2024
Uttar Pradesh,Uttar Pradesh PC 11,Candidate 3 (TMC),TMC,TMC,INDIA,167397,22.96,729199,75.7,False,3,0,0,2024
Uttar Pradesh,Uttar Pradesh PC 11,Candidate 4 (SP),SP,SP,INDIA,162315,22.26,729199,65.9,False,4,0,0,2024
Uttar Pradesh,Uttar Pradesh PC 12,Candidate 1 (DMK),DMK,DMK,INDIA,117212,28.59,409936,64.1,True,1,653,0.16,2024
Uttar Pradesh,Uttar Pradesh PC 12,Candidate 2 (INC),INC,INC,INDIA,116559,28.43,409936,68.8,False,2,0,0,2024
Uttar Pradesh,Uttar Pradesh PC 12,Candidate 3 (BJP),BJP,BJP,NDA,101119,24.67,409936,68.2,False,3,0,0,2024
Uttar Pradesh,Uttar Pradesh PC 12,Candidate 4 (AIADMK),AIADMK,AIADMK,,75045,18.31,409936,60.2,False,4,0,0,2024
Uttar Pradesh,Uttar Pradesh PC 13,Candidate 1 (INC),INC,INC,INDIA,167304,33.52,499047,65.4,True,1,46010,9.22,2024
Uttar Pradesh,Uttar Pradesh PC 13,Candidate 2 (SP),SP,SP,INDIA,121294,24.31,499047,66.4,False,2,0,0,2024
Uttar Pradesh,Uttar Pradesh PC 13,Candidate 3 (BJP),BJP,BJP,NDA,92357,18.51,499047,69.7,False,3,0,0,2024
Uttar Pradesh,Uttar Pradesh PC 13,Candidate 4 (TMC),TMC,TMC,INDIA,67778,13.58,499047,64.3,False,4,0,0,2024
Uttar Pradesh,Uttar Pradesh PC 13,Candidate 5 (YSR),YSR,YSR,,50311,10.08,499047,58.9,False,5,0,0,2024
Uttar Pradesh,Uttar Pradesh PC 14,Candidate 1 (TMC),TMC,TMC,INDIA,384226,35.13,1093737,58.2,True,1,70298,6.43,2024
Uttar Pradesh,Uttar Pradesh PC 14,Candidate 2 (BJP),BJP,BJP,NDA,313928,28.7,1093737,55.1,False,2,0,0,2024
Uttar Pradesh,Uttar Pradesh PC 14,Candidate 3 (SP),SP,SP,INDIA,268265,24.53,1093737,56.4,False,3,0,0,2024
Uttar Pradesh,Uttar Pradesh PC 14,Candidate 4 (AIADMK),AIADMK,AIADMK,,127316,11.64,1093737,59.2,False,4,0,0,2024
Uttar Pradesh,Uttar Pradesh PC 15,Candidate 1 (AIADMK),AIADMK,AIADMK,,261148,31.19,837196,70.5,True,1,1806,0.22,2024
Uttar Pradesh,Uttar Pradesh PC 15,Candidate 2 (BJP),BJP,BJP,NDA,259342,30.98,837196,72.1,False,2,0,0,2024
Uttar Pradesh,Uttar Pradesh PC 15,Candidate 3 (OTH),OTH,OTH,,248009,29.62,837196,55.9,False,3,0,0,2024
Uttar Pradesh,Uttar Pradesh PC 15,Candidate 4 (INC),INC,INC,INDIA,68696,8.21,837196,62.8,False,4,0,0,2024
Uttar Pradesh,Uttar Pradesh PC 16,Candidate 1 (AIADMK),AIADMK,AIADMK,,227954,39.16,582143,70.2,True,1,49155,8.44,2024
Uttar Pradesh,Uttar Pradesh PC 16,Candidate 2 (BJP),BJP,BJP,NDA,178799,30.71,582143,63.4,False,2,0,0,2024
Uttar Pradesh,Uttar Pradesh PC 16,Candidate 3 (TMC),TMC,TMC,INDIA,146052,25.09,582143,56.7,False,3,0,0,2024
Uttar Pradesh,Uttar Pradesh PC 16,Candidate 4 (JDU),JDU,JDU,NDA,29337,5.04,582143,72.2,False,4,0,0,2024
Uttar Pradesh,Uttar Pradesh PC 17,Candidate 1 (SP),SP,SP,INDIA,355143,48.21,736658,56.0,True,1,169988,23.08,2024
Uttar Pradesh,Uttar Pradesh PC 17,Candidate 2 (BJP),BJP,BJP,NDA,185155,25.13,736658,74.0,False,2,0,0,2024
Uttar Pradesh,Uttar Pradesh PC 17,Candidate 3 (TMC),TMC,TMC,INDIA,106569,14.47,736658,62.4,False,3,0,0,2024
Uttar Pradesh,Uttar Pradesh PC 17,Candidate 4 (INC),INC,INC,INDIA,89789,12.19,736658,55.9,False,4,0,0,2024
Uttar Pradesh,Uttar Pradesh PC 18,Candidate 1 (BJP),BJP,BJP,NDA,213509,44.72,477410,73.9,True,1,25974,5.44,2024
Uttar Pradesh,Uttar Pradesh PC 18,Candidate 2 (YSR),YSR,YSR,,187535,39.28,477410,55.3,False,2,0,0,2024
Uttar Pradesh,Uttar Pradesh PC 18,Candidate 3 (TMC),TMC,TMC,INDIA,45888,9.61,477410,56.8,False,3,0,0,2024
Uttar Pradesh,Uttar Pradesh PC 18,Candidate 4 (INC),INC,INC,INDIA,30476,6.38,477410,62.9,False,4,0,0,2024
Uttar Pradesh,Uttar Pradesh PC 19,Candidate 1 (BJP),BJP,BJP,NDA,373681,51.76,721915,58.4,True,1,72593,10.06,2024
Uttar Pradesh,Uttar Pradesh PC 19,Candidate 2 (AIADMK),AIADMK,AIADMK,,301088,41.71,721915,76.4,False,2,0,0,2024
Uttar Pradesh,Uttar Pradesh PC 19,Candidate 3 (SP),SP,SP,INDIA,47145,6.53,721915,63.9,False,3,0,0,2024
Uttar Pradesh,Uttar Pradesh PC 20,Candidate 1 (SP),SP,SP,INDIA,160192,36.33,440951,75.5,True,1,17934,4.07,2024
Uttar Pradesh,Uttar Pradesh PC 20,Candidate 2 (DMK),DMK,DMK,INDIA,142258,32.26,440951,58.2,False,2,0,0,2024
Uttar Pradesh,Uttar Pradesh PC 20,Candidate 3 (OTH),OTH,OTH,,115160,26.12,440951,72.1,False,3,0,0,2024
Uttar Pradesh,Uttar Pradesh PC 20,Candidate 4 (BJP),BJP,BJP,NDA,23339,5.29,440951,58.2,False,4,0,0,2024
Uttar Pradesh,Uttar Pradesh PC 21,Candidate 1 (INC),INC,INC,INDIA,276833,39.1,708026,76.3,True,1,23704,3.35,2024
Uttar Pradesh,Uttar Pradesh PC 21,Candidate 2 (BRS),BRS,BRS,,253129,35.75,708026,70.2,False,2,0,0,2024
Uttar Pradesh,Uttar Pradesh PC 21,Candidate 3 (TMC),TMC,TMC,INDIA,68460,9.67,708026,55.9,False,3,0,0,2024
Uttar Pradesh,Uttar Pradesh PC 21,Candidate 4 (BJP),BJP,BJP,NDA,61849,8.74,708026,64.8,False,4,0,0,2024
Uttar Pradesh,Uttar Pradesh PC 21,Candidate 5 (OTH),OTH,OTH,,47752,6.74,708026,65.2,False,5,0,0,2024
Uttar Pradesh,Uttar Pradesh PC 22,Candidate 1 (BJP),BJP,BJP,NDA,356229,56.76,627585,70.9,True,1,84874,13.52,2024
Uttar Pradesh,Uttar Pradesh PC 22,Candidate 2 (INC),INC,INC,INDIA,271355,43.24,627585,61.6,False,2,0,0,2024
Uttar Pradesh,Uttar Pradesh PC 23,Candidate 1 (YSR),YSR,YSR,,238138,37.0,643699,66.7,True,1,37938,5.89,2024
Uttar Pradesh,Uttar Pradesh PC 23,Candidate 2 (TMC),TMC,TMC,INDIA,200200,31.1,643699,66.2,False,2,0,0,2024
Uttar Pradesh,Uttar Pradesh PC 23,Candidate 3 (AIADMK),AIADMK,AIADMK,,153175,23.8,643699,63.7,False,3,0,0,2024
Uttar Pradesh,Uttar Pradesh PC 23,Candidate 4 (INC),INC,INC,INDIA,52184,8.11,643699,67.2,False,4,0,0,2024
Uttar Pradesh,Uttar Pradesh PC 24,Candidate 1 (BJP),BJP,BJP,NDA,608942,52.88,1151603,76.0,True,1,319882,27.78,2024
Uttar Pradesh,Uttar Pradesh PC 24,Candidate 2 (DMK),DMK,DMK,INDIA,289060,25.1,1151603,58.5,False,2,0,0,2024
Uttar Pradesh,Uttar Pradesh PC 24,Candidate 3 (SP),SP,SP,INDIA,253600,22.02,1151603,64.0,False,3,0,0,2024
Uttar Pradesh,Uttar Pradesh PC 25,Candidate 1 (INC),INC,INC,INDIA,426047,35.65,1195162,63.0,True,1,37643,3.15,2024
Uttar Pradesh,Uttar Pradesh PC 25,Candidate 2 (JDU),JDU,JDU,NDA,388404,32.5,1195162,65.3,False,2,0,0,2024
Uttar Pradesh,Uttar Pradesh PC 25,Candidate 3 (OTH),OTH,OTH,,380710,31.85,1195162,67.9,False,3,0,0,2024
Uttar Pradesh,Uttar Pradesh PC 26,Candidate 1 (OTH),OTH,OTH,,172722,28.97,596120,67.0,True,1,15267,2.56,2024
Uttar Pradesh,Uttar Pradesh PC 26,Candidate 2 (BJP),BJP,BJP,NDA,157455,26.41,596120,61.7,False,2,0,0,2024
Uttar Pradesh,Uttar Pradesh PC 26,Candidate 3 (DMK),DMK,DMK,INDIA,136618,22.92,596120,61.0,False,3,0,0,2024
Uttar Pradesh,Uttar Pradesh PC 26,Candidate 4 (INC),INC,INC,INDIA,94570,15.86,596120,76.7,False,4,0,0,2024
Uttar Pradesh,Uttar Pradesh PC 26,Candidate 5 (SP),SP,SP,INDIA,34753,5.83,596120,69.9,False,5,0,0,2024
Uttar Pradesh,Uttar Pradesh PC 27,Candidate 1 (TMC),TMC,TMC,INDIA,418929,51.41,814875,68.1,True,1,22984,2.82,2024
Uttar Pradesh,Uttar Pradesh PC 27,Candidate 2 (BJP),BJP,BJP,NDA,395945,48.59,814875,63.7,False,2,0,0,2024
Uttar Pradesh,Uttar Pradesh PC 28,Candidate 1 (SP),SP,SP,INDIA,204565,29.19,700920,77.5,True,1,51474,7.34,2024
Uttar Pradesh,Uttar Pradesh PC 28,Candidate 2 (BJP),BJP,BJP,NDA,153091,21.84,700920,61.9,False,2,0,0,2024
Uttar Pradesh,Uttar Pradesh PC 28,Candidate 3 (INC),INC,INC,INDIA,135440,19.32,700920,61.5,False,3,0,0,2024
Uttar Pradesh,Uttar Pradesh PC 28,Candidate 4 (AIADMK),AIADMK,AIADMK,,111147,15.86,700920,69.1,False,4,0,0,2024
Uttar Pradesh,Uttar Pradesh PC 28,Candidate 5 (YSR),YSR,YSR,,96674,13.79,700920,67.9,False,5,0,0,2024
Uttar Pradesh,Uttar Pradesh PC 29,Candidate 1 (TMC),TMC,TMC,INDIA,483641,43.85,1102930,71.3,True,1,16770,1.52,2024
Uttar Pradesh,Uttar Pradesh PC 29,Candidate 2 (BJP),BJP,BJP,NDA,466871,42.33,1102930,76.4,False,2,0,0,2024
Uttar Pradesh,Uttar Pradesh PC 29,Candidate 3 (BRS),BRS,BRS,,152416,13.82,1102930,57.1,False,3,0,0,2024
Uttar Pradesh,Uttar Pradesh PC 30,Candidate 1 (SP),SP,SP,INDIA,456966,40.15,1138268,75.2,True,1,172283,15.14,2024
Uttar Pradesh,Uttar Pradesh PC 30,Candidate 2 (YSR),YSR,YSR,,284683,25.01,1138268,63.2,False,2,0,0,2024
Uttar Pradesh,Uttar Pradesh PC 30,Candidate 3 (INC),INC,INC,INDIA,274861,24.15,1138268,61.5,False,3,0,0,2024
Uttar Pradesh,Uttar Pradesh PC 30,Candidate 4 (BJP),BJP,BJP,NDA,121755,10.7,1138268,67.3,False,4,0,0,2024
Uttar Pradesh,Uttar Pradesh PC 31,Candidate 1 (BRS),BRS,BRS,,315953,50.19,629544,58.9,True,1,2363,0.38,2024
Uttar Pradesh,Uttar Pradesh PC 31,Candidate 2 (BJP),BJP,BJP,NDA,313590,49.81,629544,69.2,False,2,0,0,2024
Uttar Pradesh,Uttar Pradesh PC 32,Candidate 1 (OTH),OTH,OTH,,466421,41.39,1127000,77.9,True,1,86125,7.64,2024
Uttar Pradesh,Uttar Pradesh PC 32,Candidate 2 (TMC),TMC,TMC,INDIA,380296,33.74,1127000,69.8,False,2,0,0,2024
Uttar Pradesh,Uttar Pradesh PC 32,Candidate 3 (BJP),BJP,BJP,NDA,203022,18.01,1127000,71.0,False,3,0,0,2024
Uttar Pradesh,Uttar Pradesh PC 32,Candidate 4 (INC),INC,INC,INDIA,77259,6.86,1127000,60.2,False,4,0,0,2024
Uttar Pradesh,Uttar Pradesh PC 33,Candidate 1 (BJP),BJP,BJP,NDA,234859,32.92,713339,76.0,True,1,51849,7.27,2024
Uttar Pradesh,Uttar Pradesh PC 33,Candidate 2 (SP),SP,SP,INDIA,183010,25.66,713339,74.3,False,2,0,0,2024
Uttar Pradesh,Uttar Pradesh PC 33,Candidate 3 (INC),INC,INC,INDIA,176835,24.79,713339,62.8,False,3,0,0,2024
Uttar Pradesh,Uttar Pradesh PC 33,Candidate 4 (YSR),YSR,YSR,,87878,12.32,713339,76.5,False,4,0,0,2024
Uttar Pradesh,Uttar Pradesh PC 33,Candidate 5 (AIADMK),AIADMK,AIADMK,,30755,4.31,713339,62.8,False,5,0,0,2024
Uttar Pradesh,Uttar Pradesh PC 34,Candidate 1 (SP),SP,SP,INDIA,210919,29.2,722416,73.4,True,1,17209,2.38,2024
Uttar Pradesh,Uttar Pradesh PC 34,Candidate 2 (INC),INC,INC,INDIA,193710,26.81,722416,67.9,False,2,0,0,2024
Uttar Pradesh,Uttar Pradesh PC 34,Candidate 3 (OTH),OTH,OTH,,163527,22.64,722416,55.5,False,3,0,0,2024
Uttar Pradesh,Uttar Pradesh PC 34,Candidate 4 (BJP),BJP,BJP,NDA,154258,21.35,722416,76.9,False,4,0,0,2024
Uttar Pradesh,Uttar Pradesh PC 35,Candidate 1 (SP),SP,SP,INDIA,429222,39.97,1073898,68.0,True,1,87257,8.13,2024
Uttar Pradesh,Uttar Pradesh PC 35,Candidate 2 (TDP),TDP,TDP,NDA,341965,31.84,1073898,63.9,False,2,0,0,2024
Uttar Pradesh,Uttar Pradesh PC 35,Candidate 3 (BJP),BJP,BJP,NDA,302709,28.19,1073898,77.4,False,3,0,0,2024
Uttar Pradesh,Uttar Pradesh PC 36,Candidate 1 (BJP),BJP,BJP,NDA,480276,52.38,916829,56.0,True,1,43724,4.77,2024
Uttar Pradesh,Uttar Pradesh PC 36,Candidate 2 (SP),SP,SP,INDIA,436552,47.62,916829,55.4,False,2,0,0,2024
Uttar Pradesh,Uttar Pradesh PC 37,Candidate 1 (INC),INC,INC,INDIA,215367,29.36,733452,78.0,True,1,27397,3.74,2024
Uttar Pradesh,Uttar Pradesh PC 37,Candidate 2 (AIADMK),AIADMK,AIADMK,,187970,25.63,733452,57.2,False,2,0,0,2024
Uttar Pradesh,Uttar Pradesh PC 37,Candidate 3 (BJP),BJP,BJP,NDA,167448,22.83,733452,55.1,False,3,0,0,2024
Uttar Pradesh,Uttar Pradesh PC 37,Candidate 4 (SP),SP,SP,INDIA,162664,22.18,733452,68.4,False,4,0,0,2024
Uttar Pradesh,Uttar Pradesh PC 38,Candidate 1 (TMC),TMC,TMC,INDIA,305936,34.07,898033,68.3,True,1,65340,7.28,2024
Uttar Pradesh,Uttar Pradesh PC 38,Candidate 2 (BJP),BJP,BJP,NDA,240596,26.79,898033,73.4,False,2,0,0,2024
Uttar Pradesh,Uttar Pradesh PC 38,Candidate 3 (INC),INC,INC,INDIA,210776,23.47,898033,74.9,False,3,0,0,2024
Uttar Pradesh,Uttar Pradesh PC 38,Candidate 4 (SP),SP,SP,INDIA,140722,15.67,898033,59.7,False,4,0,0,2024
Uttar Pradesh,Uttar Pradesh PC 39,Candidate 1 (YSR),YSR,YSR,,366710,33.9,1081862,75.2,True,1,42215,3.9,2024
Uttar Pradesh,Uttar Pradesh PC 39,Candidate 2 (BJP),BJP,BJP,NDA,324495,29.99,1081862,61.6,False,2,0,0,2024
Uttar Pradesh,Uttar Pradesh PC 39,Candidate 3 (INC),INC,INC,INDIA,307986,28.47,1081862,66.5,False,3,0,0,2024
Uttar Pradesh,Uttar Pradesh PC 39,Candidate 4 (AIADMK),AIADMK,AIADMK,,82669,7.64,1081862,76.1,False,4,0,0,2024
Uttar Pradesh,Uttar Pradesh PC 40,Candidate 1 (OTH),OTH,OTH,,465268,41.53,1120236,64.4,True,1,160432,14.32,2024
Uttar Pradesh,Uttar Pradesh PC 40,Candidate 2 (INC),INC,INC,INDIA,304836,27.21,1120236,55.3,False,2,0,0,2024
Uttar Pradesh,Uttar Pradesh PC 40,Candidate 3 (DMK),DMK,DMK,INDIA,252542,22.54,1120236,71.3,False,3,0,0,2024
Uttar Pradesh,Uttar Pradesh PC 40,Candidate 4 (BRS),BRS,BRS,,97588,8.71,1120236,63.1,False,4,0,0,2024
Uttar Pradesh,Uttar Pradesh PC 41,Candidate 1 (BJP),BJP,BJP,NDA,650779,69.73,933295,72.3,True,1,368264,39.46,2024
Uttar Pradesh,Uttar Pradesh PC 41,Candidate 2 (TDP),TDP,TDP,NDA,282515,30.27,933295,60.3,False,2,0,0,2024
Uttar Pradesh,Uttar Pradesh PC 42,Candidate 1 (BJP),BJP,BJP,NDA,344945,39.17,880583,74.9,True,1,38633,4.39,2024
Uttar Pradesh,Uttar Pradesh PC 42,Candidate 2 (OTH),OTH,OTH,,306312,34.79,880583,71.9,False,2,0,0,2024
Uttar Pradesh,Uttar Pradesh PC 42,Candidate 3 (AIADMK),AIADMK,AIADMK,,229325,26.04,880583,70.3,False,3,0,0,2024
Uttar Pradesh,Uttar Pradesh PC 43,Candidate 1 (INC),INC,INC,INDIA,418615,43.04,972572,64.6,True,1,15989,1.64,2024
Uttar Pradesh,Uttar Pradesh PC 43,Candidate 2 (BJP),BJP,BJP,NDA,402626,41.4,972572,67.8,False,2,0,0,2024
Uttar Pradesh,Uttar Pradesh PC 43,Candidate 3 (BRS),BRS,BRS,,85205,8.76,972572,56.1,False,3,0,0,2024
Uttar Pradesh,Uttar Pradesh PC 43,Candidate 4 (AIADMK),AIADMK,AIADMK,,66123,6.8,972572,73.0,False,4,0,0,2024
Uttar Pradesh,Uttar Pradesh PC 44,Candidate 1 (OTH),OTH,OTH,,321344,30.57,1051041,71.2,True,1,12950,1.23,2024
Uttar Pradesh,Uttar Pradesh PC 44,Candidate 2 (JDU),JDU,JDU,NDA,308394,29.34,1051041,61.9,False,2,0,0,2024
Uttar Pradesh,Uttar Pradesh PC 44,Candidate 3 (BJP),BJP,BJP,NDA,233788,22.24,1051041,65.4,False,3,0,0,2024
Uttar Pradesh,Uttar Pradesh PC 44,Candidate 4 (TDP),TDP,TDP,NDA,128130,12.19,1051041,61.2,False,4,0,0,2024
Uttar Pradesh,Uttar Pradesh PC 44,Candidate 5 (DMK),DMK,DMK,INDIA,59382,5.65,1051041,77.6,False,5,0,0,2024
Uttar Pradesh,Uttar Pradesh PC 45,Candidate 1 (BJP),BJP,BJP,NDA,558591,54.06,1033247,61.4,True,1,227287,22.0,2024
Uttar Pradesh,Uttar Pradesh PC 45,Candidate 2 (INC),INC,INC,INDIA,331304,32.06,1033247,71.5,False,2,0,0,2024
Uttar Pradesh,Uttar Pradesh PC 45,Candidate 3 (SP),SP,SP,INDIA,143350,13.87,1033247,67.2,False,3,0,0,2024
Uttar Pradesh,Uttar Pradesh PC 46,Candidate 1 (BJP),BJP,BJP,NDA,410583,36.83,1114716,65.3,True,1,29187,2.62,2024
Uttar Pradesh,Uttar Pradesh PC 46,Candidate 2 (OTH),OTH,OTH,,381396,34.21,1114716,62.2,False,2,0,0,2024
Uttar Pradesh,Uttar Pradesh PC 46,Candidate 3 (AIADMK),AIADMK,AIADMK,,259820,23.31,1114716,57.6,False,3,0,0,2024
Uttar Pradesh,Uttar Pradesh PC 46,Candidate 4 (SP),SP,SP,INDIA,62914,5.64,1114716,76.2,False,4,0,0,2024
Uttar Pradesh,Uttar Pradesh PC 47,Candidate 1 (TMC),TMC,TMC,INDIA,235533,32.36,727874,77.5,True,1,3220,0.44,2024
Uttar Pradesh,Uttar Pradesh PC 47,Candidate 2 (SP),SP,SP,INDIA,232313,31.92,727874,60.8,False,2,0,0,2024
Uttar Pradesh,Uttar Pradesh PC 47,Candidate 3 (BJP),BJP,BJP,NDA,164473,22.6,727874,68.1,False,3,0,0,2024
Uttar Pradesh,Uttar Pradesh PC 47,Candidate 4 (INC),INC,INC,INDIA,95553,13.13,727874,75.4,False,4,0,0,2024
Uttar Pradesh,Uttar Pradesh PC 48,Candidate 1 (YSR),YSR,YSR,,243272,29.43,826569,74.3,True,1,36924,4.47,2024
Uttar Pradesh,Uttar Pradesh PC 48,Candidate 2 (BJP),BJP,BJP,NDA,206348,24.96,826569,65.7,False,2,0,0,2024
Uttar Pradesh,Uttar Pradesh PC 48,Candidate 3 (SP),SP,SP,INDIA,187570,22.69,826569,76.0,False,3,0,0,2024
Uttar Pradesh,Uttar Pradesh PC 48,Candidate 4 (TMC),TMC,TMC,INDIA,122075,14.77,826569,59.5,False,4,0,0,2024
Uttar Pradesh,Uttar Pradesh PC 48,Candidate 5 (INC),INC,INC,INDIA,67302,8.14,826569,69.1,False,5,0,0,2024
Uttar Pradesh,Uttar Pradesh PC 49,Candidate 1 (INC),INC,INC,INDIA,691763,59.93,1154202,60.3,True,1,438035,37.95,2024
Uttar Pradesh,Uttar Pradesh PC 49,Candidate 2 (BRS),BRS,BRS,,253728,21.98,1154202,76.9,False,2,0,0,2024
Uttar Pradesh,Uttar Pradesh PC 49,Candidate 3 (BJP),BJP,BJP,NDA,127040,11.01,1154202,73.3,False,3,0,0,2024
Uttar Pradesh,Uttar Pradesh PC 49,Candidate 4 (SP),SP,SP,INDIA,81669,7.08,1154202,66.7,False,4,0,0,2024
Uttar Pradesh,Uttar Pradesh PC 50,Candidate 1 (DMK),DMK,DMK,INDIA,110695,26.83,412610,69.4,True,1,4241,1.03,2024
Uttar Pradesh,Uttar Pradesh PC 50,Candidate 2 (BJP),BJP,BJP,NDA,106454,25.8,412610,57.3,False,2,0,0,2024
Uttar Pradesh,Uttar Pradesh PC 50,Candidate 3 (SP),SP,SP,INDIA,87034,21.09,412610,65.9,False,3,0,0,2024
Uttar Pradesh,Uttar Pradesh PC 50,Candidate 4 (BRS),BRS,BRS,,38333,9.29,412610,65.9,False,4,0,0,2024
Uttar Pradesh,Uttar Pradesh PC 50,Candidate 5 (OTH),OTH,OTH,,36293,8.8,412610,60.2,False,5,0,0,2024
Uttar Pradesh,Uttar Pradesh PC 50,Candidate 6 (TMC),TMC,TMC,INDIA,33798,8.19,412610,58.9,False,6,0,0,2024
Uttar Pradesh,Uttar Pradesh PC 51,Candidate 1 (BJP),BJP,BJP,NDA,379990,32.89,1155336,70.8,True,1,61442,5.32,2024
Uttar Pradesh,Uttar Pradesh PC 51,Candidate 2 (TMC),TMC,TMC,INDIA,318548,27.57,1155336,71.8,False,2,0,0,2024
Uttar Pradesh,Uttar Pradesh PC 51,Candidate 3 (YSR),YSR,YSR,,269804,23.35,1155336,75.7,False,3,0,0,2024
Uttar Pradesh,Uttar Pradesh PC 51,Candidate 4 (INC),INC,INC,INDIA,186991,16.19,1155336,57.7,False,4,0,0,2024
Uttar Pradesh,Uttar Pradesh PC 52,Candidate 1 (OTH),OTH,OTH,,342284,32.66,1047893,61.0,True,1,26302,2.51,2024
Uttar Pradesh,Uttar Pradesh PC 52,Candidate 2 (INC),INC,INC,INDIA,315982,30.15,1047893,60.7,False,2,0,0,2024
Uttar Pradesh,Uttar Pradesh PC 52,Candidate 3 (AIADMK),AIADMK,AIADMK,,284140,27.12,1047893,62.6,False,3,0,0,2024
Uttar Pradesh,Uttar Pradesh PC 52,Candidate 4 (BJP),BJP,BJP,NDA,105486,10.07,1047893,67.2,False,4,0,0,2024
Uttar Pradesh,Uttar Pradesh PC 53,Candidate 1 (INC),INC,INC,INDIA,401954,38.33,1048574,57.8,True,1,48511,4.63,2024
Uttar Pradesh,Uttar Pradesh PC 53,Candidate 2 (TMC),TMC,TMC,INDIA,353443,33.71,1048574,60.6,False,2,0,0,2024
Uttar Pradesh,Uttar Pradesh PC 53,Candidate 3 (BJP),BJP,BJP,NDA,247454,23.6,1048574,72.3,False,3,0,0,2024
Uttar Pradesh,Uttar Pradesh PC 53,Candidate 4 (SP),SP,SP,INDIA,45721,4.36,1048574,57.3,False,4,0,0,2024
Uttar Pradesh,Uttar Pradesh PC 54,Candidate 1 (BJP),BJP,BJP,NDA,227669,34.07,668316,64.8,True,1,6036,0.9,2024
Uttar Pradesh,Uttar Pradesh PC 54,Candidate 2 (SP),SP,SP,INDIA,221633,33.16,668316,61.1,False,2,0,0,2024
Uttar Pradesh,Uttar Pradesh PC 54,Candidate 3 (INC),INC,INC,INDIA,219013,32.77,668316,64.2,False,3,0,0,2024
Uttar Pradesh,Uttar Pradesh PC 55,Candidate 1 (YSR),YSR,YSR,,235114,28.58,822610,77.5,True,1,59823,7.27,2024
Uttar Pradesh,Uttar Pradesh PC 55,Candidate 2 (BJP),BJP,BJP,NDA,175291,21.31,822610,70.7,False,2,0,0,2024
Uttar Pradesh,Uttar Pradesh PC 55,Candidate 3 (TDP),TDP,TDP,NDA,153974,18.72,822610,69.5,False,3,0,0,2024
Uttar Pradesh,Uttar Pradesh PC 55,Candidate 4 (OTH),OTH,OTH,,146217,17.77,822610,56.1,False,4,0,0,2024
Uttar Pradesh,Uttar Pradesh PC 55,Candidate 5 (INC),INC,INC,INDIA,112012,13.62,822610,55.9,False,5,0,0,2024
Uttar Pradesh,Uttar Pradesh PC 56,Candidate 1 (BJP),BJP,BJP,NDA,263194,28.67,918116,56.5,True,1,46760,5.09,2024
Uttar Pradesh,Uttar Pradesh PC 56,Candidate 2 (SP),SP,SP,INDIA,216434,23.57,918116,68.1,False,2,0,0,2024
Uttar Pradesh,Uttar Pradesh PC 56,Candidate 3 (DMK),DMK,DMK,INDIA,181924,19.82,918116,58.0,False,3,0,0,2024
Uttar Pradesh,Uttar Pradesh PC 56,Candidate 4 (AIADMK),AIADMK,AIADMK,,171868,18.72,918116,72.5,False,4,0,0,2024
Uttar Pradesh,Uttar Pradesh PC 56,Candidate 5 (TDP),TDP,TDP,NDA,84693,9.22,918116,77.3,False,5,0,0,2024
Uttar Pradesh,Uttar Pradesh PC 57,Candidate 1 (SP),SP,SP,INDIA,295263,33.5,881367,72.5,True,1,21560,2.45,2024
Uttar Pradesh,Uttar Pradesh PC 57,Candidate 2 (JDU),JDU,JDU,NDA,273703,31.05,881367,62.3,False,2,0,0,2024
Uttar Pradesh,Uttar Pradesh PC 57,Candidate 3 (BJP),BJP,BJP,NDA,215437,24.44,881367,76.8,False,3,0,0,2024
Uttar Pradesh,Uttar Pradesh PC 57,Candidate 4 (BRS),BRS,BRS,,96961,11.0,881367,74.2,False,4,0,0,2024
Uttar Pradesh,Uttar Pradesh PC 58,Candidate 1 (BJP),BJP,BJP,NDA,295561,48.47,609788,72.9,True,1,41834,6.86,2024
Uttar Pradesh,Uttar Pradesh PC 58,Candidate 2 (BRS),BRS,BRS,,253727,41.61,609788,72.2,False,2,0,0,2024
Uttar Pradesh,Uttar Pradesh PC 58,Candidate 3 (INC),INC,INC,INDIA,60499,9.92,609788,60.9,False,3,0,0,2024
Uttar Pradesh,Uttar Pradesh PC 59,Candidate 1 (DMK),DMK,DMK,INDIA,431782,45.12,956963,55.5,True,1,128981,13.48,2024
Uttar Pradesh,Uttar Pradesh PC 59,Candidate 2 (BJP),BJP,BJP,NDA,302801,31.64,956963,65.7,False,2,0,0,2024
Uttar Pradesh,Uttar Pradesh PC 59,Candidate 3 (INC),INC,INC,INDIA,222379,23.24,956963,73.7,False,3,0,0,2024
Uttar Pradesh,Uttar Pradesh PC 60,Candidate 1 (DMK),DMK,DMK,INDIA,168480,31.81,529647,67.1,True,1,4517,0.85,2024
Uttar Pradesh,Uttar Pradesh PC 60,Candidate 2 (TMC),TMC,TMC,INDIA,163963,30.96,529647,72.2,False,2,0,0,2024
Uttar Pradesh,Uttar Pradesh PC 60,Candidate 3 (INC),INC,INC,INDIA,151826,28.67,529647,71.4,False,3,0,0,2024
Uttar Pradesh,Uttar Pradesh PC 60,Candidate 4 (BJP),BJP,BJP,NDA,45376,8.57,529647,70.4,False,4,0,0,2024
Uttar Pradesh,Uttar Pradesh PC 61,Candidate 1 (SP),SP,SP,INDIA,263737,38.62,682927,70.1,True,1,61152,8.95,2024
Uttar Pradesh,Uttar Pradesh PC 61,Candidate 2 (OTH),OTH,OTH,,202585,29.66,682927,77.9,False,2,0,0,2024
Uttar Pradesh,Uttar Pradesh PC 61,Candidate 3 (BJP),BJP,BJP,NDA,91710,13.43,682927,73.6,False,3,0,0,2024
Uttar Pradesh,Uttar Pradesh PC 61,Candidate 4 (JDU),JDU,JDU,NDA,84412,12.36,682927,61.1,False,4,0,0,2024
Uttar Pradesh,Uttar Pradesh PC 61,Candidate 5 (INC),INC,INC,INDIA,40480,5.93,682927,67.8,False,5,0,0,2024
Uttar Pradesh,Uttar Pradesh PC 62,Candidate 1 (INC),INC,INC,INDIA,204286,38.34,532762,68.5,True,1,39254,7.37,2024
Uttar Pradesh,Uttar Pradesh PC 62,Candidate 2 (BJP),BJP,BJP,NDA,165032,30.98,532762,75.5,False,2,0,0,2024
Uttar Pradesh,Uttar Pradesh PC 62,Candidate 3 (BRS),BRS,BRS,,140326,26.34,532762,60.7,False,3,0,0,2024
Uttar Pradesh,Uttar Pradesh PC 62,Candidate 4 (SP),SP,SP,INDIA,23117,4.34,532762,65.9,False,4,0,0,2024
Uttar Pradesh,Uttar Pradesh PC 63,Candidate 1 (BJP),BJP,BJP,NDA,248544,26.94,922465,73.4,True,1,10259,1.11,2024
Uttar Pradesh,Uttar Pradesh PC 63,Candidate 2 (INC),INC,INC,INDIA,238285,25.83,922465,64.0,False,2,0,0,2024
Uttar Pradesh,Uttar Pradesh PC 63,Candidate 3 (YSR),YSR,YSR,,225172,24.41,922465,68.9,False,3,0,0,2024
Uttar Pradesh,Uttar Pradesh PC 63,Candidate 4 (SP),SP,SP,INDIA,210462,22.82,922465,71.4,False,4,0,0,2024
Uttar Pradesh,Uttar Pradesh PC 64,Candidate 1 (INC),INC,INC,INDIA,236718,48.26,490514,63.8,True,1,95842,19.54,2024
Uttar Pradesh,Uttar Pradesh PC 64,Candidate 2 (BJP),BJP,BJP,NDA,140876,28.72,490514,67.2,False,2,0,0,2024
Uttar Pradesh,Uttar Pradesh PC 64,Candidate 3 (DMK),DMK,DMK,INDIA,112918,23.02,490514,56.7,False,3,0,0,2024
Uttar Pradesh,Uttar Pradesh PC 65,Candidate 1 (DMK),DMK,DMK,INDIA,329909,35.81,921385,68.6,True,1,58042,6.3,2024
Uttar Pradesh,Uttar Pradesh PC 65,Candidate 2 (BJP),BJP,BJP,NDA,271867,29.51,921385,67.3,False,2,0,0,2024
Uttar Pradesh,Uttar Pradesh PC 65,Candidate 3 (INC),INC,INC,INDIA,121726,13.21,921385,67.1,False,3,0,0,2024
Uttar Pradesh,Uttar Pradesh PC 65,Candidate 4 (OTH),OTH,OTH,,113308,12.3,921385,59.9,False,4,0,0,2024
Uttar Pradesh,Uttar Pradesh PC 65,Candidate 5 (YSR),YSR,YSR,,84572,9.18,921385,58.3,False,5,0,0,2024
Uttar Pradesh,Uttar Pradesh PC 66,Candidate 1 (INC),INC,INC,INDIA,380304,46.56,816734,74.1,True,1,17172,2.1,2024
Uttar Pradesh,Uttar Pradesh PC 66,Candidate 2 (BJP),BJP,BJP,NDA,363132,44.46,816734,68.3,False,2,0,0,2024
Uttar Pradesh,Uttar Pradesh PC 66,Candidate 3 (OTH),OTH,OTH,,73296,8.97,816734,58.8,False,3,0,0,2024
Uttar Pradesh,Uttar Pradesh PC 67,Candidate 1 (JDU),JDU,JDU,NDA,240763,39.0,617356,70.0,True,1,55546,9.0,2024
Uttar Pradesh,Uttar Pradesh PC 67,Candidate 2 (BJP),BJP,BJP,NDA,185217,30.0,617356,62.9,False,2,0,0,2024
Uttar Pradesh,Uttar Pradesh PC 67,Candidate 3 (AIADMK),AIADMK,AIADMK,,156964,25.43,617356,58.2,False,3,0,0,2024
Uttar Pradesh,Uttar Pradesh PC 67,Candidate 4 (INC),INC,INC,INDIA,34409,5.57,617356,74.3,False,4,0,0,2024
Uttar Pradesh,Uttar Pradesh PC 68,Candidate 1 (YSR),YSR,YSR,,170596,21.44,795860,75.1,True,1,1004,0.13,2024
Uttar Pradesh,Uttar Pradesh PC 68,Candidate 2 (BRS),BRS,BRS,,169592,21.31,795860,56.8,False,2,0,0,2024
Uttar Pradesh,Uttar Pradesh PC 68,Candidate 3 (INC),INC,INC,INDIA,168697,21.2,795860,63.0,False,3,0,0,2024
Uttar Pradesh,Uttar Pradesh PC 68,Candidate 4 (BJP),BJP,BJP,NDA,149004,18.72,795860,74.4,False,4,0,0,2024
Uttar Pradesh,Uttar Pradesh PC 68,Candidate 5 (OTH),OTH,OTH,,137968,17.34,795860,74.9,False,5,0,0,2024
Uttar Pradesh,Uttar Pradesh PC 69,Candidate 1 (JDU),JDU,JDU,NDA,237157,49.63,477830,62.3,True,1,90231,18.88,2024
Uttar Pradesh,Uttar Pradesh PC 69,Candidate 2 (BJP),BJP,BJP,NDA,146926,30.75,477830,77.6,False,2,0,0,2024
Uttar Pradesh,Uttar Pradesh PC 69,Candidate 3 (SP),SP,SP,INDIA,93745,19.62,477830,55.8,False,3,0,0,2024
Uttar Pradesh,Uttar Pradesh PC 70,Candidate 1 (JDU),JDU,JDU,NDA,195139,31.22,624968,56.6,True,1,5683,0.91,2024
Uttar Pradesh,Uttar Pradesh PC 70,Candidate 2 (BJP),BJP,BJP,NDA,189456,30.31,624968,55.3,False,2,0,0,2024
Uttar Pradesh,Uttar Pradesh PC 70,Candidate 3 (BRS),BRS,BRS,,167177,26.75,624968,66.1,False,3,0,0,2024
Uttar Pradesh,Uttar Pradesh PC 70,Candidate 4 (DMK),DMK,DMK,INDIA,73194,11.71,624968,74.6,False,4,0,0,2024
Uttar Pradesh,Uttar Pradesh PC 71,Candidate 1 (AIADMK),AIADMK,AIADMK,,262960,30.09,873901,67.0,True,1,2836,0.32,2024
Uttar Pradesh,Uttar Pradesh PC 71,Candidate 2 (SP),SP,SP,INDIA,260124,29.77,873901,57.3,False,2,0,0,2024
Uttar Pradesh,Uttar Pradesh PC 71,Candidate 3 (DMK),DMK,DMK,INDIA,186187,21.31,873901,77.4,False,3,0,0,2024
Uttar Pradesh,Uttar Pradesh PC 71,Candidate 4 (YSR),YSR,YSR,,118158,13.52,873901,55.1,False,4,0,0,2024
Uttar Pradesh,Uttar Pradesh PC 71,Candidate 5 (BJP),BJP,BJP,NDA,46471,5.32,873901,67.5,False,5,0,0,2024
Uttar Pradesh,Uttar Pradesh PC 72,Candidate 1 (BJP),BJP,BJP,NDA,133086,23.52,565789,75.5,True,1,6724,1.19,2024
Uttar Pradesh,Uttar Pradesh PC 72,Candidate 2 (IND),IND,IND,,126362,22.33,565789,68.0,False,2,0,0,2024
Uttar Pradesh,Uttar Pradesh PC 72,Candidate 3 (SP),SP,SP,INDIA,123110,21.76,565789,69.6,False,3,0,0,2024
Uttar Pradesh,Uttar Pradesh PC 72,Candidate 4 (INC),INC,INC,INDIA,117191,20.71,565789,63.8,False,4,0,0,2024
Uttar Pradesh,Uttar Pradesh PC 72,Candidate 5 (TMC),TMC,TMC,INDIA,66038,11.67,565789,62.9,False,5,0,0,2024
Uttar Pradesh,Uttar Pradesh PC 73,Candidate 1 (JDU),JDU,JDU,NDA,270923,38.68,700354,56.7,True,1,38662,5.52,2024
Uttar Pradesh,Uttar Pradesh PC 73,Candidate 2 (INC),INC,INC,INDIA,232261,33.16,700354,57.4,False,2,0,0,2024
Uttar Pradesh,Uttar Pradesh PC 73,Candidate 3 (BJP),BJP,BJP,NDA,197169,28.15,700354,68.1,False,3,0,0,2024
Uttar Pradesh,Uttar Pradesh PC 74,Candidate 1 (TMC),TMC,TMC,INDIA,286521,25.83,1109298,56.7,True,1,22171,2.0,2024
Uttar Pradesh,Uttar Pradesh PC 74,Candidate 2 (JDU),JDU,JDU,NDA,264350,23.83,1109298,76.2,False,2,0,0,2024
Uttar Pradesh,Uttar Pradesh PC 74,Candidate 3 (INC),INC,INC,INDIA,263865,23.79,1109298,74.8,False,3,0,0,2024
Uttar Pradesh,Uttar Pradesh PC 74,Candidate 4 (BJP),BJP,BJP,NDA,252239,22.74,1109298,62.1,False,4,0,0,2024
Uttar Pradesh,Uttar Pradesh PC 74,Candidate 5 (DMK),DMK,DMK,INDIA,42320,3.82,1109298,75.9,False,5,0,0,2024
Uttar Pradesh,Uttar Pradesh PC 75,Candidate 1 (BJP),BJP,BJP,NDA,471471,43.16,1092304,61.3,True,1,223155,20.43,2024
Uttar Pradesh,Uttar Pradesh PC 75,Candidate 2 (INC),INC,INC,INDIA,248316,22.73,1092304,64.0,False,2,0,0,2024
Uttar Pradesh,Uttar Pradesh PC 75,Candidate 3 (TMC),TMC,TMC,INDIA,189541,17.35,1092304,64.3,False,3,0,0,2024
Uttar Pradesh,Uttar Pradesh PC 75,Candidate 4 (SP),SP,SP,INDIA,182975,16.75,1092304,70.3,False,4,0,0,2024
Uttar Pradesh,Uttar Pradesh PC 76,Candidate 1 (INC),INC,INC,INDIA,246332,31.61,779314,70.4,True,1,33212,4.26,2024
Uttar Pradesh,Uttar Pradesh PC 76,Candidate 2 (AIADMK),AIADMK,AIADMK,,213120,27.35,779314,63.6,False,2,0,0,2024
Uttar Pradesh,Uttar Pradesh PC 76,Candidate 3 (BJP),BJP,BJP,NDA,168851,21.67,779314,63.3,False,3,0,0,2024
Uttar Pradesh,Uttar Pradesh PC 76,Candidate 4 (TMC),TMC,TMC,INDIA,151009,19.38,779314,63.9,False,4,0,0,2024
Uttar Pradesh,Uttar Pradesh PC 77,Candidate 1 (BRS),BRS,BRS,,232629,23.37,995620,70.1,True,1,27054,2.72,2024
Uttar Pradesh,Uttar Pradesh PC 77,Candidate 2 (JDU),JDU,JDU,NDA,205575,20.65,995620,77.0,False,2,0,0,2024
Uttar Pradesh,Uttar Pradesh PC 77,Candidate 3 (BJP),BJP,BJP,NDA,192320,19.32,995620,70.1,False,3,0,0,2024
Uttar Pradesh,Uttar Pradesh PC 77,Candidate 4 (AIADMK),AIADMK,AIADMK,,190003,19.08,995620,75.7,False,4,0,0,2024
Uttar Pradesh,Uttar Pradesh PC 77,Candidate 5 (IND),IND,IND,,175091,17.59,995620,62.7,False,5,0,0,2024
Uttar Pradesh,Uttar Pradesh PC 78,Candidate 1 (DMK),DMK,DMK,INDIA,153516,36.9,415983,56.1,True,1,21447,5.16,2024
Uttar Pradesh,Uttar Pradesh PC 78,Candidate 2 (IND),IND,IND,,132069,31.75,415983,57.0,False,2,0,0,2024
Uttar Pradesh,Uttar Pradesh PC 78,Candidate 3 (BJP),BJP,BJP,NDA,130397,31.35,415983,71.1,False,3,0,0,2024
Uttar Pradesh,Uttar Pradesh PC 79,Candidate 1 (DMK),DMK,DMK,INDIA,142654,34.97,407879,71.6,True,1,11176,2.74,2024
Uttar Pradesh,Uttar Pradesh PC 79,Candidate 2 (BJP),BJP,BJP,NDA,131478,32.23,407879,67.1,False,2,0,0,2024
Uttar Pradesh,Uttar Pradesh PC 79,Candidate 3 (SP),SP,SP,INDIA,91337,22.39,407879,77.5,False,3,0,0,2024
Uttar Pradesh,Uttar Pradesh PC 79,Candidate 4 (INC),INC,INC,INDIA,42408,10.4,407879,70.0,False,4,0,0,2024
Uttar Pradesh,Uttar Pradesh PC 80,Candidate 1 (BJP),BJP,BJP,NDA,955769,84.0,1137809,70.2,True,1,773730,68.0,2024
Uttar Pradesh,Uttar Pradesh PC 80,Candidate 2 (IND),IND,IND,,182039,16.0,1137809,55.5,False,2,0,0,2024
Maharashtra,Maharashtra PC 1,Candidate 1 (INC),INC,INC,INDIA,261960,44.52,588382,59.6,True,1,33647,5.72,2024
Maharashtra,Maharashtra PC 1,Candidate 2 (TMC),TMC,TMC,INDIA,228313,38.8,588382,65.5,False,2,0,0,2024
Maharashtra,Maharashtra PC 1,Candidate 3 (BJP),BJP,BJP,NDA,98108,16.67,588382,58.7,False,3,0,0,2024
Maharashtra,Maharashtra PC 2,Candidate 1 (SP),SP,SP,INDIA,311033,32.68,951625,62.2,True,1,69061,7.26,2024
Maharashtra,Maharashtra PC 2,Candidate 2 (DMK),DMK,DMK,INDIA,241972,25.43,951625,76.8,False,2,0,0,2024
Maharashtra,Maharashtra PC 2,Candidate 3 (JDU),JDU,JDU,NDA,147208,15.47,951625,74.0,False,3,0,0,2024
Maharashtra,Maharashtra PC 2,Candidate 4 (BJP),BJP,BJP,NDA,139654,14.68,951625,63.8,False,4,0,0,2024
Maharashtra,Maharashtra PC 2,Candidate 5 (OTH),OTH,OTH,,111755,11.74,951625,72.8,False,5,0,0,2024
Maharashtra,Maharashtra PC 3,Candidate 1 (INC),INC,INC,INDIA,668778,60.23,1110408,66.3,True,1,352039,31.7,2024
Maharashtra,Maharashtra PC 3,Candidate 2 (TMC),TMC,TMC,INDIA,316739,28.52,1110408,77.8,False,2,0,0,2024
Maharashtra,Maharashtra PC 3,Candidate 3 (JDU),JDU,JDU,NDA,124890,11.25,1110408,66.1,False,3,0,0,2024
Maharashtra,Maharashtra PC 4,Candidate 1 (TMC),TMC,TMC,INDIA,256369,34.86,735408,55.3,True,1,70364,9.57,2024
Maharashtra,Maharashtra PC 4,Candidate 2 (INC),INC,INC,INDIA,186005,25.29,735408,57.5,False,2,0,0,2024
Maharashtra,Maharashtra PC 4,Candidate 3 (BJP),BJP,BJP,NDA,149177,20.28,735408,78.0,False,3,0,0,2024
Maharashtra,Maharashtra PC 4,Candidate 4 (AIADMK),AIADMK,AIADMK,,143855,19.56,735408,65.5,False,4,0,0,2024
Maharashtra,Maharashtra PC 5,Candidate 1 (BJP),BJP,BJP,NDA,243735,42.26,576712,70.0,True,1,122212,21.19,2024
Maharashtra,Maharashtra PC 5,Candidate 2 (INC),INC,INC,INDIA,121523,21.07,576712,67.8,False,2,0,0,2024
Maharashtra,Maharashtra PC 5,Candidate 3 (JDU),JDU,JDU,NDA,116206,20.15,576712,68.3,False,3,0,0,2024
Maharashtra,Maharashtra PC 5,Candidate 4 (SP),SP,SP,INDIA,95246,16.52,576712,55.1,False,4,0,0,2024
Maharashtra,Maharashtra PC 6,Candidate 1 (YSR),YSR,YSR,,272863,27.04,1009001,74.5,True,1,4319,0.43,2024
Maharashtra,Maharashtra PC 6,Candidate 2 (DMK),DMK,DMK,INDIA,268544,26.61,1009001,68.8,False,2,0,0,2024
Maharashtra,Maharashtra PC 6,Candidate 3 (BJP),BJP,BJP,NDA,185878,18.42,1009001,70.1,False,3,0,0,2024
Maharashtra,Maharashtra PC 6,Candidate 4 (JDU),JDU,JDU,NDA,147545,14.62,1009001,61.7,False,4,0,0,2024
Maharashtra,Maharashtra PC 6,Candidate 5 (TMC),TMC,TMC,INDIA,134168,13.3,1009001,70.9,False,5,0,0,2024
Maharashtra,Maharashtra PC 7,Candidate 1 (SP),SP,SP,INDIA,172748,29.6,583656,65.0,True,1,30405,5.21,2024
Maharashtra,Maharashtra PC 7,Candidate 2 (BJP),BJP,BJP,NDA,142343,24.39,583656,74.4,False,2,0,0,2024
Maharashtra,Maharashtra PC 7,Candidate 3 (JDU),JDU,JDU,NDA,137210,23.51,583656,77.1,False,3,0,0,2024
Maharashtra,Maharashtra PC 7,Candidate 4 (AIADMK),AIADMK,AIADMK,,105703,18.11,583656,71.8,False,4,0,0,2024
Maharashtra,Maharashtra PC 7,Candidate 5 (OTH),OTH,OTH,,25649,4.39,583656,64.5,False,5,0,0,2024
Maharashtra,Maharashtra PC 8,Candidate 1 (BJP),BJP,BJP,NDA,342545,45.32,755888,70.7,True,1,25642,3.39,2024
Maharashtra,Maharashtra PC 8,Candidate 2 (OTH),OTH,OTH,,316903,41.92,755888,71.5,False,2,0,0,2024
Maharashtra,Maharashtra PC 8,Candidate 3 (SP),SP,SP,INDIA,96439,12.76,755888,57.5,False,3,0,0,2024
Maharashtra,Maharashtra PC 9,Candidate 1 (AIADMK),AIADMK,AIADMK,,353463,33.76,1046857,58.9,True,1,23230,2.22,2024
Maharashtra,Maharashtra PC 9,Candidate 2 (JDU),JDU,JDU,NDA,330233,31.55,1046857,69.0,False,2,0,0,2024
Maharashtra,Maharashtra PC 9,Candidate 3 (BJP),BJP,BJP,NDA,294711,28.15,1046857,75.1,False,3,0,0,2024
Maharashtra,Maharashtra PC 9,Candidate 4 (INC),INC,INC,INDIA,68448,6.54,1046857,74.8,False,4,0,0,2024
Maharashtra,Maharashtra PC 10,Candidate 1 (OTH),OTH,OTH,,373749,39.7,941497,59.7,True,1,27698,2.94,2024
Maharashtra,Maharashtra PC 10,Candidate 2 (TMC),TMC,TMC,INDIA,346051,36.76,941497,68.7,False,2,0,0,2024
Maharashtra,Maharashtra PC 10,Candidate 3 (BJP),BJP,BJP,NDA,181548,19.28,941497,76.4,False,3,0,0,2024
Maharashtra,Maharashtra PC 10,Candidate 4 (INC),INC,INC,INDIA,40147,4.26,941497,55.4,False,4,0,0,2024
Maharashtra,Maharashtra PC 11,Candidate 1 (TMC),TMC,TMC,INDIA,176477,42.59,414326,70.7,True,1,75210,18.15,2024
Maharashtra,Maharashtra PC 11,Candidate 2 (INC),INC,INC,INDIA,101267,24.44,414326,77.7,False,2,0,0,2024
Maharashtra,Maharashtra PC 11,Candidate 3 (DMK),DMK,DMK,INDIA,88133,21.27,414326,58.4,False,3,0,0,2024
Maharashtra,Maharashtra PC 11,Candidate 4 (BJP),BJP,BJP,NDA,48448,11.69,414326,73.1,False,4,0,0,2024
Maharashtra,Maharashtra PC 12,Candidate 1 (BJP),BJP,BJP,NDA,241250,30.55,789571,64.2,True,1,40700,5.15,2024
Maharashtra,Maharashtra PC 12,Candidate 2 (JDU),JDU,JDU,NDA,200550,25.4,789571,57.7,False,2,0,0,2024
Maharashtra,Maharashtra PC 12,Candidate 3 (YSR),YSR,YSR,,176397,22.34,789571,70.8,False,3,0,0,2024
Maharashtra,Maharashtra PC 12,Candidate 4 (TMC),TMC,TMC,INDIA,171372,21.7,789571,55.2,False,4,0,0,2024
Maharashtra,Maharashtra PC 13,Candidate 1 (OTH),OTH,OTH,,232421,48.22,481994,59.0,True,1,90091,18.69,2024
Maharashtra,Maharashtra PC 13,Candidate 2 (INC),INC,INC,INDIA,142330,29.53,481994,67.3,False,2,0,0,2024
Maharashtra,Maharashtra PC 13,Candidate 3 (IND),IND,IND,,76169,15.8,481994,58.0,False,3,0,0,2024
Maharashtra,Maharashtra PC 13,Candidate 4 (SP),SP,SP,INDIA,31072,6.45,481994,63.0,False,4,0,0,2024
Maharashtra,Maharashtra PC 14,Candidate 1 (SP),SP,SP,INDIA,227869,40.7,559898,67.9,True,1,37493,6.7,2024
Maharashtra,Maharashtra PC 14,Candidate 2 (BJP),BJP,BJP,NDA,190376,34.0,559898,65.5,False,2,0,0,2024
Maharashtra,Maharashtra PC 14,Candidate 3 (INC),INC,INC,INDIA,83695,14.95,559898,65.1,False,3,0,0,2024
Maharashtra,Maharashtra PC 14,Candidate 4 (TMC),TMC,TMC,INDIA,57955,10.35,559898,57.9,False,4,0,0,2024
Maharashtra,Maharashtra PC 15,Candidate 1 (INC),INC,INC,INDIA,175271,40.6,431679,70.8,True,1,59145,13.7,2024
Maharashtra,Maharashtra PC 15,Candidate 2 (OTH),OTH,OTH,,116126,26.9,431679,72.5,False,2,0,0,2024
Maharashtra,Maharashtra PC 15,Candidate 3 (BJP),BJP,BJP,NDA,114724,26.58,431679,58.0,False,3,0,0,2024
Maharashtra,Maharashtra PC 15,Candidate 4 (TDP),TDP,TDP,NDA,25556,5.92,431679,70.5,False,4,0,0,2024
Maharashtra,Maharashtra PC 16,Candidate 1 (BJP),BJP,BJP,NDA,250944,36.66,684596,70.6,True,1,24285,3.55,2024
Maharashtra,Maharashtra PC 16,Candidate 2 (OTH),OTH,OTH,,226659,33.11,684596,71.8,False,2,0,0,2024
Maharashtra,Maharashtra PC 16,Candidate 3 (SP),SP,SP,INDIA,206992,30.24,684596,68.4,False,3,0,0,2024
Maharashtra,Maharashtra PC 17,Candidate 1 (INC),INC,INC,INDIA,500116,44.43,1125557,62.5,True,1,319987,28.43,2024
Maharashtra,Maharashtra PC 17,Candidate 2 (BJP),BJP,BJP,NDA,180129,16.0,1125557,75.1,False,2,0,0,2024
Maharashtra,Maharashtra PC 17,Candidate 3 (JDU),JDU,JDU,NDA,165405,14.7,1125557,69.0,False,3,0,0,2024
Maharashtra,Maharashtra PC 17,Candidate 4 (IND),IND,IND,,154199,13.7,1125557,71.9,False,4,0,0,2024
Maharashtra,Maharashtra PC 17,Candidate 5 (AIADMK),AIADMK,AIADMK,,125705,11.17,1125557,72.3,False,5,0,0,2024
Maharashtra,Maharashtra PC 18,Candidate 1 (AIADMK),AIADMK,AIADMK,,240927,24.7,975304,63.9,True,1,18631,1.91,2024
Maharashtra,Maharashtra PC 18,Candidate 2 (BJP),BJP,BJP,NDA,222296,22.79,975304,69.1,False,2,0,0,2024
Maharashtra,Maharashtra PC 18,Candidate 3 (INC),INC,INC,INDIA,199387,20.44,975304,61.4,False,3,0,0,2024
Maharashtra,Maharashtra PC 18,Candidate 4 (TMC),TMC,TMC,INDIA,181997,18.66,975304,58.6,False,4,0,0,2024
Maharashtra,Maharashtra PC 18,Candidate 5 (DMK),DMK,DMK,INDIA,130694,13.4,975304,66.7,False,5,0,0,2024
Maharashtra,Maharashtra PC 19,Candidate 1 (BJP),BJP,BJP,NDA,327945,37.33,878493,63.4,True,1,31812,3.62,2024
Maharashtra,Maharashtra PC 19,Candidate 2 (TMC),TMC,TMC,INDIA,296133,33.71,878493,63.3,False,2,0,0,2024
Maharashtra,Maharashtra PC 19,Candidate 3 (INC),INC,INC,INDIA,254413,28.96,878493,59.7,False,3,0,0,2024
Maharashtra,Maharashtra PC 20,Candidate 1 (DMK),DMK,DMK,INDIA,286818,28.05,1022507,64.1,True,1,24626,2.41,2024
Maharashtra,Maharashtra PC 20,Candidate 2 (INC),INC,INC,INDIA,262192,25.64,1022507,59.2,False,2,0,0,2024
Maharashtra,Maharashtra PC 20,Candidate 3 (YSR),YSR,YSR,,235152,23.0,1022507,57.5,False,3,0,0,2024
Maharashtra,Maharashtra PC 20,Candidate 4 (TDP),TDP,TDP,NDA,155671,15.22,1022507,59.8,False,4,0,0,2024
Maharashtra,Maharashtra PC 20,Candidate 5 (BJP),BJP,BJP,NDA,82671,8.09,1022507,69.6,False,5,0,0,2024
Maharashtra,Maharashtra PC 21,Candidate 1 (BJP),BJP,BJP,NDA,321821,36.76,875399,65.1,True,1,102430,11.7,2024
Maharashtra,Maharashtra PC 21,Candidate 2 (OTH),OTH,OTH,,219391,25.06,875399,76.8,False,2,0,0,2024
Maharashtra,Maharashtra PC 21,Candidate 3 (BRS),BRS,BRS,,202810,23.17,875399,67.3,False,3,0,0,2024
Maharashtra,Maharashtra PC 21,Candidate 4 (YSR),YSR,YSR,,131375,15.01,875399,60.8,False,4,0,0,2024
Maharashtra,Maharashtra PC 22,Candidate 1 (BJP),BJP,BJP,NDA,358125,44.37,807130,60.6,True,1,124696,15.45,2024
Maharashtra,Maharashtra PC 22,Candidate 2 (DMK),DMK,DMK,INDIA,233429,28.92,807130,73.1,False,2,0,0,2024
Maharashtra,Maharashtra PC 22,Candidate 3 (SP),SP,SP,INDIA,215575,26.71,807130,64.8,False,3,0,0,2024
Maharashtra,Maharashtra PC 23,Candidate 1 (BJP),BJP,BJP,NDA,303813,38.66,785817,62.0,True,1,32621,4.15,2024
Maharashtra,Maharashtra PC 23,Candidate 2 (INC),INC,INC,INDIA,271192,34.51,785817,76.9,False,2,0,0,2024
Maharashtra,Maharashtra PC 23,Candidate 3 (AIADMK),AIADMK,AIADMK,,210811,26.83,785817,74.8,False,3,0,0,2024
Maharashtra,Maharashtra PC 24,Candidate 1 (BJP),BJP,BJP,NDA,340921,41.02,831162,73.0,True,1,75776,9.12,2024
Maharashtra,Maharashtra PC 24,Candidate 2 (SP),SP,SP,INDIA,265145,31.9,831162,68.2,False,2,0,0,2024
Maharashtra,Maharashtra PC 24,Candidate 3 (DMK),DMK,DMK,INDIA,146904,17.67,831162,69.3,False,3,0,0,2024
Maharashtra,Maharashtra PC 24,Candidate 4 (TMC),TMC,TMC,INDIA,78190,9.41,831162,61.5,False,4,0,0,2024
Maharashtra,Maharashtra PC 25,Candidate 1 (BJP),BJP,BJP,NDA,141137,27.24,518134,56.4,True,1,12528,2.42,2024
Maharashtra,Maharashtra PC 25,Candidate 2 (JDU),JDU,JDU,NDA,128609,24.82,518134,63.8,False,2,0,0,2024
Maharashtra,Maharashtra PC 25,Candidate 3 (YSR),YSR,YSR,,107255,20.7,518134,64.0,False,3,0,0,2024
Maharashtra,Maharashtra PC 25,Candidate 4 (SP),SP,SP,INDIA,105358,20.33,518134,75.2,False,4,0,0,2024
Maharashtra,Maharashtra PC 25,Candidate 5 (INC),INC,INC,INDIA,35772,6.9,518134,58.1,False,5,0,0,2024
Maharashtra,Maharashtra PC 26,Candidate 1 (OTH),OTH,OTH,,299262,44.06,679151,68.2,True,1,141323,20.81,2024
Maharashtra,Maharashtra PC 26,Candidate 2 (INC),INC,INC,INDIA,157939,23.26,679151,67.4,False,2,0,0,2024
Maharashtra,Maharashtra PC 26,Candidate 3 (TMC),TMC,TMC,INDIA,142023,20.91,679151,56.8,False,3,0,0,2024
Maharashtra,Maharashtra PC 26,Candidate 4 (BJP),BJP,BJP,NDA,79925,11.77,679151,56.1,False,4,0,0,2024
Maharashtra,Maharashtra PC 27,Candidate 1 (DMK),DMK,DMK,INDIA,370797,41.63,890671,64.6,True,1,8133,0.91,2024
Maharashtra,Maharashtra PC 27,Candidate 2 (BJP),BJP,BJP,NDA,362664,40.72,890671,65.2,False,2,0,0,2024
Maharashtra,Maharashtra PC 27,Candidate 3 (BRS),BRS,BRS,,89107,10.0,890671,67.9,False,3,0,0,2024
Maharashtra,Maharashtra PC 27,Candidate 4 (AIADMK),AIADMK,AIADMK,,68101,7.65,890671,66.3,False,4,0,0,2024
Maharashtra,Maharashtra PC 28,Candidate 1 (AIADMK),AIADMK,AIADMK,,329750,38.94,846804,70.1,True,1,7099,0.84,2024
Maharashtra,Maharashtra PC 28,Candidate 2 (BJP),BJP,BJP,NDA,322651,38.1,846804,71.4,False,2,0,0,2024
Maharashtra,Maharashtra PC 28,Candidate 3 (SP),SP,SP,INDIA,194402,22.96,846804,65.2,False,3,0,0,2024
Maharashtra,Maharashtra PC 29,Candidate 1 (BJP),BJP,BJP,NDA,427378,52.91,807718,59.9,True,1,183640,22.74,2024
Maharashtra,Maharashtra PC 29,Candidate 2 (JDU),JDU,JDU,NDA,243738,30.18,807718,60.4,False,2,0,0,2024
Maharashtra,Maharashtra PC 29,Candidate 3 (SP),SP,SP,INDIA,136600,16.91,807718,74.1,False,3,0,0,2024
Maharashtra,Maharashtra PC 30,Candidate 1 (BJP),BJP,BJP,NDA,307966,36.91,834369,68.3,True,1,82996,9.95,2024
Maharashtra,Maharashtra PC 30,Candidate 2 (AIADMK),AIADMK,AIADMK,,224970,26.96,834369,64.4,False,2,0,0,2024
Maharashtra,Maharashtra PC 30,Candidate 3 (TMC),TMC,TMC,INDIA,159354,19.1,834369,76.0,False,3,0,0,2024
Maharashtra,Maharashtra PC 30,Candidate 4 (YSR),YSR,YSR,,142077,17.03,834369,59.6,False,4,0,0,2024
Maharashtra,Maharashtra PC 31,Candidate 1 (BJP),BJP,BJP,NDA,330768,27.92,1184765,65.7,True,1,15269,1.29,2024
Maharashtra,Maharashtra PC 31,Candidate 2 (OTH),OTH,OTH,,315499,26.63,1184765,58.6,False,2,0,0,2024
Maharashtra,Maharashtra PC 31,Candidate 3 (INC),INC,INC,INDIA,277875,23.45,1184765,61.9,False,3,0,0,2024
Maharashtra,Maharashtra PC 31,Candidate 4 (AIADMK),AIADMK,AIADMK,,202237,17.07,1184765,62.6,False,4,0,0,2024
Maharashtra,Maharashtra PC 31,Candidate 5 (TDP),TDP,TDP,NDA,58384,4.93,1184765,55.0,False,5,0,0,2024
Maharashtra,Maharashtra PC 32,Candidate 1 (BJP),BJP,BJP,NDA,609812,54.09,1127325,64.6,True,1,342615,30.39,2024
Maharashtra,Maharashtra PC 32,Candidate 2 (INC),INC,INC,INDIA,267197,23.7,1127325,59.1,False,2,0,0,2024
Maharashtra,Maharashtra PC 32,Candidate 3 (SP),SP,SP,INDIA,250315,22.2,1127325,70.3,False,3,0,0,2024
Maharashtra,Maharashtra PC 33,Candidate 1 (INC),INC,INC,INDIA,329688,66.06,499105,62.8,True,1,160272,32.11,2024
Maharashtra,Maharashtra PC 33,Candidate 2 (BJP),BJP,BJP,NDA,169416,33.94,499105,64.1,False,2,0,0,2024
Maharashtra,Maharashtra PC 34,Candidate 1 (BRS),BRS,BRS,,236007,37.04,637222,55.8,True,1,41309,6.48,2024
Maharashtra,Maharashtra PC 34,Candidate 2 (JDU),JDU,JDU,NDA,194698,30.55,637222,74.3,False,2,0,0,2024
Maharashtra,Maharashtra PC 34,Candidate 3 (DMK),DMK,DMK,INDIA,166861,26.19,637222,76.1,False,3,0,0,2024
Maharashtra,Maharashtra PC 34,Candidate 4 (INC),INC,INC,INDIA,39653,6.22,637222,64.6,False,4,0,0,2024
Maharashtra,Maharashtra PC 35,Candidate 1 (BRS),BRS,BRS,,239690,27.33,877006,58.8,True,1,2183,0.25,2024
Maharashtra,Maharashtra PC 35,Candidate 2 (OTH),OTH,OTH,,237507,27.08,877006,71.7,False,2,0,0,2024
Maharashtra,Maharashtra PC 35,Candidate 3 (BJP),BJP,BJP,NDA,182407,20.8,877006,77.5,False,3,0,0,2024
Maharashtra,Maharashtra PC 35,Candidate 4 (JDU),JDU,JDU,NDA,118747,13.54,877006,76.2,False,4,0,0,2024
Maharashtra,Maharashtra PC 35,Candidate 5 (INC),INC,INC,INDIA,98653,11.25,877006,58.1,False,5,0,0,2024
Maharashtra,Maharashtra PC 36,Candidate 1 (BJP),BJP,BJP,NDA,683650,66.98,1020723,63.7,True,1,443843,43.48,2024
Maharashtra,Maharashtra PC 36,Candidate 2 (DMK),DMK,DMK,INDIA,239807,23.49,1020723,70.2,False,2,0,0,2024
Maharashtra,Maharashtra PC 36,Candidate 3 (INC),INC,INC,INDIA,97264,9.53,1020723,67.5,False,3,0,0,2024
Maharashtra,Maharashtra PC 37,Candidate 1 (INC),INC,INC,INDIA,226266,49.25,459394,67.5,True,1,27488,5.98,2024
Maharashtra,Maharashtra PC 37,Candidate 2 (AIADMK),AIADMK,AIADMK,,198778,43.27,459394,76.7,False,2,0,0,2024
Maharashtra,Maharashtra PC 37,Candidate 3 (BJP),BJP,BJP,NDA,34348,7.48,459394,63.9,False,3,0,0,2024
Maharashtra,Maharashtra PC 38,Candidate 1 (BJP),BJP,BJP,NDA,307715,38.47,799882,57.2,True,1,2480,0.31,2024
Maharashtra,Maharashtra PC 38,Candidate 2 (YSR),YSR,YSR,,305235,38.16,799882,76.9,False,2,0,0,2024
Maharashtra,Maharashtra PC 38,Candidate 3 (JDU),JDU,JDU,NDA,135739,16.97,799882,68.4,False,3,0,0,2024
Maharashtra,Maharashtra PC 38,Candidate 4 (OTH),OTH,OTH,,51191,6.4,799882,75.9,False,4,0,0,2024
Maharashtra,Maharashtra PC 39,Candidate 1 (TDP),TDP,TDP,NDA,164959,22.45,734648,62.6,True,1,14181,1.93,2024
Maharashtra,Maharashtra PC 39,Candidate 2 (SP),SP,SP,INDIA,150778,20.52,734648,66.4,False,2,0,0,2024
Maharashtra,Maharashtra PC 39,Candidate 3 (DMK),DMK,DMK,INDIA,148534,20.22,734648,66.1,False,3,0,0,2024
Maharashtra,Maharashtra PC 39,Candidate 4 (BJP),BJP,BJP,NDA,139224,18.95,734648,73.2,False,4,0,0,2024
Maharashtra,Maharashtra PC 39,Candidate 5 (INC),INC,INC,INDIA,131151,17.85,734648,61.7,False,5,0,0,2024
Maharashtra,Maharashtra PC 40,Candidate 1 (OTH),OTH,OTH,,492240,56.63,869222,75.5,True,1,243320,27.99,2024
Maharashtra,Maharashtra PC 40,Candidate 2 (INC),INC,INC,INDIA,248920,28.64,869222,71.6,False,2,0,0,2024
Maharashtra,Maharashtra PC 40,Candidate 3 (BJP),BJP,BJP,NDA,128060,14.73,869222,74.3,False,3,0,0,2024
Maharashtra,Maharashtra PC 41,Candidate 1 (YSR),YSR,YSR,,154802,34.32,451006,67.2,True,1,33196,7.36,2024
Maharashtra,Maharashtra PC 41,Candidate 2 (INC),INC,INC,INDIA,121606,26.96,451006,77.2,False,2,0,0,2024
Maharashtra,Maharashtra PC 41,Candidate 3 (BJP),BJP,BJP,NDA,119180,26.43,451006,76.4,False,3,0,0,2024
Maharashtra,Maharashtra PC 41,Candidate 4 (TDP),TDP,TDP,NDA,55416,12.29,451006,67.3,False,4,0,0,2024
Maharashtra,Maharashtra PC 42,Candidate 1 (BJP),BJP,BJP,NDA,179544,22.55,796268,71.6,True,1,20715,2.6,2024
Maharashtra,Maharashtra PC 42,Candidate 2 (DMK),DMK,DMK,INDIA,158829,19.95,796268,76.3,False,2,0,0,2024
Maharashtra,Maharashtra PC 42,Candidate 3 (TDP),TDP,TDP,NDA,155060,19.47,796268,74.3,False,3,0,0,2024
Maharashtra,Maharashtra PC 42,Candidate 4 (INC),INC,INC,INDIA,154582,19.41,796268,69.0,False,4,0,0,2024
Maharashtra,Maharashtra PC 42,Candidate 5 (SP),SP,SP,INDIA,148250,18.62,796268,73.3,False,5,0,0,2024
Maharashtra,Maharashtra PC 43,Candidate 1 (INC),INC,INC,INDIA,335122,29.6,1132292,64.7,True,1,31508,2.78,2024
Maharashtra,Maharashtra PC 43,Candidate 2 (SP),SP,SP,INDIA,303614,26.81,1132292,73.1,False,2,0,0,2024
Maharashtra,Maharashtra PC 43,Candidate 3 (JDU),JDU,JDU,NDA,298978,26.4,1132292,56.8,False,3,0,0,2024
Maharashtra,Maharashtra PC 43,Candidate 4 (TDP),TDP,TDP,NDA,194575,17.18,1132292,66.5,False,4,0,0,2024
Maharashtra,Maharashtra PC 44,Candidate 1 (BJP),BJP,BJP,NDA,411722,35.26,1167683,63.7,True,1,30923,2.65,2024
Maharashtra,Maharashtra PC 44,Candidate 2 (DMK),DMK,DMK,INDIA,380799,32.61,1167683,70.4,False,2,0,0,2024
Maharashtra,Maharashtra PC 44,Candidate 3 (TMC),TMC,TMC,INDIA,322960,27.66,1167683,76.8,False,3,0,0,2024
Maharashtra,Maharashtra PC 44,Candidate 4 (SP),SP,SP,INDIA,52200,4.47,1167683,60.0,False,4,0,0,2024
Maharashtra,Maharashtra PC 45,Candidate 1 (INC),INC,INC,INDIA,330978,60.31,548829,56.7,True,1,218736,39.86,2024
Maharashtra,Maharashtra PC 45,Candidate 2 (OTH),OTH,OTH,,112242,20.45,548829,64.7,False,2,0,0,2024
Maharashtra,Maharashtra PC 45,Candidate 3 (BJP),BJP,BJP,NDA,105608,19.24,548829,65.1,False,3,0,0,2024
Maharashtra,Maharashtra PC 46,Candidate 1 (TMC),TMC,TMC,INDIA,380255,33.54,1133865,61.3,True,1,22942,2.02,2024
Maharashtra,Maharashtra PC 46,Candidate 2 (DMK),DMK,DMK,INDIA,357313,31.51,1133865,69.1,False,2,0,0,2024
Maharashtra,Maharashtra PC 46,Candidate 3 (INC),INC,INC,INDIA,306643,27.04,1133865,65.3,False,3,0,0,2024
Maharashtra,Maharashtra PC 46,Candidate 4 (BJP),BJP,BJP,NDA,89652,7.91,1133865,60.4,False,4,0,0,2024
Maharashtra,Maharashtra PC 47,Candidate 1 (BJP),BJP,BJP,NDA,258248,36.45,708580,68.2,True,1,93212,13.15,2024
Maharashtra,Maharashtra PC 47,Candidate 2 (DMK),DMK,DMK,INDIA,165036,23.29,708580,70.2,False,2,0,0,2024
Maharashtra,Maharashtra PC 47,Candidate 3 (YSR),YSR,YSR,,161812,22.84,708580,76.7,False,3,0,0,2024
Maharashtra,Maharashtra PC 47,Candidate 4 (INC),INC,INC,INDIA,123481,17.43,708580,76.1,False,4,0,0,2024
Maharashtra,Maharashtra PC 48,Candidate 1 (OTH),OTH,OTH,,541415,51.39,1053463,62.3,True,1,325233,30.87,2024
Maharashtra,Maharashtra PC 48,Candidate 2 (SP),SP,SP,INDIA,216182,20.52,1053463,55.3,False,2,0,0,2024
Maharashtra,Maharashtra PC 48,Candidate 3 (BJP),BJP,BJP,NDA,208827,19.82,1053463,64.5,False,3,0,0,2024
Maharashtra,Maharashtra PC 48,Candidate 4 (TDP),TDP,TDP,NDA,87038,8.26,1053463,66.6,False,4,0,0,2024
West Bengal,West Bengal PC 1,Candidate 1 (INC),INC,INC,INDIA,288256,29.34,982520,58.0,True,1,45694,4.65,2024
West Bengal,West Bengal PC 1,Candidate 2 (SP),SP,SP,INDIA,242562,24.69,982520,59.2,False,2,0,0,2024
West Bengal,West Bengal PC 1,Candidate 3 (OTH),OTH,OTH,,203974,20.76,982520,76.3,False,3,0,0,2024
West Bengal,West Bengal PC 1,Candidate 4 (TDP),TDP,TDP,NDA,197146,20.07,982520,67.9,False,4,0,0,2024
West Bengal,West Bengal PC 1,Candidate 5 (BJP),BJP,BJP,NDA,50580,5.15,982520,58.9,False,5,0,0,2024
West Bengal,West Bengal PC 2,Candidate 1 (BRS),BRS,BRS,,110596,20.59,537259,55.2,True,1,3432,0.64,2024
West Bengal,West Bengal PC 2,Candidate 2 (DMK),DMK,DMK,INDIA,107164,19.95,537259,68.0,False,2,0,0,2024
West Bengal,West Bengal PC 2,Candidate 3 (SP),SP,SP,INDIA,102939,19.16,537259,64.1,False,3,0,0,2024
West Bengal,West Bengal PC 2,Candidate 4 (BJP),BJP,BJP,NDA,96436,17.95,537259,76.7,False,4,0,0,2024
West Bengal,West Bengal PC 2,Candidate 5 (AIADMK),AIADMK,AIADMK,,66460,12.37,537259,73.0,False,5,0,0,2024
West Bengal,West Bengal PC 2,Candidate 6 (OTH),OTH,OTH,,53660,9.99,537259,66.1,False,6,0,0,2024
West Bengal,West Bengal PC 3,Candidate 1 (JDU),JDU,JDU,NDA,324130,34.21,947505,58.1,True,1,16075,1.7,2024
West Bengal,West Bengal PC 3,Candidate 2 (AIADMK),AIADMK,AIADMK,,308055,32.51,947505,56.1,False,2,0,0,2024
West Bengal,West Bengal PC 3,Candidate 3 (SP),SP,SP,INDIA,265797,28.05,947505,60.5,False,3,0,0,2024
West Bengal,West Bengal PC 3,Candidate 4 (BJP),BJP,BJP,NDA,49521,5.23,947505,59.3,False,4,0,0,2024
West Bengal,West Bengal PC 4,Candidate 1 (IND),IND,IND,,294542,36.47,807583,65.7,True,1,25209,3.12,2024
West Bengal,West Bengal PC 4,Candidate 2 (BJP),BJP,BJP,NDA,269333,33.35,807583,69.6,False,2,0,0,2024
West Bengal,West Bengal PC 4,Candidate 3 (TMC),TMC,TMC,INDIA,94245,11.67,807583,66.4,False,3,0,0,2024
West Bengal,West Bengal PC 4,Candidate 4 (YSR),YSR,YSR,,91101,11.28,807583,71.2,False,4,0,0,2024
West Bengal,West Bengal PC 4,Candidate 5 (INC),INC,INC,INDIA,58358,7.23,807583,71.9,False,5,0,0,2024
West Bengal,West Bengal PC 5,Candidate 1 (IND),IND,IND,,367875,30.73,1196993,72.0,True,1,10334,0.86,2024
West Bengal,West Bengal PC 5,Candidate 2 (BJP),BJP,BJP,NDA,357541,29.87,1196993,55.1,False,2,0,0,2024
West Bengal,West Bengal PC 5,Candidate 3 (SP),SP,SP,INDIA,347676,29.05,1196993,71.4,False,3,0,0,2024
West Bengal,West Bengal PC 5,Candidate 4 (INC),INC,INC,INDIA,76600,6.4,1196993,59.5,False,4,0,0,2024
West Bengal,West Bengal PC 5,Candidate 5 (JDU),JDU,JDU,NDA,47298,3.95,1196993,74.7,False,5,0,0,2024
West Bengal,West Bengal PC 6,Candidate 1 (OTH),OTH,OTH,,201636,24.6,819822,66.4,True,1,3025,0.37,2024
West Bengal,West Bengal PC 6,Candidate 2 (BJP),BJP,BJP,NDA,198611,24.23,819822,71.2,False,2,0,0,2024
West Bengal,West Bengal PC 6,Candidate 3 (SP),SP,SP,INDIA,193391,23.59,819822,77.4,False,3,0,0,2024
West Bengal,West Bengal PC 6,Candidate 4 (INC),INC,INC,INDIA,176997,21.59,819822,75.4,False,4,0,0,2024
West Bengal,West Bengal PC 6,Candidate 5 (DMK),DMK,DMK,INDIA,49185,6.0,819822,67.7,False,5,0,0,2024
West Bengal,West Bengal PC 7,Candidate 1 (TDP),TDP,TDP,NDA,161714,29.55,547233,58.5,True,1,1705,0.31,2024
West Bengal,West Bengal PC 7,Candidate 2 (SP),SP,SP,INDIA,160009,29.24,547233,69.0,False,2,0,0,2024
West Bengal,West Bengal PC 7,Candidate 3 (BJP),BJP,BJP,NDA,83034,15.17,547233,59.0,False,3,0,0,2024
West Bengal,West Bengal PC 7,Candidate 4 (TMC),TMC,TMC,INDIA,79280,14.49,547233,65.2,False,4,0,0,2024
West Bengal,West Bengal PC 7,Candidate 5 (INC),INC,INC,INDIA,63193,11.55,547233,57.3,False,5,0,0,2024
West Bengal,West Bengal PC 8,Candidate 1 (TDP),TDP,TDP,NDA,399166,42.54,938384,76.3,True,1,30391,3.24,2024
West Bengal,West Bengal PC 8,Candidate 2 (SP),SP,SP,INDIA,368775,39.3,938384,62.8,False,2,0,0,2024
West Bengal,West Bengal PC 8,Candidate 3 (BJP),BJP,BJP,NDA,170442,18.16,938384,57.4,False,3,0,0,2024
West Bengal,West Bengal PC 9,Candidate 1 (TMC),TMC,TMC,INDIA,251263,24.83,1012105,56.9,True,1,23102,2.28,2024
West Bengal,West Bengal PC 9,Candidate 2 (OTH),OTH,OTH,,228161,22.54,1012105,76.8,False,2,0,0,2024
West Bengal,West Bengal PC 9,Candidate 3 (INC),INC,INC,INDIA,199748,19.74,1012105,68.0,False,3,0,0,2024
West Bengal,West Bengal PC 9,Candidate 4 (DMK),DMK,DMK,INDIA,144806,14.31,1012105,66.8,False,4,0,0,2024
West Bengal,West Bengal PC 9,Candidate 5 (BJP),BJP,BJP,NDA,109467,10.82,1012105,68.9,False,5,0,0,2024
West Bengal,West Bengal PC 9,Candidate 6 (TDP),TDP,TDP,NDA,78656,7.77,1012105,68.0,False,6,0,0,2024
West Bengal,West Bengal PC 10,Candidate 1 (YSR),YSR,YSR,,271453,52.4,518043,60.1,True,1,73761,14.24,2024
West Bengal,West Bengal PC 10,Candidate 2 (BJP),BJP,BJP,NDA,197692,38.16,518043,68.6,False,2,0,0,2024
West Bengal,West Bengal PC 10,Candidate 3 (INC),INC,INC,INDIA,48897,9.44,518043,64.7,False,3,0,0,2024
West Bengal,West Bengal PC 11,Candidate 1 (AIADMK),AIADMK,AIADMK,,398718,35.38,1126997,62.0,True,1,78554,6.97,2024
West Bengal,West Bengal PC 11,Candidate 2 (INC),INC,INC,INDIA,320164,28.41,1126997,68.4,False,2,0,0,2024
West Bengal,West Bengal PC 11,Candidate 3 (SP),SP,SP,INDIA,235005,20.85,1126997,71.7,False,3,0,0,2024
West Bengal,West Bengal PC 11,Candidate 4 (TMC),TMC,TMC,INDIA,128146,11.37,1126997,70.9,False,4,0,0,2024
West Bengal,West Bengal PC 11,Candidate 5 (BJP),BJP,BJP,NDA,44961,3.99,1126997,72.4,False,5,0,0,2024
West Bengal,West Bengal PC 12,Candidate 1 (INC),INC,INC,INDIA,304717,46.38,657067,75.9,True,1,144995,22.07,2024
West Bengal,West Bengal PC 12,Candidate 2 (OTH),OTH,OTH,,159722,24.31,657067,71.3,False,2,0,0,2024
West Bengal,West Bengal PC 12,Candidate 3 (YSR),YSR,YSR,,143301,21.81,657067,77.5,False,3,0,0,2024
West Bengal,West Bengal PC 12,Candidate 4 (BJP),BJP,BJP,NDA,49325,7.51,657067,58.7,False,4,0,0,2024
West Bengal,West Bengal PC 13,Candidate 1 (INC),INC,INC,INDIA,221082,28.0,789503,55.5,True,1,3062,0.39,2024
West Bengal,West Bengal PC 13,Candidate 2 (JDU),JDU,JDU,NDA,218020,27.61,789503,77.4,False,2,0,0,2024
West Bengal,West Bengal PC 13,Candidate 3 (BJP),BJP,BJP,NDA,184708,23.4,789503,76.7,False,3,0,0,2024
West Bengal,West Bengal PC 13,Candidate 4 (SP),SP,SP,INDIA,129840,16.45,789503,64.5,False,4,0,0,2024
West Bengal,West Bengal PC 13,Candidate 5 (BRS),BRS,BRS,,35850,4.54,789503,62.0,False,5,0,0,2024
West Bengal,West Bengal PC 14,Candidate 1 (TDP),TDP,TDP,NDA,325825,34.99,931071,57.0,True,1,46836,5.03,2024
West Bengal,West Bengal PC 14,Candidate 2 (BJP),BJP,BJP,NDA,278989,29.96,931071,59.4,False,2,0,0,2024
West Bengal,West Bengal PC 14,Candidate 3 (DMK),DMK,DMK,INDIA,229984,24.7,931071,75.9,False,3,0,0,2024
West Bengal,West Bengal PC 14,Candidate 4 (INC),INC,INC,INDIA,96271,10.34,931071,77.4,False,4,0,0,2024
West Bengal,West Bengal PC 15,Candidate 1 (AIADMK),AIADMK,AIADMK,,333720,28.54,1169146,76.0,True,1,6204,0.53,2024
West Bengal,West Bengal PC 15,Candidate 2 (BJP),BJP,BJP,NDA,327516,28.01,1169146,60.0,False,2,0,0,2024
West Bengal,West Bengal PC 15,Candidate 3 (DMK),DMK,DMK,INDIA,267869,22.91,1169146,56.2,False,3,0,0,2024
West Bengal,West Bengal PC 15,Candidate 4 (INC),INC,INC,INDIA,240038,20.53,1169146,75.1,False,4,0,0,2024
West Bengal,West Bengal PC 16,Candidate 1 (DMK),DMK,DMK,INDIA,492487,41.88,1175949,66.3,True,1,97866,8.32,2024
West Bengal,West Bengal PC 16,Candidate 2 (TMC),TMC,TMC,INDIA,394621,33.56,1175949,77.8,False,2,0,0,2024
West Bengal,West Bengal PC 16,Candidate 3 (BJP),BJP,BJP,NDA,217530,18.5,1175949,69.0,False,3,0,0,2024
West Bengal,West Bengal PC 16,Candidate 4 (YSR),YSR,YSR,,71310,6.06,1175949,57.7,False,4,0,0,2024
West Bengal,West Bengal PC 17,Candidate 1 (DMK),DMK,DMK,INDIA,166041,24.22,685628,68.1,True,1,14624,2.13,2024
West Bengal,West Bengal PC 17,Candidate 2 (TDP),TDP,TDP,NDA,151417,22.08,685628,60.6,False,2,0,0,2024
West Bengal,West Bengal PC 17,Candidate 3 (OTH),OTH,OTH,,146422,21.36,685628,62.7,False,3,0,0,2024
West Bengal,West Bengal PC 17,Candidate 4 (BJP),BJP,BJP,NDA,127515,18.6,685628,62.1,False,4,0,0,2024
West Bengal,West Bengal PC 17,Candidate 5 (INC),INC,INC,INDIA,94230,13.74,685628,55.0,False,5,0,0,2024
West Bengal,West Bengal PC 18,Candidate 1 (INC),INC,INC,INDIA,176301,31.9,552723,72.3,True,1,32547,5.89,2024
West Bengal,West Bengal PC 18,Candidate 2 (SP),SP,SP,INDIA,143754,26.01,552723,56.7,False,2,0,0,2024
West Bengal,West Bengal PC 18,Candidate 3 (TMC),TMC,TMC,INDIA,125283,22.67,552723,67.5,False,3,0,0,2024
West Bengal,West Bengal PC 18,Candidate 4 (BJP),BJP,BJP,NDA,68667,12.42,552723,61.7,False,4,0,0,2024
West Bengal,West Bengal PC 18,Candidate 5 (TDP),TDP,TDP,NDA,38715,7.0,552723,60.5,False,5,0,0,2024
West Bengal,West Bengal PC 19,Candidate 1 (OTH),OTH,OTH,,281740,39.54,712521,76.1,True,1,2610,0.37,2024
West Bengal,West Bengal PC 19,Candidate 2 (BJP),BJP,BJP,NDA,279130,39.18,712521,71.0,False,2,0,0,2024
West Bengal,West Bengal PC 19,Candidate 3 (DMK),DMK,DMK,INDIA,151649,21.28,712521,63.5,False,3,0,0,2024
West Bengal,West Bengal PC 20,Candidate 1 (AIADMK),AIADMK,AIADMK,,186686,28.94,645176,75.2,True,1,5396,0.84,2024
West Bengal,West Bengal PC 20,Candidate 2 (OTH),OTH,OTH,,181290,28.1,645176,77.9,False,2,0,0,2024
West Bengal,West Bengal PC 20,Candidate 3 (SP),SP,SP,INDIA,113084,17.53,645176,76.4,False,3,0,0,2024
West Bengal,West Bengal PC 20,Candidate 4 (INC),INC,INC,INDIA,98956,15.34,645176,74.5,False,4,0,0,2024
West Bengal,West Bengal PC 20,Candidate 5 (YSR),YSR,YSR,,65158,10.1,645176,74.9,False,5,0,0,2024
West Bengal,West Bengal PC 21,Candidate 1 (SP),SP,SP,INDIA,207323,37.1,558874,63.1,True,1,70475,12.61,2024
West Bengal,West Bengal PC 21,Candidate 2 (OTH),OTH,OTH,,136848,24.49,558874,55.1,False,2,0,0,2024
West Bengal,West Bengal PC 21,Candidate 3 (BJP),BJP,BJP,NDA,117415,21.01,558874,56.9,False,3,0,0,2024
West Bengal,West Bengal PC 21,Candidate 4 (JDU),JDU,JDU,NDA,97287,17.41,558874,60.9,False,4,0,0,2024
West Bengal,West Bengal PC 22,Candidate 1 (SP),SP,SP,INDIA,326231,39.51,825749,64.9,True,1,159866,19.36,2024
West Bengal,West Bengal PC 22,Candidate 2 (INC),INC,INC,INDIA,166365,20.15,825749,63.3,False,2,0,0,2024
West Bengal,West Bengal PC 22,Candidate 3 (BRS),BRS,BRS,,154629,18.73,825749,65.2,False,3,0,0,2024
West Bengal,West Bengal PC 22,Candidate 4 (AIADMK),AIADMK,AIADMK,,113682,13.77,825749,63.5,False,4,0,0,2024
West Bengal,West Bengal PC 22,Candidate 5 (TDP),TDP,TDP,NDA,64841,7.85,825749,77.3,False,5,0,0,2024
West Bengal,West Bengal PC 23,Candidate 1 (DMK),DMK,DMK,INDIA,262736,28.35,926822,59.0,True,1,10706,1.16,2024
West Bengal,West Bengal PC 23,Candidate 2 (BJP),BJP,BJP,NDA,252030,27.19,926822,76.5,False,2,0,0,2024
West Bengal,West Bengal PC 23,Candidate 3 (TMC),TMC,TMC,INDIA,215438,23.24,926822,72.7,False,3,0,0,2024
West Bengal,West Bengal PC 23,Candidate 4 (JDU),JDU,JDU,NDA,145416,15.69,926822,58.2,False,4,0,0,2024
West Bengal,West Bengal PC 23,Candidate 5 (SP),SP,SP,INDIA,51200,5.52,926822,72.5,False,5,0,0,2024
West Bengal,West Bengal PC 24,Candidate 1 (BJP),BJP,BJP,NDA,350249,31.17,1123593,58.6,True,1,17696,1.57,2024
West Bengal,West Bengal PC 24,Candidate 2 (OTH),OTH,OTH,,332553,29.6,1123593,66.2,False,2,0,0,2024
West Bengal,West Bengal PC 24,Candidate 3 (AIADMK),AIADMK,AIADMK,,279590,24.88,1123593,75.7,False,3,0,0,2024
West Bengal,West Bengal PC 24,Candidate 4 (INC),INC,INC,INDIA,161199,14.35,1123593,57.4,False,4,0,0,2024
West Bengal,West Bengal PC 25,Candidate 1 (SP),SP,SP,INDIA,322311,30.73,1049013,64.9,True,1,44683,4.26,2024
West Bengal,West Bengal PC 25,Candidate 2 (BJP),BJP,BJP,NDA,277628,26.47,1049013,71.4,False,2,0,0,2024
West Bengal,West Bengal PC 25,Candidate 3 (INC),INC,INC,INDIA,277237,26.43,1049013,68.1,False,3,0,0,2024
West Bengal,West Bengal PC 25,Candidate 4 (TMC),TMC,TMC,INDIA,171835,16.38,1049013,59.8,False,4,0,0,2024
West Bengal,West Bengal PC 26,Candidate 1 (SP),SP,SP,INDIA,327762,33.33,983477,72.9,True,1,26331,2.68,2024
West Bengal,West Bengal PC 26,Candidate 2 (TDP),TDP,TDP,NDA,301431,30.65,983477,58.6,False,2,0,0,2024
West Bengal,West Bengal PC 26,Candidate 3 (BJP),BJP,BJP,NDA,259084,26.34,983477,69.8,False,3,0,0,2024
West Bengal,West Bengal PC 26,Candidate 4 (TMC),TMC,TMC,INDIA,95198,9.68,983477,76.7,False,4,0,0,2024
West Bengal,West Bengal PC 27,Candidate 1 (BJP),BJP,BJP,NDA,252650,45.43,556163,68.3,True,1,36106,6.49,2024
West Bengal,West Bengal PC 27,Candidate 2 (INC),INC,INC,INDIA,216544,38.94,556163,57.2,False,2,0,0,2024
West Bengal,West Bengal PC 27,Candidate 3 (SP),SP,SP,INDIA,86968,15.64,556163,71.4,False,3,0,0,2024
West Bengal,West Bengal PC 28,Candidate 1 (SP),SP,SP,INDIA,141004,24.43,577262,58.1,True,1,4574,0.79,2024
West Bengal,West Bengal PC 28,Candidate 2 (DMK),DMK,DMK,INDIA,136430,23.63,577262,74.8,False,2,0,0,2024
West Bengal,West Bengal PC 28,Candidate 3 (BJP),BJP,BJP,NDA,116669,20.21,577262,55.5,False,3,0,0,2024
West Bengal,West Bengal PC 28,Candidate 4 (YSR),YSR,YSR,,99484,17.23,577262,67.9,False,4,0,0,2024
West Bengal,West Bengal PC 28,Candidate 5 (INC),INC,INC,INDIA,83673,14.49,577262,56.0,False,5,0,0,2024
West Bengal,West Bengal PC 29,Candidate 1 (BJP),BJP,BJP,NDA,209464,45.41,461282,73.4,True,1,37878,8.21,2024
West Bengal,West Bengal PC 29,Candidate 2 (INC),INC,INC,INDIA,171586,37.2,461282,69.1,False,2,0,0,2024
West Bengal,West Bengal PC 29,Candidate 3 (TMC),TMC,TMC,INDIA,80231,17.39,461282,72.8,False,3,0,0,2024
West Bengal,West Bengal PC 30,Candidate 1 (AIADMK),AIADMK,AIADMK,,409857,34.16,1199722,73.8,True,1,14203,1.18,2024
West Bengal,West Bengal PC 30,Candidate 2 (BJP),BJP,BJP,NDA,395654,32.98,1199722,65.5,False,2,0,0,2024
West Bengal,West Bengal PC 30,Candidate 3 (SP),SP,SP,INDIA,394209,32.86,1199722,71.7,False,3,0,0,2024
West Bengal,West Bengal PC 31,Candidate 1 (JDU),JDU,JDU,NDA,320641,45.34,707261,63.5,True,1,19227,2.72,2024
West Bengal,West Bengal PC 31,Candidate 2 (BJP),BJP,BJP,NDA,301414,42.62,707261,62.5,False,2,0,0,2024
West Bengal,West Bengal PC 31,Candidate 3 (INC),INC,INC,INDIA,85205,12.05,707261,55.5,False,3,0,0,2024
West Bengal,West Bengal PC 32,Candidate 1 (IND),IND,IND,,130758,26.42,494955,71.5,True,1,12406,2.51,2024
West Bengal,West Bengal PC 32,Candidate 2 (DMK),DMK,DMK,INDIA,118352,23.91,494955,66.9,False,2,0,0,2024
West Bengal,West Bengal PC 32,Candidate 3 (INC),INC,INC,INDIA,110963,22.42,494955,71.4,False,3,0,0,2024
West Bengal,West Bengal PC 32,Candidate 4 (TMC),TMC,TMC,INDIA,105779,21.37,494955,55.5,False,4,0,0,2024
West Bengal,West Bengal PC 32,Candidate 5 (BJP),BJP,BJP,NDA,29100,5.88,494955,60.2,False,5,0,0,2024
West Bengal,West Bengal PC 33,Candidate 1 (OTH),OTH,OTH,,261278,31.58,827369,77.6,True,1,23307,2.82,2024
West Bengal,West Bengal PC 33,Candidate 2 (BJP),BJP,BJP,NDA,237971,28.76,827369,56.9,False,2,0,0,2024
West Bengal,West Bengal PC 33,Candidate 3 (SP),SP,SP,INDIA,227757,27.53,827369,70.4,False,3,0,0,2024
West Bengal,West Bengal PC 33,Candidate 4 (INC),INC,INC,INDIA,100361,12.13,827369,73.5,False,4,0,0,2024
West Bengal,West Bengal PC 34,Candidate 1 (INC),INC,INC,INDIA,402913,52.93,761192,64.2,True,1,180582,23.72,2024
West Bengal,West Bengal PC 34,Candidate 2 (DMK),DMK,DMK,INDIA,222331,29.21,761192,56.7,False,2,0,0,2024
West Bengal,West Bengal PC 34,Candidate 3 (BJP),BJP,BJP,NDA,135946,17.86,761192,61.0,False,3,0,0,2024
West Bengal,West Bengal PC 35,Candidate 1 (BJP),BJP,BJP,NDA,447836,39.69,1128359,62.3,True,1,125353,11.11,2024
West Bengal,West Bengal PC 35,Candidate 2 (SP),SP,SP,INDIA,322483,28.58,1128359,61.6,False,2,0,0,2024
West Bengal,West Bengal PC 35,Candidate 3 (INC),INC,INC,INDIA,258082,22.87,1128359,68.2,False,3,0,0,2024
West Bengal,West Bengal PC 35,Candidate 4 (OTH),OTH,OTH,,99956,8.86,1128359,69.0,False,4,0,0,2024
West Bengal,West Bengal PC 36,Candidate 1 (JDU),JDU,JDU,NDA,204933,28.08,729757,57.9,True,1,1189,0.16,2024
West Bengal,West Bengal PC 36,Candidate 2 (BJP),BJP,BJP,NDA,203744,27.92,729757,58.9,False,2,0,0,2024
West Bengal,West Bengal PC 36,Candidate 3 (OTH),OTH,OTH,,187754,25.73,729757,70.3,False,3,0,0,2024
West Bengal,West Bengal PC 36,Candidate 4 (SP),SP,SP,INDIA,133323,18.27,729757,76.9,False,4,0,0,2024
West Bengal,West Bengal PC 37,Candidate 1 (BJP),BJP,BJP,NDA,291656,36.92,790067,76.3,True,1,30170,3.82,2024
West Bengal,West Bengal PC 37,Candidate 2 (TDP),TDP,TDP,NDA,261486,33.1,790067,63.3,False,2,0,0,2024
West Bengal,West Bengal PC 37,Candidate 3 (AIADMK),AIADMK,AIADMK,,179828,22.76,790067,65.7,False,3,0,0,2024
West Bengal,West Bengal PC 37,Candidate 4 (INC),INC,INC,INDIA,57095,7.23,790067,59.8,False,4,0,0,2024
West Bengal,West Bengal PC 38,Candidate 1 (OTH),OTH,OTH,,247110,36.3,680745,59.4,True,1,33977,4.99,2024
West Bengal,West Bengal PC 38,Candidate 2 (BJP),BJP,BJP,NDA,213133,31.31,680745,76.1,False,2,0,0,2024
West Bengal,West Bengal PC 38,Candidate 3 (IND),IND,IND,,116695,17.14,680745,66.7,False,3,0,0,2024
West Bengal,West Bengal PC 38,Candidate 4 (INC),INC,INC,INDIA,103805,15.25,680745,70.2,False,4,0,0,2024
West Bengal,West Bengal PC 39,Candidate 1 (INC),INC,INC,INDIA,126596,30.56,414309,77.5,True,1,19851,4.79,2024
West Bengal,West Bengal PC 39,Candidate 2 (DMK),DMK,DMK,INDIA,106745,25.76,414309,65.9,False,2,0,0,2024
West Bengal,West Bengal PC 39,Candidate 3 (SP),SP,SP,INDIA,83354,20.12,414309,68.7,False,3,0,0,2024
West Bengal,West Bengal PC 39,Candidate 4 (BJP),BJP,BJP,NDA,59050,14.25,414309,63.1,False,4,0,0,2024
West Bengal,West Bengal PC 39,Candidate 5 (BRS),BRS,BRS,,38561,9.31,414309,55.6,False,5,0,0,2024
West Bengal,West Bengal PC 40,Candidate 1 (SP),SP,SP,INDIA,337239,29.52,1142362,70.5,True,1,36592,3.2,2024
West Bengal,West Bengal PC 40,Candidate 2 (BJP),BJP,BJP,NDA,300647,26.32,1142362,65.0,False,2,0,0,2024
West Bengal,West Bengal PC 40,Candidate 3 (DMK),DMK,DMK,INDIA,296406,25.95,1142362,73.7,False,3,0,0,2024
West Bengal,West Bengal PC 40,Candidate 4 (AIADMK),AIADMK,AIADMK,,112114,9.81,1142362,65.0,False,4,0,0,2024
West Bengal,West Bengal PC 40,Candidate 5 (INC),INC,INC,INDIA,95955,8.4,1142362,70.1,False,5,0,0,2024
West Bengal,West Bengal PC 41,Candidate 1 (BJP),BJP,BJP,NDA,386624,41.66,928090,62.5,True,1,94147,10.14,2024
West Bengal,West Bengal PC 41,Candidate 2 (INC),INC,INC,INDIA,292477,31.51,928090,70.4,False,2,0,0,2024
West Bengal,West Bengal PC 41,Candidate 3 (OTH),OTH,OTH,,148965,16.05,928090,75.8,False,3,0,0,2024
West Bengal,West Bengal PC 41,Candidate 4 (TDP),TDP,TDP,NDA,100022,10.78,928090,59.5,False,4,0,0,2024
West Bengal,West Bengal PC 42,Candidate 1 (SP),SP,SP,INDIA,336707,31.35,1073923,75.4,True,1,48250,4.49,2024
West Bengal,West Bengal PC 42,Candidate 2 (BJP),BJP,BJP,NDA,288457,26.86,1073923,68.5,False,2,0,0,2024
West Bengal,West Bengal PC 42,Candidate 3 (TMC),TMC,TMC,INDIA,257566,23.98,1073923,77.6,False,3,0,0,2024
West Bengal,West Bengal PC 42,Candidate 4 (DMK),DMK,DMK,INDIA,129277,12.04,1073923,70.1,False,4,0,0,2024
West Bengal,West Bengal PC 42,Candidate 5 (AIADMK),AIADMK,AIADMK,,61914,5.77,1073923,62.2,False,5,0,0,2024
Bihar,Bihar PC 1,Candidate 1 (BJP),BJP,BJP,NDA,274094,33.04,829660,57.6,True,1,61017,7.35,2024
Bihar,Bihar PC 1,Candidate 2 (INC),INC,INC,INDIA,213077,25.68,829660,56.3,False,2,0,0,2024
Bihar,Bihar PC 1,Candidate 3 (BRS),BRS,BRS,,157359,18.97,829660,76.9,False,3,0,0,2024
Bihar,Bihar PC 1,Candidate 4 (SP),SP,SP,INDIA,115885,13.97,829660,68.4,False,4,0,0,2024
Bihar,Bihar PC 1,Candidate 5 (TDP),TDP,TDP,NDA,69243,8.35,829660,69.5,False,5,0,0,2024
Bihar,Bihar PC 2,Candidate 1 (SP),SP,SP,INDIA,335969,49.45,679482,58.4,True,1,174099,25.62,2024
Bihar,Bihar PC 2,Candidate 2 (BJP),BJP,BJP,NDA,161870,23.82,679482,71.2,False,2,0,0,2024
Bihar,Bihar PC 2,Candidate 3 (INC),INC,INC,INDIA,138639,20.4,679482,63.8,False,3,0,0,2024
Bihar,Bihar PC 2,Candidate 4 (DMK),DMK,DMK,INDIA,43002,6.33,679482,74.3,False,4,0,0,2024
Bihar,Bihar PC 3,Candidate 1 (BJP),BJP,BJP,NDA,209337,48.26,433783,58.4,True,1,37833,8.72,2024
Bihar,Bihar PC 3,Candidate 2 (SP),SP,SP,INDIA,171504,39.54,433783,62.4,False,2,0,0,2024
Bihar,Bihar PC 3,Candidate 3 (DMK),DMK,DMK,INDIA,52941,12.2,433783,74.9,False,3,0,0,2024
Bihar,Bihar PC 4,Candidate 1 (SP),SP,SP,INDIA,368704,35.55,1037060,66.1,True,1,16234,1.57,2024
Bihar,Bihar PC 4,Candidate 2 (INC),INC,INC,INDIA,352470,33.99,1037060,60.6,False,2,0,0,2024
Bihar,Bihar PC 4,Candidate 3 (BJP),BJP,BJP,NDA,315884,30.46,1037060,60.6,False,3,0,0,2024
Bihar,Bihar PC 5,Candidate 1 (INC),INC,INC,INDIA,349472,31.58,1106751,70.8,True,1,77384,6.99,2024
Bihar,Bihar PC 5,Candidate 2 (TMC),TMC,TMC,INDIA,272088,24.58,1106751,70.0,False,2,0,0,2024
Bihar,Bihar PC 5,Candidate 3 (OTH),OTH,OTH,,265922,24.03,1106751,75.6,False,3,0,0,2024
Bihar,Bihar PC 5,Candidate 4 (BJP),BJP,BJP,NDA,219267,19.81,1106751,73.3,False,4,0,0,2024
Bihar,Bihar PC 6,Candidate 1 (TMC),TMC,TMC,INDIA,236587,29.01,815620,72.0,True,1,71956,8.82,2024
Bihar,Bihar PC 6,Candidate 2 (AIADMK),AIADMK,AIADMK,,164631,20.18,815620,63.0,False,2,0,0,2024
Bihar,Bihar PC 6,Candidate 3 (BJP),BJP,BJP,NDA,143906,17.64,815620,55.2,False,3,0,0,2024
Bihar,Bihar PC 6,Candidate 4 (INC),INC,INC,INDIA,142176,17.43,815620,58.0,False,4,0,0,2024
Bihar,Bihar PC 6,Candidate 5 (DMK),DMK,DMK,INDIA,81564,10.0,815620,75.2,False,5,0,0,2024
Bihar,Bihar PC 6,Candidate 6 (SP),SP,SP,INDIA,46753,5.73,815620,77.8,False,6,0,0,2024
Bihar,Bihar PC 7,Candidate 1 (BJP),BJP,BJP,NDA,205535,28.75,714809,62.1,True,1,5658,0.79,2024
Bihar,Bihar PC 7,Candidate 2 (SP),SP,SP,INDIA,199877,27.96,714809,56.1,False,2,0,0,2024
Bihar,Bihar PC 7,Candidate 3 (AIADMK),AIADMK,AIADMK,,156540,21.9,714809,68.1,False,3,0,0,2024
Bihar,Bihar PC 7,Candidate 4 (OTH),OTH,OTH,,88006,12.31,714809,75.8,False,4,0,0,2024
Bihar,Bihar PC 7,Candidate 5 (INC),INC,INC,INDIA,64849,9.07,714809,72.3,False,5,0,0,2024
Bihar,Bihar PC 8,Candidate 1 (IND),IND,IND,,205862,26.53,776037,63.4,True,1,20152,2.6,2024
Bihar,Bihar PC 8,Candidate 2 (TDP),TDP,TDP,NDA,185710,23.93,776037,73.6,False,2,0,0,2024
Bihar,Bihar PC 8,Candidate 3 (TMC),TMC,TMC,INDIA,136457,17.58,776037,64.0,False,3,0,0,2024
Bihar,Bihar PC 8,Candidate 4 (BJP),BJP,BJP,NDA,111541,14.37,776037,59.8,False,4,0,0,2024
Bihar,Bihar PC 8,Candidate 5 (SP),SP,SP,INDIA,99924,12.88,776037,73.2,False,5,0,0,2024
Bihar,Bihar PC 8,Candidate 6 (INC),INC,INC,INDIA,36540,4.71,776037,73.0,False,6,0,0,2024
Bihar,Bihar PC 9,Candidate 1 (DMK),DMK,DMK,INDIA,434393,39.39,1102731,59.0,True,1,129625,11.75,2024
Bihar,Bihar PC 9,Candidate 2 (BJP),BJP,BJP,NDA,304768,27.64,1102731,59.6,False,2,0,0,2024
Bihar,Bihar PC 9,Candidate 3 (TMC),TMC,TMC,INDIA,187005,16.96,1102731,68.9,False,3,0,0,2024
Bihar,Bihar PC 9,Candidate 4 (AIADMK),AIADMK,AIADMK,,95051,8.62,1102731,64.7,False,4,0,0,2024
Bihar,Bihar PC 9,Candidate 5 (TDP),TDP,TDP,NDA,81511,7.39,1102731,61.6,False,5,0,0,2024
Bihar,Bihar PC 10,Candidate 1 (TDP),TDP,TDP,NDA,162098,34.46,470449,65.3,True,1,53613,11.4,2024
Bihar,Bihar PC 10,Candidate 2 (SP),SP,SP,INDIA,108485,23.06,470449,72.3,False,2,0,0,2024
Bihar,Bihar PC 10,Candidate 3 (TMC),TMC,TMC,INDIA,71944,15.29,470449,60.3,False,3,0,0,2024
Bihar,Bihar PC 10,Candidate 4 (BJP),BJP,BJP,NDA,70967,15.09,470449,61.3,False,4,0,0,2024
Bihar,Bihar PC 10,Candidate 5 (OTH),OTH,OTH,,56953,12.11,470449,59.3,False,5,0,0,2024
Bihar,Bihar PC 11,Candidate 1 (BJP),BJP,BJP,NDA,219596,37.94,578801,65.8,True,1,36011,6.22,2024
Bihar,Bihar PC 11,Candidate 2 (TMC),TMC,TMC,INDIA,183585,31.72,578801,61.9,False,2,0,0,2024
Bihar,Bihar PC 11,Candidate 3 (INC),INC,INC,INDIA,175618,30.34,578801,74.5,False,3,0,0,2024
Bihar,Bihar PC 12,Candidate 1 (BJP),BJP,BJP,NDA,123868,27.42,451828,67.0,True,1,2472,0.55,2024
Bihar,Bihar PC 12,Candidate 2 (TDP),TDP,TDP,NDA,121396,26.87,451828,68.5,False,2,0,0,2024
Bihar,Bihar PC 12,Candidate 3 (TMC),TMC,TMC,INDIA,95377,21.11,451828,68.2,False,3,0,0,2024
Bihar,Bihar PC 12,Candidate 4 (SP),SP,SP,INDIA,59843,13.24,451828,72.9,False,4,0,0,2024
Bihar,Bihar PC 12,Candidate 5 (INC),INC,INC,INDIA,51340,11.36,451828,71.1,False,5,0,0,2024
Bihar,Bihar PC 13,Candidate 1 (OTH),OTH,OTH,,175228,27.41,639334,58.1,True,1,43384,6.79,2024
Bihar,Bihar PC 13,Candidate 2 (BRS),BRS,BRS,,131844,20.62,639334,70.1,False,2,0,0,2024
Bihar,Bihar PC 13,Candidate 3 (AIADMK),AIADMK,AIADMK,,124020,19.4,639334,72.0,False,3,0,0,2024
Bihar,Bihar PC 13,Candidate 4 (BJP),BJP,BJP,NDA,106068,16.59,639334,60.6,False,4,0,0,2024
Bihar,Bihar PC 13,Candidate 5 (TMC),TMC,TMC,INDIA,102172,15.98,639334,57.6,False,5,0,0,2024
Bihar,Bihar PC 14,Candidate 1 (INC),INC,INC,INDIA,210996,35.76,589953,76.2,True,1,11301,1.92,2024
Bihar,Bihar PC 14,Candidate 2 (SP),SP,SP,INDIA,199695,33.85,589953,73.0,False,2,0,0,2024
Bihar,Bihar PC 14,Candidate 3 (BJP),BJP,BJP,NDA,179260,30.39,589953,58.0,False,3,0,0,2024
Bihar,Bihar PC 15,Candidate 1 (AIADMK),AIADMK,AIADMK,,426863,41.67,1024447,60.6,True,1,109388,10.68,2024
Bihar,Bihar PC 15,Candidate 2 (DMK),DMK,DMK,INDIA,317475,30.99,1024447,66.1,False,2,0,0,2024
Bihar,Bihar PC 15,Candidate 3 (SP),SP,SP,INDIA,114704,11.2,1024447,72.9,False,3,0,0,2024
Bihar,Bihar PC 15,Candidate 4 (JDU),JDU,JDU,NDA,112267,10.96,1024447,67.3,False,4,0,0,2024
Bihar,Bihar PC 15,Candidate 5 (INC),INC,INC,INDIA,53136,5.19,1024447,59.3,False,5,0,0,2024
Bihar,Bihar PC 16,Candidate 1 (YSR),YSR,YSR,,306365,30.46,1005882,72.1,True,1,17729,1.76,2024
Bihar,Bihar PC 16,Candidate 2 (OTH),OTH,OTH,,288636,28.69,1005882,72.4,False,2,0,0,2024
Bihar,Bihar PC 16,Candidate 3 (INC),INC,INC,INDIA,272441,27.08,1005882,66.7,False,3,0,0,2024
Bihar,Bihar PC 16,Candidate 4 (BJP),BJP,BJP,NDA,138438,13.76,1005882,76.2,False,4,0,0,2024
Bihar,Bihar PC 17,Candidate 1 (DMK),DMK,DMK,INDIA,345802,28.87,1197860,58.4,True,1,74357,6.21,2024
Bihar,Bihar PC 17,Candidate 2 (BJP),BJP,BJP,NDA,271445,22.66,1197860,75.6,False,2,0,0,2024
Bihar,Bihar PC 17,Candidate 3 (YSR),YSR,YSR,,246730,20.6,1197860,67.3,False,3,0,0,2024
Bihar,Bihar PC 17,Candidate 4 (INC),INC,INC,INDIA,215510,17.99,1197860,65.8,False,4,0,0,2024
Bihar,Bihar PC 17,Candidate 5 (TDP),TDP,TDP,NDA,118370,9.88,1197860,76.5,False,5,0,0,2024
Bihar,Bihar PC 18,Candidate 1 (BJP),BJP,BJP,NDA,194171,35.76,543021,61.3,True,1,32324,5.95,2024
Bihar,Bihar PC 18,Candidate 2 (IND),IND,IND,,161847,29.81,543021,60.0,False,2,0,0,2024
Bihar,Bihar PC 18,Candidate 3 (INC),INC,INC,INDIA,151916,27.98,543021,75.0,False,3,0,0,2024
Bihar,Bihar PC 18,Candidate 4 (SP),SP,SP,INDIA,35084,6.46,543021,73.7,False,4,0,0,2024
Bihar,Bihar PC 19,Candidate 1 (SP),SP,SP,INDIA,272086,49.66,547939,75.4,True,1,63160,11.53,2024
Bihar,Bihar PC 19,Candidate 2 (BJP),BJP,BJP,NDA,208926,38.13,547939,66.8,False,2,0,0,2024
Bihar,Bihar PC 19,Candidate 3 (INC),INC,INC,INDIA,66925,12.21,547939,57.2,False,3,0,0,2024
Bihar,Bihar PC 20,Candidate 1 (BJP),BJP,BJP,NDA,439412,49.04,895983,73.9,True,1,47294,5.28,2024
Bihar,Bihar PC 20,Candidate 2 (INC),INC,INC,INDIA,392118,43.76,895983,55.6,False,2,0,0,2024
Bihar,Bihar PC 20,Candidate 3 (DMK),DMK,DMK,INDIA,64452,7.19,895983,60.7,False,3,0,0,2024
Bihar,Bihar PC 21,Candidate 1 (BJP),BJP,BJP,NDA,424457,55.09,770527,77.0,True,1,181723,23.58,2024
Bihar,Bihar PC 21,Candidate 2 (OTH),OTH,OTH,,242734,31.5,770527,76.3,False,2,0,0,2024
Bihar,Bihar PC 21,Candidate 3 (DMK),DMK,DMK,INDIA,103334,13.41,770527,61.9,False,3,0,0,2024
Bihar,Bihar PC 22,Candidate 1 (BJP),BJP,BJP,NDA,477442,51.83,921257,72.9,True,1,33628,3.65,2024
Bihar,Bihar PC 22,Candidate 2 (OTH),OTH,OTH,,443814,48.17,921257,67.1,False,2,0,0,2024
Bihar,Bihar PC 23,Candidate 1 (INC),INC,INC,INDIA,194587,27.8,699970,76.1,True,1,38581,5.51,2024
Bihar,Bihar PC 23,Candidate 2 (JDU),JDU,JDU,NDA,156006,22.29,699970,63.1,False,2,0,0,2024
Bihar,Bihar PC 23,Candidate 3 (BJP),BJP,BJP,NDA,139399,19.92,699970,57.0,False,3,0,0,2024
Bihar,Bihar PC 23,Candidate 4 (SP),SP,SP,INDIA,137563,19.65,699970,62.7,False,4,0,0,2024
Bihar,Bihar PC 23,Candidate 5 (DMK),DMK,DMK,INDIA,72412,10.35,699970,73.5,False,5,0,0,2024
Bihar,Bihar PC 24,Candidate 1 (JDU),JDU,JDU,NDA,535124,44.6,1199829,66.7,True,1,148608,12.39,2024
Bihar,Bihar PC 24,Candidate 2 (BJP),BJP,BJP,NDA,386516,32.21,1199829,67.5,False,2,0,0,2024
Bihar,Bihar PC 24,Candidate 3 (OTH),OTH,OTH,,278188,23.19,1199829,56.4,False,3,0,0,2024
Bihar,Bihar PC 25,Candidate 1 (TMC),TMC,TMC,INDIA,231479,33.53,690462,64.5,True,1,79640,11.53,2024
Bihar,Bihar PC 25,Candidate 2 (SP),SP,SP,INDIA,151839,21.99,690462,62.4,False,2,0,0,2024
Bihar,Bihar PC 25,Candidate 3 (JDU),JDU,JDU,NDA,148044,21.44,690462,75.4,False,3,0,0,2024
Bihar,Bihar PC 25,Candidate 4 (INC),INC,INC,INDIA,108312,15.69,690462,68.6,False,4,0,0,2024
Bihar,Bihar PC 25,Candidate 5 (IND),IND,IND,,50786,7.36,690462,56.4,False,5,0,0,2024
Bihar,Bihar PC 26,Candidate 1 (BJP),BJP,BJP,NDA,408587,53.22,767720,69.4,True,1,159770,20.81,2024
Bihar,Bihar PC 26,Candidate 2 (AIADMK),AIADMK,AIADMK,,248817,32.41,767720,77.2,False,2,0,0,2024
Bihar,Bihar PC 26,Candidate 3 (INC),INC,INC,INDIA,110315,14.37,767720,55.8,False,3,0,0,2024
Bihar,Bihar PC 27,Candidate 1 (SP),SP,SP,INDIA,152578,33.0,462368,58.9,True,1,31039,6.71,2024
Bihar,Bihar PC 27,Candidate 2 (BJP),BJP,BJP,NDA,121539,26.29,462368,62.4,False,2,0,0,2024
Bihar,Bihar PC 27,Candidate 3 (YSR),YSR,YSR,,104779,22.66,462368,70.9,False,3,0,0,2024
Bihar,Bihar PC 27,Candidate 4 (DMK),DMK,DMK,INDIA,83470,18.05,462368,55.7,False,4,0,0,2024
Bihar,Bihar PC 28,Candidate 1 (INC),INC,INC,INDIA,147776,33.77,437550,63.1,True,1,1930,0.44,2024
Bihar,Bihar PC 28,Candidate 2 (BJP),BJP,BJP,NDA,145846,33.33,437550,66.5,False,2,0,0,2024
Bihar,Bihar PC 28,Candidate 3 (OTH),OTH,OTH,,143927,32.89,437550,60.3,False,3,0,0,2024
Bihar,Bihar PC 29,Candidate 1 (SP),SP,SP,INDIA,183911,43.73,420573,57.7,True,1,2491,0.59,2024
Bihar,Bihar PC 29,Candidate 2 (INC),INC,INC,INDIA,181420,43.14,420573,61.4,False,2,0,0,2024
Bihar,Bihar PC 29,Candidate 3 (BJP),BJP,BJP,NDA,55241,13.13,420573,76.8,False,3,0,0,2024
Bihar,Bihar PC 30,Candidate 1 (JDU),JDU,JDU,NDA,228008,33.36,683576,73.7,True,1,97425,14.25,2024
Bihar,Bihar PC 30,Candidate 2 (OTH),OTH,OTH,,130583,19.1,683576,58.7,False,2,0,0,2024
Bihar,Bihar PC 30,Candidate 3 (SP),SP,SP,INDIA,123116,18.01,683576,68.5,False,3,0,0,2024
Bihar,Bihar PC 30,Candidate 4 (BJP),BJP,BJP,NDA,110759,16.2,683576,71.5,False,4,0,0,2024
Bihar,Bihar PC 30,Candidate 5 (TMC),TMC,TMC,INDIA,91107,13.33,683576,77.6,False,5,0,0,2024
Bihar,Bihar PC 31,Candidate 1 (TDP),TDP,TDP,NDA,179245,28.24,634791,72.7,True,1,7199,1.13,2024
Bihar,Bihar PC 31,Candidate 2 (TMC),TMC,TMC,INDIA,172046,27.1,634791,75.3,False,2,0,0,2024
Bihar,Bihar PC 31,Candidate 3 (BJP),BJP,BJP,NDA,151817,23.92,634791,58.2,False,3,0,0,2024
Bihar,Bihar PC 31,Candidate 4 (INC),INC,INC,INDIA,131682,20.74,634791,64.2,False,4,0,0,2024
Bihar,Bihar PC 32,Candidate 1 (SP),SP,SP,INDIA,241009,38.22,630622,76.6,True,1,21081,3.34,2024
Bihar,Bihar PC 32,Candidate 2 (INC),INC,INC,INDIA,219928,34.87,630622,61.7,False,2,0,0,2024
Bihar,Bihar PC 32,Candidate 3 (BJP),BJP,BJP,NDA,169683,26.91,630622,63.1,False,3,0,0,2024
Bihar,Bihar PC 33,Candidate 1 (INC),INC,INC,INDIA,653536,75.45,866132,76.5,True,1,440941,50.91,2024
Bihar,Bihar PC 33,Candidate 2 (BJP),BJP,BJP,NDA,212595,24.55,866132,61.3,False,2,0,0,2024
Bihar,Bihar PC 34,Candidate 1 (SP),SP,SP,INDIA,344684,41.5,830534,67.9,True,1,91600,11.03,2024
Bihar,Bihar PC 34,Candidate 2 (JDU),JDU,JDU,NDA,253084,30.47,830534,64.9,False,2,0,0,2024
Bihar,Bihar PC 34,Candidate 3 (BJP),BJP,BJP,NDA,232764,28.03,830534,55.8,False,3,0,0,2024
Bihar,Bihar PC 35,Candidate 1 (JDU),JDU,JDU,NDA,293863,48.01,612064,72.2,True,1,41386,6.76,2024
Bihar,Bihar PC 35,Candidate 2 (BJP),BJP,BJP,NDA,252477,41.25,612064,72.4,False,2,0,0,2024
Bihar,Bihar PC 35,Candidate 3 (INC),INC,INC,INDIA,65723,10.74,612064,61.7,False,3,0,0,2024
Bihar,Bihar PC 36,Candidate 1 (INC),INC,INC,INDIA,331108,31.5,1051119,77.2,True,1,31517,3.0,2024
Bihar,Bihar PC 36,Candidate 2 (SP),SP,SP,INDIA,299591,28.5,1051119,59.9,False,2,0,0,2024
Bihar,Bihar PC 36,Candidate 3 (AIADMK),AIADMK,AIADMK,,220863,21.01,1051119,60.6,False,3,0,0,2024
Bihar,Bihar PC 36,Candidate 4 (BJP),BJP,BJP,NDA,112522,10.71,1051119,60.2,False,4,0,0,2024
Bihar,Bihar PC 36,Candidate 5 (DMK),DMK,DMK,INDIA,87031,8.28,1051119,72.5,False,5,0,0,2024
Bihar,Bihar PC 37,Candidate 1 (BJP),BJP,BJP,NDA,191243,38.93,491238,70.2,True,1,24226,4.93,2024
Bihar,Bihar PC 37,Candidate 2 (SP),SP,SP,INDIA,167017,34.0,491238,70.1,False,2,0,0,2024
Bihar,Bihar PC 37,Candidate 3 (BRS),BRS,BRS,,90821,18.49,491238,75.7,False,3,0,0,2024
Bihar,Bihar PC 37,Candidate 4 (INC),INC,INC,INDIA,42156,8.58,491238,70.8,False,4,0,0,2024
Bihar,Bihar PC 38,Candidate 1 (BJP),BJP,BJP,NDA,249281,35.55,701121,62.1,True,1,59346,8.46,2024
Bihar,Bihar PC 38,Candidate 2 (BRS),BRS,BRS,,189935,27.09,701121,75.7,False,2,0,0,2024
Bihar,Bihar PC 38,Candidate 3 (JDU),JDU,JDU,NDA,134162,19.14,701121,69.1,False,3,0,0,2024
Bihar,Bihar PC 38,Candidate 4 (TMC),TMC,TMC,INDIA,102194,14.58,701121,70.3,False,4,0,0,2024
Bihar,Bihar PC 38,Candidate 5 (DMK),DMK,DMK,INDIA,25546,3.64,701121,71.1,False,5,0,0,2024
Bihar,Bihar PC 39,Candidate 1 (BJP),BJP,BJP,NDA,234531,33.83,693214,77.8,True,1,66391,9.58,2024
Bihar,Bihar PC 39,Candidate 2 (IND),IND,IND,,168140,24.26,693214,75.6,False,2,0,0,2024
Bihar,Bihar PC 39,Candidate 3 (SP),SP,SP,INDIA,108568,15.66,693214,58.3,False,3,0,0,2024
Bihar,Bihar PC 39,Candidate 4 (DMK),DMK,DMK,INDIA,94116,13.58,693214,59.8,False,4,0,0,2024
Bihar,Bihar PC 39,Candidate 5 (TMC),TMC,TMC,INDIA,87857,12.67,693214,69.3,False,5,0,0,2024
Bihar,Bihar PC 40,Candidate 1 (DMK),DMK,DMK,INDIA,272125,30.63,888443,62.7,True,1,76429,8.6,2024
Bihar,Bihar PC 40,Candidate 2 (BJP),BJP,BJP,NDA,195696,22.03,888443,69.7,False,2,0,0,2024
Bihar,Bihar PC 40,Candidate 3 (OTH),OTH,OTH,,194358,21.88,888443,60.4,False,3,0,0,2024
Bihar,Bihar PC 40,Candidate 4 (SP),SP,SP,INDIA,174768,19.67,888443,63.8,False,4,0,0,2024
Bihar,Bihar PC 40,Candidate 5 (AIADMK),AIADMK,AIADMK,,51494,5.8,888443,64.5,False,5,0,0,2024
Tamil Nadu,Tamil Nadu PC 1,Candidate 1 (YSR),YSR,YSR,,166024,25.08,661877,63.8,True,1,4716,0.71,2024
Tamil Nadu,Tamil Nadu PC 1,Candidate 2 (OTH),OTH,OTH,,161308,24.37,661877,73.5,False,2,0,0,2024
Tamil Nadu,Tamil Nadu PC 1,Candidate 3 (SP),SP,SP,INDIA,155662,23.52,661877,55.6,False,3,0,0,2024
Tamil Nadu,Tamil Nadu PC 1,Candidate 4 (TMC),TMC,TMC,INDIA,123458,18.65,661877,75.2,False,4,0,0,2024
Tamil Nadu,Tamil Nadu PC 1,Candidate 5 (BJP),BJP,BJP,NDA,55422,8.37,661877,57.1,False,5,0,0,2024
Tamil Nadu,Tamil Nadu PC 2,Candidate 1 (OTH),OTH,OTH,,173177,36.57,473500,70.5,True,1,39146,8.27,2024
Tamil Nadu,Tamil Nadu PC 2,Candidate 2 (BJP),BJP,BJP,NDA,134031,28.31,473500,66.3,False,2,0,0,2024
Tamil Nadu,Tamil Nadu PC 2,Candidate 3 (DMK),DMK,DMK,INDIA,94200,19.89,473500,56.1,False,3,0,0,2024
Tamil Nadu,Tamil Nadu PC 2,Candidate 4 (INC),INC,INC,INDIA,72090,15.23,473500,60.1,False,4,0,0,2024
Tamil Nadu,Tamil Nadu PC 3,Candidate 1 (INC),INC,INC,INDIA,162811,30.97,525638,76.3,True,1,33455,6.36,2024
Tamil Nadu,Tamil Nadu PC 3,Candidate 2 (YSR),YSR,YSR,,129356,24.61,525638,58.5,False,2,0,0,2024
Tamil Nadu,Tamil Nadu PC 3,Candidate 3 (SP),SP,SP,INDIA,121335,23.08,525638,70.7,False,3,0,0,2024
Tamil Nadu,Tamil Nadu PC 3,Candidate 4 (TDP),TDP,TDP,NDA,70759,13.46,525638,68.5,False,4,0,0,2024
Tamil Nadu,Tamil Nadu PC 3,Candidate 5 (BJP),BJP,BJP,NDA,41374,7.87,525638,67.5,False,5,0,0,2024
Tamil Nadu,Tamil Nadu PC 4,Candidate 1 (IND),IND,IND,,391763,37.07,1056817,71.0,True,1,53712,5.08,2024
Tamil Nadu,Tamil Nadu PC 4,Candidate 2 (OTH),OTH,OTH,,338051,31.99,1056817,61.7,False,2,0,0,2024
Tamil Nadu,Tamil Nadu PC 4,Candidate 3 (INC),INC,INC,INDIA,189904,17.97,1056817,70.3,False,3,0,0,2024
Tamil Nadu,Tamil Nadu PC 4,Candidate 4 (BJP),BJP,BJP,NDA,76696,7.26,1056817,64.0,False,4,0,0,2024
Tamil Nadu,Tamil Nadu PC 4,Candidate 5 (AIADMK),AIADMK,AIADMK,,60400,5.72,1056817,77.0,False,5,0,0,2024
Tamil Nadu,Tamil Nadu PC 5,Candidate 1 (INC),INC,INC,INDIA,312412,30.34,1029813,61.2,True,1,18584,1.8,2024
Tamil Nadu,Tamil Nadu PC 5,Candidate 2 (DMK),DMK,DMK,INDIA,293828,28.53,1029813,55.0,False,2,0,0,2024
Tamil Nadu,Tamil Nadu PC 5,Candidate 3 (TDP),TDP,TDP,NDA,269865,26.21,1029813,62.6,False,3,0,0,2024
Tamil Nadu,Tamil Nadu PC 5,Candidate 4 (BJP),BJP,BJP,NDA,153706,14.93,1029813,61.5,False,4,0,0,2024
Tamil Nadu,Tamil Nadu PC 6,Candidate 1 (BRS),BRS,BRS,,184653,28.14,656281,73.9,True,1,17308,2.64,2024
Tamil Nadu,Tamil Nadu PC 6,Candidate 2 (INC),INC,INC,INDIA,167345,25.5,656281,59.3,False,2,0,0,2024
Tamil Nadu,Tamil Nadu PC 6,Candidate 3 (BJP),BJP,BJP,NDA,166210,25.33,656281,57.2,False,3,0,0,2024
Tamil Nadu,Tamil Nadu PC 6,Candidate 4 (SP),SP,SP,INDIA,138071,21.04,656281,58.1,False,4,0,0,2024
Tamil Nadu,Tamil Nadu PC 7,Candidate 1 (SP),SP,SP,INDIA,208945,41.81,499737,58.3,True,1,20215,4.05,2024
Tamil Nadu,Tamil Nadu PC 7,Candidate 2 (BJP),BJP,BJP,NDA,188730,37.77,499737,59.9,False,2,0,0,2024
Tamil Nadu,Tamil Nadu PC 7,Candidate 3 (INC),INC,INC,INDIA,102061,20.42,499737,65.5,False,3,0,0,2024
Tamil Nadu,Tamil Nadu PC 8,Candidate 1 (TDP),TDP,TDP,NDA,222303,26.54,837746,76.5,True,1,2386,0.28,2024
Tamil Nadu,Tamil Nadu PC 8,Candidate 2 (SP),SP,SP,INDIA,219917,26.25,837746,65.2,False,2,0,0,2024
Tamil Nadu,Tamil Nadu PC 8,Candidate 3 (INC),INC,INC,INDIA,163915,19.57,837746,72.5,False,3,0,0,2024
Tamil Nadu,Tamil Nadu PC 8,Candidate 4 (AIADMK),AIADMK,AIADMK,,149872,17.89,837746,65.2,False,4,0,0,2024
Tamil Nadu,Tamil Nadu PC 8,Candidate 5 (DMK),DMK,DMK,INDIA,81737,9.76,837746,69.7,False,5,0,0,2024
Tamil Nadu,Tamil Nadu PC 9,Candidate 1 (INC),INC,INC,INDIA,528790,59.0,896301,55.6,True,1,295134,32.93,2024
Tamil Nadu,Tamil Nadu PC 9,Candidate 2 (BJP),BJP,BJP,NDA,233656,26.07,896301,62.4,False,2,0,0,2024
Tamil Nadu,Tamil Nadu PC 9,Candidate 3 (TMC),TMC,TMC,INDIA,133854,14.93,896301,68.8,False,3,0,0,2024
Tamil Nadu,Tamil Nadu PC 10,Candidate 1 (INC),INC,INC,INDIA,320815,37.14,863720,68.6,True,1,66944,7.75,2024
Tamil Nadu,Tamil Nadu PC 10,Candidate 2 (SP),SP,SP,INDIA,253871,29.39,863720,77.8,False,2,0,0,2024
Tamil Nadu,Tamil Nadu PC 10,Candidate 3 (BJP),BJP,BJP,NDA,171879,19.9,863720,65.8,False,3,0,0,2024
Tamil Nadu,Tamil Nadu PC 10,Candidate 4 (IND),IND,IND,,117153,13.56,863720,77.9,False,4,0,0,2024
Tamil Nadu,Tamil Nadu PC 11,Candidate 1 (DMK),DMK,DMK,INDIA,349961,31.82,1099685,71.7,True,1,5788,0.53,2024
Tamil Nadu,Tamil Nadu PC 11,Candidate 2 (TDP),TDP,TDP,NDA,344173,31.3,1099685,64.8,False,2,0,0,2024
Tamil Nadu,Tamil Nadu PC 11,Candidate 3 (BJP),BJP,BJP,NDA,238871,21.72,1099685,72.9,False,3,0,0,2024
Tamil Nadu,Tamil Nadu PC 11,Candidate 4 (INC),INC,INC,INDIA,93171,8.47,1099685,74.5,False,4,0,0,2024
Tamil Nadu,Tamil Nadu PC 11,Candidate 5 (IND),IND,IND,,73507,6.68,1099685,61.2,False,5,0,0,2024
Tamil Nadu,Tamil Nadu PC 12,Candidate 1 (BRS),BRS,BRS,,156469,21.63,723290,67.7,True,1,4905,0.68,2024
Tamil Nadu,Tamil Nadu PC 12,Candidate 2 (SP),SP,SP,INDIA,151564,20.95,723290,65.3,False,2,0,0,2024
Tamil Nadu,Tamil Nadu PC 12,Candidate 3 (INC),INC,INC,INDIA,150858,20.86,723290,55.2,False,3,0,0,2024
Tamil Nadu,Tamil Nadu PC 12,Candidate 4 (TDP),TDP,TDP,NDA,135050,18.67,723290,55.0,False,4,0,0,2024
Tamil Nadu,Tamil Nadu PC 12,Candidate 5 (JDU),JDU,JDU,NDA,97136,13.43,723290,59.3,False,5,0,0,2024
Tamil Nadu,Tamil Nadu PC 12,Candidate 6 (BJP),BJP,BJP,NDA,32210,4.45,723290,75.2,False,6,0,0,2024
Tamil Nadu,Tamil Nadu PC 13,Candidate 1 (IND),IND,IND,,240782,48.15,500072,77.0,True,1,69119,13.82,2024
Tamil Nadu,Tamil Nadu PC 13,Candidate 2 (INC),INC,INC,INDIA,171663,34.33,500072,59.6,False,2,0,0,2024
Tamil Nadu,Tamil Nadu PC 13,Candidate 3 (BJP),BJP,BJP,NDA,46800,9.36,500072,63.7,False,3,0,0,2024
Tamil Nadu,Tamil Nadu PC 13,Candidate 4 (DMK),DMK,DMK,INDIA,40826,8.16,500072,76.7,False,4,0,0,2024
Tamil Nadu,Tamil Nadu PC 14,Candidate 1 (OTH),OTH,OTH,,273171,50.86,537065,73.8,True,1,127538,23.75,2024
Tamil Nadu,Tamil Nadu PC 14,Candidate 2 (DMK),DMK,DMK,INDIA,145633,27.12,537065,59.2,False,2,0,0,2024
Tamil Nadu,Tamil Nadu PC 14,Candidate 3 (BJP),BJP,BJP,NDA,74007,13.78,537065,75.1,False,3,0,0,2024
Tamil Nadu,Tamil Nadu PC 14,Candidate 4 (SP),SP,SP,INDIA,44252,8.24,537065,63.2,False,4,0,0,2024
Tamil Nadu,Tamil Nadu PC 15,Candidate 1 (AIADMK),AIADMK,AIADMK,,139352,29.44,473285,62.8,True,1,25011,5.28,2024
Tamil Nadu,Tamil Nadu PC 15,Candidate 2 (DMK),DMK,DMK,INDIA,114341,24.16,473285,66.8,False,2,0,0,2024
Tamil Nadu,Tamil Nadu PC 15,Candidate 3 (BJP),BJP,BJP,NDA,87649,18.52,473285,67.4,False,3,0,0,2024
Tamil Nadu,Tamil Nadu PC 15,Candidate 4 (INC),INC,INC,INDIA,87099,18.4,473285,68.5,False,4,0,0,2024
Tamil Nadu,Tamil Nadu PC 15,Candidate 5 (TMC),TMC,TMC,INDIA,44843,9.47,473285,60.6,False,5,0,0,2024
Tamil Nadu,Tamil Nadu PC 16,Candidate 1 (BJP),BJP,BJP,NDA,364659,43.81,832315,55.1,True,1,464,0.06,2024
Tamil Nadu,Tamil Nadu PC 16,Candidate 2 (SP),SP,SP,INDIA,364195,43.76,832315,70.3,False,2,0,0,2024
Tamil Nadu,Tamil Nadu PC 16,Candidate 3 (INC),INC,INC,INDIA,103460,12.43,832315,75.3,False,3,0,0,2024
Tamil Nadu,Tamil Nadu PC 17,Candidate 1 (SP),SP,SP,INDIA,266284,32.69,814649,64.7,True,1,58519,7.18,2024
Tamil Nadu,Tamil Nadu PC 17,Candidate 2 (DMK),DMK,DMK,INDIA,207765,25.5,814649,74.7,False,2,0,0,2024
Tamil Nadu,Tamil Nadu PC 17,Candidate 3 (BJP),BJP,BJP,NDA,178319,21.89,814649,65.5,False,3,0,0,2024
Tamil Nadu,Tamil Nadu PC 17,Candidate 4 (TMC),TMC,TMC,INDIA,162279,19.92,814649,56.5,False,4,0,0,2024
Tamil Nadu,Tamil Nadu PC 18,Candidate 1 (BJP),BJP,BJP,NDA,289554,32.52,890436,73.9,True,1,25440,2.86,2024
Tamil Nadu,Tamil Nadu PC 18,Candidate 2 (YSR),YSR,YSR,,264114,29.66,890436,55.1,False,2,0,0,2024
Tamil Nadu,Tamil Nadu PC 18,Candidate 3 (INC),INC,INC,INDIA,187434,21.05,890436,75.0,False,3,0,0,2024
Tamil Nadu,Tamil Nadu PC 18,Candidate 4 (TMC),TMC,TMC,INDIA,149332,16.77,890436,77.1,False,4,0,0,2024
Tamil Nadu,Tamil Nadu PC 19,Candidate 1 (SP),SP,SP,INDIA,191976,40.72,471443,69.5,True,1,19480,4.13,2024
Tamil Nadu,Tamil Nadu PC 19,Candidate 2 (INC),INC,INC,INDIA,172496,36.59,471443,74.3,False,2,0,0,2024
Tamil Nadu,Tamil Nadu PC 19,Candidate 3 (TDP),TDP,TDP,NDA,61661,13.08,471443,59.7,False,3,0,0,2024
Tamil Nadu,Tamil Nadu PC 19,Candidate 4 (BJP),BJP,BJP,NDA,45307,9.61,471443,66.8,False,4,0,0,2024
Tamil Nadu,Tamil Nadu PC 20,Candidate 1 (BJP),BJP,BJP,NDA,587689,55.92,1050981,77.7,True,1,301225,28.66,2024
Tamil Nadu,Tamil Nadu PC 20,Candidate 2 (OTH),OTH,OTH,,286464,27.26,1050981,58.6,False,2,0,0,2024
Tamil Nadu,Tamil Nadu PC 20,Candidate 3 (YSR),YSR,YSR,,176826,16.82,1050981,61.6,False,3,0,0,2024
Tamil Nadu,Tamil Nadu PC 21,Candidate 1 (SP),SP,SP,INDIA,659934,65.71,1004294,64.7,True,1,467004,46.5,2024
Tamil Nadu,Tamil Nadu PC 21,Candidate 2 (INC),INC,INC,INDIA,192930,19.21,1004294,66.6,False,2,0,0,2024
Tamil Nadu,Tamil Nadu PC 21,Candidate 3 (BJP),BJP,BJP,NDA,151428,15.08,1004294,64.8,False,3,0,0,2024
Tamil Nadu,Tamil Nadu PC 22,Candidate 1 (TMC),TMC,TMC,INDIA,305698,32.36,944654,68.0,True,1,5434,0.58,2024
Tamil Nadu,Tamil Nadu PC 22,Candidate 2 (YSR),YSR,YSR,,300264,31.79,944654,59.7,False,2,0,0,2024
Tamil Nadu,Tamil Nadu PC 22,Candidate 3 (BJP),BJP,BJP,NDA,236609,25.05,944654,69.6,False,3,0,0,2024
Tamil Nadu,Tamil Nadu PC 22,Candidate 4 (INC),INC,INC,INDIA,63502,6.72,944654,59.3,False,4,0,0,2024
Tamil Nadu,Tamil Nadu PC 22,Candidate 5 (BRS),BRS,BRS,,38579,4.08,944654,76.2,False,5,0,0,2024
Tamil Nadu,Tamil Nadu PC 23,Candidate 1 (INC),INC,INC,INDIA,314291,36.51,860806,68.9,True,1,62241,7.23,2024
Tamil Nadu,Tamil Nadu PC 23,Candidate 2 (TMC),TMC,TMC,INDIA,252050,29.28,860806,75.1,False,2,0,0,2024
Tamil Nadu,Tamil Nadu PC 23,Candidate 3 (AIADMK),AIADMK,AIADMK,,188418,21.89,860806,71.4,False,3,0,0,2024
Tamil Nadu,Tamil Nadu PC 23,Candidate 4 (BJP),BJP,BJP,NDA,106045,12.32,860806,57.6,False,4,0,0,2024
Tamil Nadu,Tamil Nadu PC 24,Candidate 1 (INC),INC,INC,INDIA,324589,39.37,824513,61.8,True,1,63081,7.65,2024
Tamil Nadu,Tamil Nadu PC 24,Candidate 2 (BJP),BJP,BJP,NDA,261508,31.72,824513,65.4,False,2,0,0,2024
Tamil Nadu,Tamil Nadu PC 24,Candidate 3 (TMC),TMC,TMC,INDIA,191741,23.26,824513,57.0,False,3,0,0,2024
Tamil Nadu,Tamil Nadu PC 24,Candidate 4 (DMK),DMK,DMK,INDIA,46672,5.66,824513,65.7,False,4,0,0,2024
Tamil Nadu,Tamil Nadu PC 25,Candidate 1 (INC),INC,INC,INDIA,346324,30.98,1117763,69.8,True,1,14261,1.28,2024
Tamil Nadu,Tamil Nadu PC 25,Candidate 2 (BJP),BJP,BJP,NDA,332063,29.71,1117763,55.7,False,2,0,0,2024
Tamil Nadu,Tamil Nadu PC 25,Candidate 3 (TMC),TMC,TMC,INDIA,223092,19.96,1117763,68.1,False,3,0,0,2024
Tamil Nadu,Tamil Nadu PC 25,Candidate 4 (BRS),BRS,BRS,,216282,19.35,1117763,67.2,False,4,0,0,2024
Tamil Nadu,Tamil Nadu PC 26,Candidate 1 (SP),SP,SP,INDIA,275383,27.74,992560,61.1,True,1,11272,1.14,2024
Tamil Nadu,Tamil Nadu PC 26,Candidate 2 (BJP),BJP,BJP,NDA,264111,26.61,992560,59.3,False,2,0,0,2024
Tamil Nadu,Tamil Nadu PC 26,Candidate 3 (BRS),BRS,BRS,,238058,23.98,992560,57.2,False,3,0,0,2024
Tamil Nadu,Tamil Nadu PC 26,Candidate 4 (TMC),TMC,TMC,INDIA,121980,12.29,992560,69.9,False,4,0,0,2024
Tamil Nadu,Tamil Nadu PC 26,Candidate 5 (INC),INC,INC,INDIA,93026,9.37,992560,74.7,False,5,0,0,2024
Tamil Nadu,Tamil Nadu PC 27,Candidate 1 (BJP),BJP,BJP,NDA,485402,48.35,1003956,64.0,True,1,31264,3.11,2024
Tamil Nadu,Tamil Nadu PC 27,Candidate 2 (INC),INC,INC,INDIA,454138,45.23,1003956,63.8,False,2,0,0,2024
Tamil Nadu,Tamil Nadu PC 27,Candidate 3 (JDU),JDU,JDU,NDA,64414,6.42,1003956,75.6,False,3,0,0,2024
Tamil Nadu,Tamil Nadu PC 28,Candidate 1 (INC),INC,INC,INDIA,308227,27.89,1105033,60.2,True,1,14761,1.34,2024
Tamil Nadu,Tamil Nadu PC 28,Candidate 2 (OTH),OTH,OTH,,293466,26.56,1105033,65.6,False,2,0,0,2024
Tamil Nadu,Tamil Nadu PC 28,Candidate 3 (AIADMK),AIADMK,AIADMK,,228970,20.72,1105033,73.0,False,3,0,0,2024
Tamil Nadu,Tamil Nadu PC 28,Candidate 4 (TDP),TDP,TDP,NDA,221387,20.03,1105033,73.4,False,4,0,0,2024
Tamil Nadu,Tamil Nadu PC 28,Candidate 5 (BJP),BJP,BJP,NDA,52981,4.79,1105033,58.9,False,5,0,0,2024
Tamil Nadu,Tamil Nadu PC 29,Candidate 1 (TDP),TDP,TDP,NDA,273860,30.13,909011,65.6,True,1,26272,2.89,2024
Tamil Nadu,Tamil Nadu PC 29,Candidate 2 (JDU),JDU,JDU,NDA,247588,27.24,909011,61.3,False,2,0,0,2024
Tamil Nadu,Tamil Nadu PC 29,Candidate 3 (BJP),BJP,BJP,NDA,212342,23.36,909011,63.4,False,3,0,0,2024
Tamil Nadu,Tamil Nadu PC 29,Candidate 4 (INC),INC,INC,INDIA,175219,19.28,909011,73.0,False,4,0,0,2024
Tamil Nadu,Tamil Nadu PC 30,Candidate 1 (TMC),TMC,TMC,INDIA,388247,40.54,957791,66.0,True,1,73604,7.68,2024
Tamil Nadu,Tamil Nadu PC 30,Candidate 2 (INC),INC,INC,INDIA,314643,32.85,957791,68.7,False,2,0,0,2024
Tamil Nadu,Tamil Nadu PC 30,Candidate 3 (BJP),BJP,BJP,NDA,200971,20.98,957791,73.7,False,3,0,0,2024
Tamil Nadu,Tamil Nadu PC 30,Candidate 4 (SP),SP,SP,INDIA,53927,5.63,957791,74.7,False,4,0,0,2024
Tamil Nadu,Tamil Nadu PC 31,Candidate 1 (SP),SP,SP,INDIA,244504,56.63,431773,70.6,True,1,114525,26.52,2024
Tamil Nadu,Tamil Nadu PC 31,Candidate 2 (IND),IND,IND,,129979,30.1,431773,65.3,False,2,0,0,2024
Tamil Nadu,Tamil Nadu PC 31,Candidate 3 (BJP),BJP,BJP,NDA,57289,13.27,431773,61.1,False,3,0,0,2024
Tamil Nadu,Tamil Nadu PC 32,Candidate 1 (TDP),TDP,TDP,NDA,133847,23.93,559337,73.6,True,1,21002,3.75,2024
Tamil Nadu,Tamil Nadu PC 32,Candidate 2 (AIADMK),AIADMK,AIADMK,,112845,20.17,559337,73.2,False,2,0,0,2024
Tamil Nadu,Tamil Nadu PC 32,Candidate 3 (INC),INC,INC,INDIA,89091,15.93,559337,68.3,False,3,0,0,2024
Tamil Nadu,Tamil Nadu PC 32,Candidate 4 (BJP),BJP,BJP,NDA,83917,15.0,559337,58.0,False,4,0,0,2024
Tamil Nadu,Tamil Nadu PC 32,Candidate 5 (OTH),OTH,OTH,,74439,13.31,559337,66.6,False,5,0,0,2024
Tamil Nadu,Tamil Nadu PC 32,Candidate 6 (DMK),DMK,DMK,INDIA,65195,11.66,559337,78.0,False,6,0,0,2024
Tamil Nadu,Tamil Nadu PC 33,Candidate 1 (INC),INC,INC,INDIA,231217,33.21,696216,77.1,True,1,15937,2.29,2024
Tamil Nadu,Tamil Nadu PC 33,Candidate 2 (BJP),BJP,BJP,NDA,215280,30.92,696216,66.7,False,2,0,0,2024
Tamil Nadu,Tamil Nadu PC 33,Candidate 3 (DMK),DMK,DMK,INDIA,189163,27.17,696216,65.3,False,3,0,0,2024
Tamil Nadu,Tamil Nadu PC 33,Candidate 4 (AIADMK),AIADMK,AIADMK,,30795,4.42,696216,69.4,False,4,0,0,2024
Tamil Nadu,Tamil Nadu PC 33,Candidate 5 (YSR),YSR,YSR,,29758,4.27,696216,68.6,False,5,0,0,2024
Tamil Nadu,Tamil Nadu PC 34,Candidate 1 (INC),INC,INC,INDIA,422466,41.17,1026132,61.7,True,1,68396,6.67,2024
Tamil Nadu,Tamil Nadu PC 34,Candidate 2 (BJP),BJP,BJP,NDA,354070,34.51,1026132,76.4,False,2,0,0,2024
Tamil Nadu,Tamil Nadu PC 34,Candidate 3 (SP),SP,SP,INDIA,166647,16.24,1026132,57.4,False,3,0,0,2024
Tamil Nadu,Tamil Nadu PC 34,Candidate 4 (YSR),YSR,YSR,,82947,8.08,1026132,71.3,False,4,0,0,2024
Tamil Nadu,Tamil Nadu PC 35,Candidate 1 (BJP),BJP,BJP,NDA,291181,32.3,901575,64.3,True,1,68071,7.55,2024
Tamil Nadu,Tamil Nadu PC 35,Candidate 2 (INC),INC,INC,INDIA,223110,24.75,901575,67.3,False,2,0,0,2024
Tamil Nadu,Tamil Nadu PC 35,Candidate 3 (DMK),DMK,DMK,INDIA,207704,23.04,901575,77.0,False,3,0,0,2024
Tamil Nadu,Tamil Nadu PC 35,Candidate 4 (TMC),TMC,TMC,INDIA,179578,19.92,901575,68.1,False,4,0,0,2024
Tamil Nadu,Tamil Nadu PC 36,Candidate 1 (IND),IND,IND,,487736,47.75,1021481,66.2,True,1,135631,13.28,2024
Tamil Nadu,Tamil Nadu PC 36,Candidate 2 (INC),INC,INC,INDIA,352105,34.47,1021481,57.8,False,2,0,0,2024
Tamil Nadu,Tamil Nadu PC 36,Candidate 3 (BJP),BJP,BJP,NDA,181639,17.78,1021481,67.1,False,3,0,0,2024
Tamil Nadu,Tamil Nadu PC 37,Candidate 1 (DMK),DMK,DMK,INDIA,451956,38.22,1182523,57.1,True,1,156937,13.27,2024
Tamil Nadu,Tamil Nadu PC 37,Candidate 2 (INC),INC,INC,INDIA,295019,24.95,1182523,74.3,False,2,0,0,2024
Tamil Nadu,Tamil Nadu PC 37,Candidate 3 (SP),SP,SP,INDIA,293703,24.84,1182523,62.7,False,3,0,0,2024
Tamil Nadu,Tamil Nadu PC 37,Candidate 4 (BJP),BJP,BJP,NDA,141843,12.0,1182523,58.9,False,4,0,0,2024
Tamil Nadu,Tamil Nadu PC 38,Candidate 1 (YSR),YSR,YSR,,181389,29.6,612804,63.7,True,1,29163,4.76,2024
Tamil Nadu,Tamil Nadu PC 38,Candidate 2 (TMC),TMC,TMC,INDIA,152226,24.84,612804,61.7,False,2,0,0,2024
Tamil Nadu,Tamil Nadu PC 38,Candidate 3 (TDP),TDP,TDP,NDA,116292,18.98,612804,67.9,False,3,0,0,2024
Tamil Nadu,Tamil Nadu PC 38,Candidate 4 (INC),INC,INC,INDIA,99374,16.22,612804,73.5,False,4,0,0,2024
Tamil Nadu,Tamil Nadu PC 38,Candidate 5 (BJP),BJP,BJP,NDA,63519,10.37,612804,71.0,False,5,0,0,2024
Tamil Nadu,Tamil Nadu PC 39,Candidate 1 (INC),INC,INC,INDIA,541053,77.18,701031,67.8,True,1,381076,54.36,2024
Tamil Nadu,Tamil Nadu PC 39,Candidate 2 (BJP),BJP,BJP,NDA,159977,22.82,701031,77.1,False,2,0,0,2024
Madhya Pradesh,Madhya Pradesh PC 1,Candidate 1 (IND),IND,IND,,126261,30.27,417123,74.5,True,1,2376,0.57,2024
Madhya Pradesh,Madhya Pradesh PC 1,Candidate 2 (TDP),TDP,TDP,NDA,123885,29.7,417123,59.8,False,2,0,0,2024
Madhya Pradesh,Madhya Pradesh PC 1,Candidate 3 (BRS),BRS,BRS,,122788,29.44,417123,68.9,False,3,0,0,2024
Madhya Pradesh,Madhya Pradesh PC 1,Candidate 4 (BJP),BJP,BJP,NDA,44187,10.59,417123,55.9,False,4,0,0,2024
Madhya Pradesh,Madhya Pradesh PC 2,Candidate 1 (BJP),BJP,BJP,NDA,180817,26.98,670301,57.2,True,1,2860,0.43,2024
Madhya Pradesh,Madhya Pradesh PC 2,Candidate 2 (DMK),DMK,DMK,INDIA,177957,26.55,670301,73.8,False,2,0,0,2024
Madhya Pradesh,Madhya Pradesh PC 2,Candidate 3 (TMC),TMC,TMC,INDIA,156525,23.35,670301,69.9,False,3,0,0,2024
Madhya Pradesh,Madhya Pradesh PC 2,Candidate 4 (INC),INC,INC,INDIA,155001,23.12,670301,64.2,False,4,0,0,2024
Madhya Pradesh,Madhya Pradesh PC 3,Candidate 1 (OTH),OTH,OTH,,231355,33.76,685255,68.2,True,1,20276,2.96,2024
Madhya Pradesh,Madhya Pradesh PC 3,Candidate 2 (BJP),BJP,BJP,NDA,211079,30.8,685255,77.0,False,2,0,0,2024
Madhya Pradesh,Madhya Pradesh PC 3,Candidate 3 (TDP),TDP,TDP,NDA,131566,19.2,685255,65.8,False,3,0,0,2024
Madhya Pradesh,Madhya Pradesh PC 3,Candidate 4 (INC),INC,INC,INDIA,111253,16.24,685255,56.8,False,4,0,0,2024
Madhya Pradesh,Madhya Pradesh PC 4,Candidate 1 (BJP),BJP,BJP,NDA,205316,34.46,595738,66.6,True,1,20948,3.52,2024
Madhya Pradesh,Madhya Pradesh PC 4,Candidate 2 (DMK),DMK,DMK,INDIA,184368,30.95,595738,76.3,False,2,0,0,2024
Madhya Pradesh,Madhya Pradesh PC 4,Candidate 3 (YSR),YSR,YSR,,131273,22.04,595738,74.6,False,3,0,0,2024
Madhya Pradesh,Madhya Pradesh PC 4,Candidate 4 (SP),SP,SP,INDIA,74780,12.55,595738,71.0,False,4,0,0,2024
Madhya Pradesh,Madhya Pradesh PC 5,Candidate 1 (DMK),DMK,DMK,INDIA,173357,30.94,560217,73.5,True,1,3079,0.55,2024
Madhya Pradesh,Madhya Pradesh PC 5,Candidate 2 (YSR),YSR,YSR,,170278,30.4,560217,76.3,False,2,0,0,2024
Madhya Pradesh,Madhya Pradesh PC 5,Candidate 3 (BJP),BJP,BJP,NDA,117475,20.97,560217,68.2,False,3,0,0,2024
Madhya Pradesh,Madhya Pradesh PC 5,Candidate 4 (OTH),OTH,OTH,,55195,9.85,560217,60.4,False,4,0,0,2024
Madhya Pradesh,Madhya Pradesh PC 5,Candidate 5 (INC),INC,INC,INDIA,43910,7.84,560217,65.5,False,5,0,0,2024
Madhya Pradesh,Madhya Pradesh PC 6,Candidate 1 (BRS),BRS,BRS,,250127,29.22,855954,62.0,True,1,6989,0.82,2024
Madhya Pradesh,Madhya Pradesh PC 6,Candidate 2 (TMC),TMC,TMC,INDIA,243138,28.41,855954,67.2,False,2,0,0,2024
Madhya Pradesh,Madhya Pradesh PC 6,Candidate 3 (INC),INC,INC,INDIA,238521,27.87,855954,77.7,False,3,0,0,2024
Madhya Pradesh,Madhya Pradesh PC 6,Candidate 4 (BJP),BJP,BJP,NDA,124166,14.51,855954,74.7,False,4,0,0,2024
Madhya Pradesh,Madhya Pradesh PC 7,Candidate 1 (DMK),DMK,DMK,INDIA,241111,27.06,890942,62.8,True,1,21870,2.45,2024
Madhya Pradesh,Madhya Pradesh PC 7,Candidate 2 (SP),SP,SP,INDIA,219241,24.61,890942,65.3,False,2,0,0,2024
Madhya Pradesh,Madhya Pradesh PC 7,Candidate 3 (AIADMK),AIADMK,AIADMK,,204003,22.9,890942,65.6,False,3,0,0,2024
Madhya Pradesh,Madhya Pradesh PC 7,Candidate 4 (BJP),BJP,BJP,NDA,137262,15.41,890942,77.5,False,4,0,0,2024
Madhya Pradesh,Madhya Pradesh PC 7,Candidate 5 (INC),INC,INC,INDIA,89323,10.03,890942,66.1,False,5,0,0,2024
Madhya Pradesh,Madhya Pradesh PC 8,Candidate 1 (TDP),TDP,TDP,NDA,279245,38.99,716203,60.6,True,1,82872,11.57,2024
Madhya Pradesh,Madhya Pradesh PC 8,Candidate 2 (BJP),BJP,BJP,NDA,196373,27.42,716203,71.3,False,2,0,0,2024
Madhya Pradesh,Madhya Pradesh PC 8,Candidate 3 (BRS),BRS,BRS,,140507,19.62,716203,60.2,False,3,0,0,2024
Madhya Pradesh,Madhya Pradesh PC 8,Candidate 4 (JDU),JDU,JDU,NDA,100075,13.97,716203,75.8,False,4,0,0,2024
Madhya Pradesh,Madhya Pradesh PC 9,Candidate 1 (INC),INC,INC,INDIA,230639,47.09,489773,62.7,True,1,78331,15.99,2024
Madhya Pradesh,Madhya Pradesh PC 9,Candidate 2 (DMK),DMK,DMK,INDIA,152308,31.1,489773,72.5,False,2,0,0,2024
Madhya Pradesh,Madhya Pradesh PC 9,Candidate 3 (SP),SP,SP,INDIA,72602,14.82,489773,55.6,False,3,0,0,2024
Madhya Pradesh,Madhya Pradesh PC 9,Candidate 4 (BJP),BJP,BJP,NDA,34222,6.99,489773,56.9,False,4,0,0,2024
Madhya Pradesh,Madhya Pradesh PC 10,Candidate 1 (DMK),DMK,DMK,INDIA,301223,36.97,814769,66.5,True,1,34926,4.29,2024
Madhya Pradesh,Madhya Pradesh PC 10,Candidate 2 (SP),SP,SP,INDIA,266297,32.68,814769,70.3,False,2,0,0,2024
Madhya Pradesh,Madhya Pradesh PC 10,Candidate 3 (BJP),BJP,BJP,NDA,247247,30.35,814769,67.3,False,3,0,0,2024
Madhya Pradesh,Madhya Pradesh PC 11,Candidate 1 (BJP),BJP,BJP,NDA,206819,37.3,554474,64.0,True,1,26431,4.77,2024
Madhya Pradesh,Madhya Pradesh PC 11,Candidate 2 (SP),SP,SP,INDIA,180388,32.53,554474,76.8,False,2,0,0,2024
Madhya Pradesh,Madhya Pradesh PC 11,Candidate 3 (TMC),TMC,TMC,INDIA,167266,30.17,554474,59.3,False,3,0,0,2024
Madhya Pradesh,Madhya Pradesh PC 12,Candidate 1 (INC),INC,INC,INDIA,263337,42.93,613392,71.6,True,1,50289,8.2,2024
Madhya Pradesh,Madhya Pradesh PC 12,Candidate 2 (TDP),TDP,TDP,NDA,213048,34.73,613392,62.7,False,2,0,0,2024
Madhya Pradesh,Madhya Pradesh PC 12,Candidate 3 (SP),SP,SP,INDIA,137006,22.34,613392,64.4,False,3,0,0,2024
Madhya Pradesh,Madhya Pradesh PC 13,Candidate 1 (TDP),TDP,TDP,NDA,276322,58.76,470270,63.2,True,1,82375,17.52,2024
Madhya Pradesh,Madhya Pradesh PC 13,Candidate 2 (BJP),BJP,BJP,NDA,193947,41.24,470270,71.9,False,2,0,0,2024
Madhya Pradesh,Madhya Pradesh PC 14,Candidate 1 (INC),INC,INC,INDIA,286634,29.36,976394,77.6,True,1,8673,0.89,2024
Madhya Pradesh,Madhya Pradesh PC 14,Candidate 2 (BJP),BJP,BJP,NDA,277961,28.47,976394,60.7,False,2,0,0,2024
Madhya Pradesh,Madhya Pradesh PC 14,Candidate 3 (OTH),OTH,OTH,,210120,21.52,976394,64.0,False,3,0,0,2024
Madhya Pradesh,Madhya Pradesh PC 14,Candidate 4 (SP),SP,SP,INDIA,201677,20.66,976394,71.5,False,4,0,0,2024
Madhya Pradesh,Madhya Pradesh PC 15,Candidate 1 (DMK),DMK,DMK,INDIA,266836,42.02,635035,70.4,True,1,78235,12.32,2024
Madhya Pradesh,Madhya Pradesh PC 15,Candidate 2 (BJP),BJP,BJP,NDA,188601,29.7,635035,73.0,False,2,0,0,2024
Madhya Pradesh,Madhya Pradesh PC 15,Candidate 3 (INC),INC,INC,INDIA,112055,17.65,635035,73.2,False,3,0,0,2024
Madhya Pradesh,Madhya Pradesh PC 15,Candidate 4 (AIADMK),AIADMK,AIADMK,,67541,10.64,635035,57.9,False,4,0,0,2024
Madhya Pradesh,Madhya Pradesh PC 16,Candidate 1 (SP),SP,SP,INDIA,219668,33.64,653001,76.0,True,1,37159,5.69,2024
Madhya Pradesh,Madhya Pradesh PC 16,Candidate 2 (BRS),BRS,BRS,,182509,27.95,653001,57.5,False,2,0,0,2024
Madhya Pradesh,Madhya Pradesh PC 16,Candidate 3 (BJP),BJP,BJP,NDA,169607,25.97,653001,55.9,False,3,0,0,2024
Madhya Pradesh,Madhya Pradesh PC 16,Candidate 4 (AIADMK),AIADMK,AIADMK,,81215,12.44,653001,60.2,False,4,0,0,2024
Madhya Pradesh,Madhya Pradesh PC 17,Candidate 1 (BJP),BJP,BJP,NDA,515177,54.61,943358,70.6,True,1,167866,17.79,2024
Madhya Pradesh,Madhya Pradesh PC 17,Candidate 2 (TMC),TMC,TMC,INDIA,347311,36.82,943358,55.4,False,2,0,0,2024
Madhya Pradesh,Madhya Pradesh PC 17,Candidate 3 (SP),SP,SP,INDIA,80869,8.57,943358,73.5,False,3,0,0,2024
Madhya Pradesh,Madhya Pradesh PC 18,Candidate 1 (SP),SP,SP,INDIA,224393,35.31,635454,67.7,True,1,30153,4.75,2024
Madhya Pradesh,Madhya Pradesh PC 18,Candidate 2 (INC),INC,INC,INDIA,194240,30.57,635454,71.7,False,2,0,0,2024
Madhya Pradesh,Madhya Pradesh PC 18,Candidate 3 (YSR),YSR,YSR,,189780,29.87,635454,61.9,False,3,0,0,2024
Madhya Pradesh,Madhya Pradesh PC 18,Candidate 4 (BJP),BJP,BJP,NDA,27039,4.26,635454,72.2,False,4,0,0,2024
Madhya Pradesh,Madhya Pradesh PC 19,Candidate 1 (TMC),TMC,TMC,INDIA,163930,25.81,635053,60.1,True,1,8810,1.39,2024
Madhya Pradesh,Madhya Pradesh PC 19,Candidate 2 (BJP),BJP,BJP,NDA,155120,24.43,635053,75.0,False,2,0,0,2024
Madhya Pradesh,Madhya Pradesh PC 19,Candidate 3 (DMK),DMK,DMK,INDIA,116464,18.34,635053,73.9,False,3,0,0,2024
Madhya Pradesh,Madhya Pradesh PC 19,Candidate 4 (OTH),OTH,OTH,,101209,15.94,635053,77.5,False,4,0,0,2024
Madhya Pradesh,Madhya Pradesh PC 19,Candidate 5 (INC),INC,INC,INDIA,98327,15.48,635053,72.1,False,5,0,0,2024
Madhya Pradesh,Madhya Pradesh PC 20,Candidate 1 (AIADMK),AIADMK,AIADMK,,283198,28.7,986793,57.2,True,1,60875,6.17,2024
Madhya Pradesh,Madhya Pradesh PC 20,Candidate 2 (SP),SP,SP,INDIA,222323,22.53,986793,60.0,False,2,0,0,2024
Madhya Pradesh,Madhya Pradesh PC 20,Candidate 3 (DMK),DMK,DMK,INDIA,186362,18.89,986793,58.9,False,3,0,0,2024
Madhya Pradesh,Madhya Pradesh PC 20,Candidate 4 (YSR),YSR,YSR,,150882,15.29,986793,55.2,False,4,0,0,2024
Madhya Pradesh,Madhya Pradesh PC 20,Candidate 5 (BJP),BJP,BJP,NDA,144026,14.6,986793,61.8,False,5,0,0,2024
Madhya Pradesh,Madhya Pradesh PC 21,Candidate 1 (DMK),DMK,DMK,INDIA,217691,31.95,681291,55.7,True,1,58205,8.54,2024
Madhya Pradesh,Madhya Pradesh PC 21,Candidate 2 (BJP),BJP,BJP,NDA,159486,23.41,681291,55.5,False,2,0,0,2024
Madhya Pradesh,Madhya Pradesh PC 21,Candidate 3 (SP),SP,SP,INDIA,155093,22.76,681291,65.6,False,3,0,0,2024
Madhya Pradesh,Madhya Pradesh PC 21,Candidate 4 (INC),INC,INC,INDIA,149019,21.87,681291,55.1,False,4,0,0,2024
Madhya Pradesh,Madhya Pradesh PC 22,Candidate 1 (BJP),BJP,BJP,NDA,245277,30.97,792059,64.1,True,1,7002,0.88,2024
Madhya Pradesh,Madhya Pradesh PC 22,Candidate 2 (INC),INC,INC,INDIA,238275,30.08,792059,62.3,False,2,0,0,2024
Madhya Pradesh,Madhya Pradesh PC 22,Candidate 3 (SP),SP,SP,INDIA,226902,28.65,792059,66.7,False,3,0,0,2024
Madhya Pradesh,Madhya Pradesh PC 22,Candidate 4 (OTH),OTH,OTH,,81604,10.3,792059,65.1,False,4,0,0,2024
Madhya Pradesh,Madhya Pradesh PC 23,Candidate 1 (AIADMK),AIADMK,AIADMK,,180135,34.0,529823,66.2,True,1,21280,4.02,2024
Madhya Pradesh,Madhya Pradesh PC 23,Candidate 2 (BJP),BJP,BJP,NDA,158855,29.98,529823,76.6,False,2,0,0,2024
Madhya Pradesh,Madhya Pradesh PC 23,Candidate 3 (SP),SP,SP,INDIA,131600,24.84,529823,56.7,False,3,0,0,2024
Madhya Pradesh,Madhya Pradesh PC 23,Candidate 4 (TMC),TMC,TMC,INDIA,59231,11.18,529823,59.2,False,4,0,0,2024
Madhya Pradesh,Madhya Pradesh PC 24,Candidate 1 (BJP),BJP,BJP,NDA,440832,39.88,1105490,72.1,True,1,51938,4.7,2024
Madhya Pradesh,Madhya Pradesh PC 24,Candidate 2 (TMC),TMC,TMC,INDIA,388894,35.18,1105490,57.8,False,2,0,0,2024
Madhya Pradesh,Madhya Pradesh PC 24,Candidate 3 (INC),INC,INC,INDIA,275762,24.94,1105490,75.8,False,3,0,0,2024
Madhya Pradesh,Madhya Pradesh PC 25,Candidate 1 (BRS),BRS,BRS,,419635,44.05,952704,70.8,True,1,121849,12.79,2024
Madhya Pradesh,Madhya Pradesh PC 25,Candidate 2 (TDP),TDP,TDP,NDA,297786,31.26,952704,68.3,False,2,0,0,2024
Madhya Pradesh,Madhya Pradesh PC 25,Candidate 3 (OTH),OTH,OTH,,125755,13.2,952704,74.9,False,3,0,0,2024
Madhya Pradesh,Madhya Pradesh PC 25,Candidate 4 (JDU),JDU,JDU,NDA,109526,11.5,952704,70.5,False,4,0,0,2024
Madhya Pradesh,Madhya Pradesh PC 26,Candidate 1 (BJP),BJP,BJP,NDA,393996,42.88,918869,64.1,True,1,104804,11.41,2024
Madhya Pradesh,Madhya Pradesh PC 26,Candidate 2 (OTH),OTH,OTH,,289192,31.47,918869,63.3,False,2,0,0,2024
Madhya Pradesh,Madhya Pradesh PC 26,Candidate 3 (YSR),YSR,YSR,,235680,25.65,918869,63.7,False,3,0,0,2024
Madhya Pradesh,Madhya Pradesh PC 27,Candidate 1 (INC),INC,INC,INDIA,376535,34.55,1089739,66.8,True,1,105964,9.72,2024
Madhya Pradesh,Madhya Pradesh PC 27,Candidate 2 (BJP),BJP,BJP,NDA,270571,24.83,1089739,60.0,False,2,0,0,2024
Madhya Pradesh,Madhya Pradesh PC 27,Candidate 3 (SP),SP,SP,INDIA,246129,22.59,1089739,77.5,False,3,0,0,2024
Madhya Pradesh,Madhya Pradesh PC 27,Candidate 4 (TMC),TMC,TMC,INDIA,196502,18.03,1089739,77.7,False,4,0,0,2024
Madhya Pradesh,Madhya Pradesh PC 28,Candidate 1 (TMC),TMC,TMC,INDIA,286184,47.3,605099,69.7,True,1,36551,6.04,2024
Madhya Pradesh,Madhya Pradesh PC 28,Candidate 2 (SP),SP,SP,INDIA,249633,41.25,605099,63.9,False,2,0,0,2024
Madhya Pradesh,Madhya Pradesh PC 28,Candidate 3 (BJP),BJP,BJP,NDA,69281,11.45,605099,61.4,False,3,0,0,2024
Madhya Pradesh,Madhya Pradesh PC 29,Candidate 1 (JDU),JDU,JDU,NDA,223673,44.67,500711,60.1,True,1,99791,19.93,2024
Madhya Pradesh,Madhya Pradesh PC 29,Candidate 2 (INC),INC,INC,INDIA,123882,24.74,500711,62.1,False,2,0,0,2024
Madhya Pradesh,Madhya Pradesh PC 29,Candidate 3 (SP),SP,SP,INDIA,80230,16.02,500711,62.3,False,3,0,0,2024
Madhya Pradesh,Madhya Pradesh PC 29,Candidate 4 (BJP),BJP,BJP,NDA,72924,14.56,500711,72.5,False,4,0,0,2024
Rajasthan,Rajasthan PC 1,Candidate 1 (INC),INC,INC,INDIA,476794,41.32,1154021,63.9,True,1,114823,9.95,2024
Rajasthan,Rajasthan PC 1,Candidate 2 (AIADMK),AIADMK,AIADMK,,361971,31.37,1154021,65.7,False,2,0,0,2024
Rajasthan,Rajasthan PC 1,Candidate 3 (BJP),BJP,BJP,NDA,315254,27.32,1154021,76.4,False,3,0,0,2024
Rajasthan,Rajasthan PC 2,Candidate 1 (SP),SP,SP,INDIA,118161,26.85,440079,72.0,True,1,2075,0.47,2024
Rajasthan,Rajasthan PC 2,Candidate 2 (BJP),BJP,BJP,NDA,116086,26.38,440079,57.4,False,2,0,0,2024
Rajasthan,Rajasthan PC 2,Candidate 3 (YSR),YSR,YSR,,115581,26.26,440079,60.3,False,3,0,0,2024
Rajasthan,Rajasthan PC 2,Candidate 4 (IND),IND,IND,,90249,20.51,440079,64.3,False,4,0,0,2024
Rajasthan,Rajasthan PC 3,Candidate 1 (TMC),TMC,TMC,INDIA,150842,21.72,694533,59.3,True,1,13980,2.01,2024
Rajasthan,Rajasthan PC 3,Candidate 2 (INC),INC,INC,INDIA,136862,19.71,694533,56.9,False,2,0,0,2024
Rajasthan,Rajasthan PC 3,Candidate 3 (AIADMK),AIADMK,AIADMK,,130994,18.86,694533,73.9,False,3,0,0,2024
Rajasthan,Rajasthan PC 3,Candidate 4 (YSR),YSR,YSR,,116678,16.8,694533,76.9,False,4,0,0,2024
Rajasthan,Rajasthan PC 3,Candidate 5 (DMK),DMK,DMK,INDIA,79655,11.47,694533,69.3,False,5,0,0,2024
Rajasthan,Rajasthan PC 3,Candidate 6 (BJP),BJP,BJP,NDA,79498,11.45,694533,69.0,False,6,0,0,2024
Rajasthan,Rajasthan PC 4,Candidate 1 (JDU),JDU,JDU,NDA,316131,28.05,1127061,58.9,True,1,42659,3.78,2024
Rajasthan,Rajasthan PC 4,Candidate 2 (TMC),TMC,TMC,INDIA,273472,24.26,1127061,69.5,False,2,0,0,2024
Rajasthan,Rajasthan PC 4,Candidate 3 (SP),SP,SP,INDIA,233586,20.73,1127061,62.3,False,3,0,0,2024
Rajasthan,Rajasthan PC 4,Candidate 4 (YSR),YSR,YSR,,195719,17.37,1127061,59.4,False,4,0,0,2024
Rajasthan,Rajasthan PC 4,Candidate 5 (BJP),BJP,BJP,NDA,108149,9.6,1127061,77.5,False,5,0,0,2024
Rajasthan,Rajasthan PC 5,Candidate 1 (INC),INC,INC,INDIA,308641,42.2,731367,66.4,True,1,39115,5.35,2024
Rajasthan,Rajasthan PC 5,Candidate 2 (BJP),BJP,BJP,NDA,269526,36.85,731367,56.2,False,2,0,0,2024
Rajasthan,Rajasthan PC 5,Candidate 3 (SP),SP,SP,INDIA,153198,20.95,731367,75.3,False,3,0,0,2024
Rajasthan,Rajasthan PC 6,Candidate 1 (JDU),JDU,JDU,NDA,201130,17.75,1133244,62.6,True,1,656,0.06,2024
Rajasthan,Rajasthan PC 6,Candidate 2 (INC),INC,INC,INDIA,200474,17.69,1133244,72.5,False,2,0,0,2024
Rajasthan,Rajasthan PC 6,Candidate 3 (SP),SP,SP,INDIA,193999,17.12,1133244,67.9,False,3,0,0,2024
Rajasthan,Rajasthan PC 6,Candidate 4 (BJP),BJP,BJP,NDA,185765,16.39,1133244,61.1,False,4,0,0,2024
Rajasthan,Rajasthan PC 6,Candidate 5 (OTH),OTH,OTH,,184185,16.25,1133244,73.9,False,5,0,0,2024
Rajasthan,Rajasthan PC 6,Candidate 6 (YSR),YSR,YSR,,167688,14.8,1133244,73.2,False,6,0,0,2024
Rajasthan,Rajasthan PC 7,Candidate 1 (BJP),BJP,BJP,NDA,268760,27.93,962197,62.2,True,1,8236,0.86,2024
Rajasthan,Rajasthan PC 7,Candidate 2 (DMK),DMK,DMK,INDIA,260524,27.08,962197,64.0,False,2,0,0,2024
Rajasthan,Rajasthan PC 7,Candidate 3 (INC),INC,INC,INDIA,248440,25.82,962197,55.3,False,3,0,0,2024
Rajasthan,Rajasthan PC 7,Candidate 4 (TMC),TMC,TMC,INDIA,184472,19.17,962197,76.0,False,4,0,0,2024
Rajasthan,Rajasthan PC 8,Candidate 1 (INC),INC,INC,INDIA,273320,37.59,727013,76.6,True,1,14684,2.02,2024
Rajasthan,Rajasthan PC 8,Candidate 2 (TMC),TMC,TMC,INDIA,258636,35.58,727013,73.1,False,2,0,0,2024
Rajasthan,Rajasthan PC 8,Candidate 3 (BJP),BJP,BJP,NDA,195056,26.83,727013,74.1,False,3,0,0,2024
Rajasthan,Rajasthan PC 9,Candidate 1 (YSR),YSR,YSR,,408133,39.32,1037918,60.9,True,1,91022,8.77,2024
Rajasthan,Rajasthan PC 9,Candidate 2 (BJP),BJP,BJP,NDA,317111,30.55,1037918,61.6,False,2,0,0,2024
Rajasthan,Rajasthan PC 9,Candidate 3 (DMK),DMK,DMK,INDIA,195061,18.79,1037918,65.9,False,3,0,0,2024
Rajasthan,Rajasthan PC 9,Candidate 4 (AIADMK),AIADMK,AIADMK,,117612,11.33,1037918,60.1,False,4,0,0,2024
Rajasthan,Rajasthan PC 10,Candidate 1 (TMC),TMC,TMC,INDIA,520717,45.35,1148165,64.8,True,1,174258,15.18,2024
Rajasthan,Rajasthan PC 10,Candidate 2 (BJP),BJP,BJP,NDA,346459,30.18,1148165,68.7,False,2,0,0,2024
Rajasthan,Rajasthan PC 10,Candidate 3 (YSR),YSR,YSR,,280988,24.47,1148165,59.6,False,3,0,0,2024
Rajasthan,Rajasthan PC 11,Candidate 1 (SP),SP,SP,INDIA,158138,34.05,464368,75.0,True,1,895,0.19,2024
Rajasthan,Rajasthan PC 11,Candidate 2 (AIADMK),AIADMK,AIADMK,,157243,33.86,464368,77.4,False,2,0,0,2024
Rajasthan,Rajasthan PC 11,Candidate 3 (INC),INC,INC,INDIA,64534,13.9,464368,55.5,False,3,0,0,2024
Rajasthan,Rajasthan PC 11,Candidate 4 (YSR),YSR,YSR,,44316,9.54,464368,67.0,False,4,0,0,2024
Rajasthan,Rajasthan PC 11,Candidate 5 (BJP),BJP,BJP,NDA,40134,8.64,464368,72.6,False,5,0,0,2024
Rajasthan,Rajasthan PC 12,Candidate 1 (BJP),BJP,BJP,NDA,362427,34.2,1059859,58.1,True,1,92421,8.72,2024
Rajasthan,Rajasthan PC 12,Candidate 2 (DMK),DMK,DMK,INDIA,270006,25.48,1059859,61.2,False,2,0,0,2024
Rajasthan,Rajasthan PC 12,Candidate 3 (TMC),TMC,TMC,INDIA,249725,23.56,1059859,62.6,False,3,0,0,2024
Rajasthan,Rajasthan PC 12,Candidate 4 (IND),IND,IND,,177699,16.77,1059859,62.1,False,4,0,0,2024
Rajasthan,Rajasthan PC 13,Candidate 1 (INC),INC,INC,INDIA,489143,40.76,1199972,63.8,True,1,72952,6.08,2024
Rajasthan,Rajasthan PC 13,Candidate 2 (SP),SP,SP,INDIA,416191,34.68,1199972,55.5,False,2,0,0,2024
Rajasthan,Rajasthan PC 13,Candidate 3 (BJP),BJP,BJP,NDA,294637,24.55,1199972,66.6,False,3,0,0,2024
Rajasthan,Rajasthan PC 14,Candidate 1 (BRS),BRS,BRS,,178309,25.22,707050,67.9,True,1,2614,0.37,2024
Rajasthan,Rajasthan PC 14,Candidate 2 (OTH),OTH,OTH,,175695,24.85,707050,63.6,False,2,0,0,2024
Rajasthan,Rajasthan PC 14,Candidate 3 (INC),INC,INC,INDIA,139465,19.73,707050,69.7,False,3,0,0,2024
Rajasthan,Rajasthan PC 14,Candidate 4 (JDU),JDU,JDU,NDA,94394,13.35,707050,70.4,False,4,0,0,2024
Rajasthan,Rajasthan PC 14,Candidate 5 (IND),IND,IND,,75444,10.67,707050,58.0,False,5,0,0,2024
Rajasthan,Rajasthan PC 14,Candidate 6 (AIADMK),AIADMK,AIADMK,,43739,6.19,707050,57.6,False,6,0,0,2024
Rajasthan,Rajasthan PC 15,Candidate 1 (INC),INC,INC,INDIA,348240,40.65,856668,65.8,True,1,83310,9.72,2024
Rajasthan,Rajasthan PC 15,Candidate 2 (YSR),YSR,YSR,,264930,30.93,856668,76.2,False,2,0,0,2024
Rajasthan,Rajasthan PC 15,Candidate 3 (BJP),BJP,BJP,NDA,243496,28.42,856668,68.5,False,3,0,0,2024
Rajasthan,Rajasthan PC 16,Candidate 1 (AIADMK),AIADMK,AIADMK,,331093,42.43,780411,69.0,True,1,49349,6.32,2024
Rajasthan,Rajasthan PC 16,Candidate 2 (BJP),BJP,BJP,NDA,281744,36.1,780411,63.6,False,2,0,0,2024
Rajasthan,Rajasthan PC 16,Candidate 3 (JDU),JDU,JDU,NDA,167573,21.47,780411,63.7,False,3,0,0,2024
Rajasthan,Rajasthan PC 17,Candidate 1 (IND),IND,IND,,436821,36.7,1190274,56.2,True,1,19787,1.66,2024
Rajasthan,Rajasthan PC 17,Candidate 2 (SP),SP,SP,INDIA,417034,35.04,1190274,68.7,False,2,0,0,2024
Rajasthan,Rajasthan PC 17,Candidate 3 (OTH),OTH,OTH,,196220,16.49,1190274,74.0,False,3,0,0,2024
Rajasthan,Rajasthan PC 17,Candidate 4 (INC),INC,INC,INDIA,140197,11.78,1190274,74.4,False,4,0,0,2024
Rajasthan,Rajasthan PC 18,Candidate 1 (INC),INC,INC,INDIA,352903,43.55,810419,58.7,True,1,113625,14.02,2024
Rajasthan,Rajasthan PC 18,Candidate 2 (BJP),BJP,BJP,NDA,239278,29.53,810419,72.7,False,2,0,0,2024
Rajasthan,Rajasthan PC 18,Candidate 3 (TMC),TMC,TMC,INDIA,218237,26.93,810419,61.0,False,3,0,0,2024
Rajasthan,Rajasthan PC 19,Candidate 1 (INC),INC,INC,INDIA,194535,36.35,535153,63.1,True,1,45803,8.56,2024
Rajasthan,Rajasthan PC 19,Candidate 2 (BJP),BJP,BJP,NDA,148732,27.79,535153,77.7,False,2,0,0,2024
Rajasthan,Rajasthan PC 19,Candidate 3 (DMK),DMK,DMK,INDIA,118849,22.21,535153,61.8,False,3,0,0,2024
Rajasthan,Rajasthan PC 19,Candidate 4 (AIADMK),AIADMK,AIADMK,,73036,13.65,535153,62.2,False,4,0,0,2024
Rajasthan,Rajasthan PC 20,Candidate 1 (IND),IND,IND,,312307,35.82,871843,66.1,True,1,25349,2.91,2024
Rajasthan,Rajasthan PC 20,Candidate 2 (DMK),DMK,DMK,INDIA,286958,32.91,871843,63.1,False,2,0,0,2024
Rajasthan,Rajasthan PC 20,Candidate 3 (SP),SP,SP,INDIA,163911,18.8,871843,66.4,False,3,0,0,2024
Rajasthan,Rajasthan PC 20,Candidate 4 (BJP),BJP,BJP,NDA,108666,12.46,871843,68.2,False,4,0,0,2024
Rajasthan,Rajasthan PC 21,Candidate 1 (JDU),JDU,JDU,NDA,267122,24.42,1093957,60.2,True,1,12530,1.15,2024
Rajasthan,Rajasthan PC 21,Candidate 2 (INC),INC,INC,INDIA,254592,23.27,1093957,60.1,False,2,0,0,2024
Rajasthan,Rajasthan PC 21,Candidate 3 (OTH),OTH,OTH,,229169,20.95,1093957,65.5,False,3,0,0,2024
Rajasthan,Rajasthan PC 21,Candidate 4 (BJP),BJP,BJP,NDA,213577,19.52,1093957,70.9,False,4,0,0,2024
Rajasthan,Rajasthan PC 21,Candidate 5 (YSR),YSR,YSR,,129494,11.84,1093957,60.2,False,5,0,0,2024
Rajasthan,Rajasthan PC 22,Candidate 1 (TMC),TMC,TMC,INDIA,182412,31.63,576642,63.7,True,1,10671,1.85,2024
Rajasthan,Rajasthan PC 22,Candidate 2 (SP),SP,SP,INDIA,171741,29.78,576642,69.9,False,2,0,0,2024
Rajasthan,Rajasthan PC 22,Candidate 3 (INC),INC,INC,INDIA,141125,24.47,576642,75.4,False,3,0,0,2024
Rajasthan,Rajasthan PC 22,Candidate 4 (IND),IND,IND,,81361,14.11,576642,76.6,False,4,0,0,2024
Rajasthan,Rajasthan PC 23,Candidate 1 (BJP),BJP,BJP,NDA,303197,44.39,683013,65.3,True,1,59271,8.68,2024
Rajasthan,Rajasthan PC 23,Candidate 2 (INC),INC,INC,INDIA,243926,35.71,683013,63.9,False,2,0,0,2024
Rajasthan,Rajasthan PC 23,Candidate 3 (TDP),TDP,TDP,NDA,135888,19.9,683013,55.6,False,3,0,0,2024
Rajasthan,Rajasthan PC 24,Candidate 1 (INC),INC,INC,INDIA,521683,49.19,1060542,56.4,True,1,244289,23.03,2024
Rajasthan,Rajasthan PC 24,Candidate 2 (BJP),BJP,BJP,NDA,277394,26.16,1060542,71.6,False,2,0,0,2024
Rajasthan,Rajasthan PC 24,Candidate 3 (YSR),YSR,YSR,,197732,18.64,1060542,73.1,False,3,0,0,2024
Rajasthan,Rajasthan PC 24,Candidate 4 (OTH),OTH,OTH,,63730,6.01,1060542,67.2,False,4,0,0,2024
Rajasthan,Rajasthan PC 25,Candidate 1 (SP),SP,SP,INDIA,393586,44.68,880943,63.6,True,1,135437,15.37,2024
Rajasthan,Rajasthan PC 25,Candidate 2 (BJP),BJP,BJP,NDA,258149,29.3,880943,59.4,False,2,0,0,2024
Rajasthan,Rajasthan PC 25,Candidate 3 (INC),INC,INC,INDIA,229207,26.02,880943,57.7,False,3,0,0,2024
Karnataka,Karnataka PC 1,Candidate 1 (BJP),BJP,BJP,NDA,293938,35.02,839391,63.7,True,1,30811,3.67,2024
Karnataka,Karnataka PC 1,Candidate 2 (TMC),TMC,TMC,INDIA,263127,31.35,839391,77.2,False,2,0,0,2024
Karnataka,Karnataka PC 1,Candidate 3 (OTH),OTH,OTH,,206718,24.63,839391,60.4,False,3,0,0,2024
Karnataka,Karnataka PC 1,Candidate 4 (AIADMK),AIADMK,AIADMK,,75606,9.01,839391,56.5,False,4,0,0,2024
Karnataka,Karnataka PC 2,Candidate 1 (BJP),BJP,BJP,NDA,325327,28.53,1140139,76.4,True,1,11735,1.03,2024
Karnataka,Karnataka PC 2,Candidate 2 (BRS),BRS,BRS,,313592,27.5,1140139,77.5,False,2,0,0,2024
Karnataka,Karnataka PC 2,Candidate 3 (JDU),JDU,JDU,NDA,278340,24.41,1140139,73.4,False,3,0,0,2024
Karnataka,Karnataka PC 2,Candidate 4 (SP),SP,SP,INDIA,183847,16.12,1140139,55.2,False,4,0,0,2024
Karnataka,Karnataka PC 2,Candidate 5 (INC),INC,INC,INDIA,39030,3.42,1140139,67.0,False,5,0,0,2024
Karnataka,Karnataka PC 3,Candidate 1 (DMK),DMK,DMK,INDIA,291317,26.95,1080945,77.7,True,1,78673,7.28,2024
Karnataka,Karnataka PC 3,Candidate 2 (TDP),TDP,TDP,NDA,212644,19.67,1080945,60.7,False,2,0,0,2024
Karnataka,Karnataka PC 3,Candidate 3 (INC),INC,INC,INDIA,198581,18.37,1080945,76.0,False,3,0,0,2024
Karnataka,Karnataka PC 3,Candidate 4 (IND),IND,IND,,186033,17.21,1080945,65.9,False,4,0,0,2024
Karnataka,Karnataka PC 3,Candidate 5 (BJP),BJP,BJP,NDA,115343,10.67,1080945,60.2,False,5,0,0,2024
Karnataka,Karnataka PC 3,Candidate 6 (SP),SP,SP,INDIA,77023,7.13,1080945,62.4,False,6,0,0,2024
Karnataka,Karnataka PC 4,Candidate 1 (BJP),BJP,BJP,NDA,268967,27.64,972955,56.4,True,1,73201,7.52,2024
Karnataka,Karnataka PC 4,Candidate 2 (DMK),DMK,DMK,INDIA,195766,20.12,972955,66.0,False,2,0,0,2024
Karnataka,Karnataka PC 4,Candidate 3 (YSR),YSR,YSR,,183286,18.84,972955,65.2,False,3,0,0,2024
Karnataka,Karnataka PC 4,Candidate 4 (INC),INC,INC,INDIA,156735,16.11,972955,56.7,False,4,0,0,2024
Karnataka,Karnataka PC 4,Candidate 5 (TMC),TMC,TMC,INDIA,95110,9.78,972955,72.4,False,5,0,0,2024
Karnataka,Karnataka PC 4,Candidate 6 (OTH),OTH,OTH,,73087,7.51,972955,68.0,False,6,0,0,2024
Karnataka,Karnataka PC 5,Candidate 1 (INC),INC,INC,INDIA,400971,47.01,852960,68.6,True,1,108469,12.72,2024
Karnataka,Karnataka PC 5,Candidate 2 (SP),SP,SP,INDIA,292502,34.29,852960,69.3,False,2,0,0,2024
Karnataka,Karnataka PC 5,Candidate 3 (BJP),BJP,BJP,NDA,159485,18.7,852960,72.6,False,3,0,0,2024
Karnataka,Karnataka PC 6,Candidate 1 (INC),INC,INC,INDIA,225757,44.52,507077,57.7,True,1,20420,4.03,2024
Karnataka,Karnataka PC 6,Candidate 2 (BJP),BJP,BJP,NDA,205337,40.49,507077,74.5,False,2,0,0,2024
Karnataka,Karnataka PC 6,Candidate 3 (TMC),TMC,TMC,INDIA,75981,14.98,507077,58.8,False,3,0,0,2024
Karnataka,Karnataka PC 7,Candidate 1 (IND),IND,IND,,202622,35.61,568975,70.3,True,1,7471,1.31,2024
Karnataka,Karnataka PC 7,Candidate 2 (INC),INC,INC,INDIA,195151,34.3,568975,62.7,False,2,0,0,2024
Karnataka,Karnataka PC 7,Candidate 3 (JDU),JDU,JDU,NDA,92072,16.18,568975,67.8,False,3,0,0,2024
Karnataka,Karnataka PC 7,Candidate 4 (BJP),BJP,BJP,NDA,79128,13.91,568975,71.4,False,4,0,0,2024
Karnataka,Karnataka PC 8,Candidate 1 (BJP),BJP,BJP,NDA,204619,38.04,537840,73.1,True,1,16452,3.06,2024
Karnataka,Karnataka PC 8,Candidate 2 (DMK),DMK,DMK,INDIA,188167,34.99,537840,55.8,False,2,0,0,2024
Karnataka,Karnataka PC 8,Candidate 3 (OTH),OTH,OTH,,145053,26.97,537840,57.8,False,3,0,0,2024
Karnataka,Karnataka PC 9,Candidate 1 (BJP),BJP,BJP,NDA,225262,24.25,928962,63.6,True,1,786,0.08,2024
Karnataka,Karnataka PC 9,Candidate 2 (SP),SP,SP,INDIA,224476,24.16,928962,60.0,False,2,0,0,2024
Karnataka,Karnataka PC 9,Candidate 3 (TMC),TMC,TMC,INDIA,208500,22.44,928962,76.5,False,3,0,0,2024
Karnataka,Karnataka PC 9,Candidate 4 (JDU),JDU,JDU,NDA,208057,22.4,928962,68.5,False,4,0,0,2024
Karnataka,Karnataka PC 9,Candidate 5 (YSR),YSR,YSR,,62665,6.75,928962,71.8,False,5,0,0,2024
Karnataka,Karnataka PC 10,Candidate 1 (BJP),BJP,BJP,NDA,149722,28.41,526994,58.5,True,1,25817,4.9,2024
Karnataka,Karnataka PC 10,Candidate 2 (BRS),BRS,BRS,,123905,23.51,526994,64.0,False,2,0,0,2024
Karnataka,Karnataka PC 10,Candidate 3 (SP),SP,SP,INDIA,120424,22.85,526994,60.9,False,3,0,0,2024
Karnataka,Karnataka PC 10,Candidate 4 (JDU),JDU,JDU,NDA,96949,18.4,526994,71.0,False,4,0,0,2024
Karnataka,Karnataka PC 10,Candidate 5 (INC),INC,INC,INDIA,35992,6.83,526994,66.9,False,5,0,0,2024
Karnataka,Karnataka PC 11,Candidate 1 (DMK),DMK,DMK,INDIA,277745,48.7,570262,73.8,True,1,55981,9.82,2024
Karnataka,Karnataka PC 11,Candidate 2 (YSR),YSR,YSR,,221764,38.89,570262,68.5,False,2,0,0,2024
Karnataka,Karnataka PC 11,Candidate 3 (BJP),BJP,BJP,NDA,70752,12.41,570262,57.2,False,3,0,0,2024
Karnataka,Karnataka PC 12,Candidate 1 (INC),INC,INC,INDIA,339138,37.75,898422,67.7,True,1,48147,5.36,2024
Karnataka,Karnataka PC 12,Candidate 2 (BJP),BJP,BJP,NDA,290991,32.39,898422,74.9,False,2,0,0,2024
Karnataka,Karnataka PC 12,Candidate 3 (TDP),TDP,TDP,NDA,268292,29.86,898422,56.6,False,3,0,0,2024
Karnataka,Karnataka PC 13,Candidate 1 (YSR),YSR,YSR,,232142,41.04,565697,55.6,True,1,36936,6.53,2024
Karnataka,Karnataka PC 13,Candidate 2 (INC),INC,INC,INDIA,195206,34.51,565697,72.9,False,2,0,0,2024
Karnataka,Karnataka PC 13,Candidate 3 (BJP),BJP,BJP,NDA,138348,24.46,565697,66.9,False,3,0,0,2024
Karnataka,Karnataka PC 14,Candidate 1 (TMC),TMC,TMC,INDIA,190108,30.57,621803,77.5,True,1,6761,1.09,2024
Karnataka,Karnataka PC 14,Candidate 2 (YSR),YSR,YSR,,183347,29.49,621803,77.9,False,2,0,0,2024
Karnataka,Karnataka PC 14,Candidate 3 (OTH),OTH,OTH,,147026,23.65,621803,71.6,False,3,0,0,2024
Karnataka,Karnataka PC 14,Candidate 4 (BJP),BJP,BJP,NDA,101320,16.29,621803,66.2,False,4,0,0,2024
Karnataka,Karnataka PC 15,Candidate 1 (BJP),BJP,BJP,NDA,280611,36.06,778182,67.8,True,1,6132,0.79,2024
Karnataka,Karnataka PC 15,Candidate 2 (INC),INC,INC,INDIA,274479,35.27,778182,66.7,False,2,0,0,2024
Karnataka,Karnataka PC 15,Candidate 3 (AIADMK),AIADMK,AIADMK,,223091,28.67,778182,77.2,False,3,0,0,2024
Karnataka,Karnataka PC 16,Candidate 1 (TDP),TDP,TDP,NDA,201658,30.93,651925,73.7,True,1,18397,2.82,2024
Karnataka,Karnataka PC 16,Candidate 2 (DMK),DMK,DMK,INDIA,183261,28.11,651925,65.9,False,2,0,0,2024
Karnataka,Karnataka PC 16,Candidate 3 (BJP),BJP,BJP,NDA,148972,22.85,651925,73.3,False,3,0,0,2024
Karnataka,Karnataka PC 16,Candidate 4 (INC),INC,INC,INDIA,118032,18.11,651925,65.3,False,4,0,0,2024
Karnataka,Karnataka PC 17,Candidate 1 (BJP),BJP,BJP,NDA,138436,31.29,442466,67.2,True,1,22848,5.16,2024
Karnataka,Karnataka PC 17,Candidate 2 (JDU),JDU,JDU,NDA,115588,26.12,442466,76.2,False,2,0,0,2024
Karnataka,Karnataka PC 17,Candidate 3 (AIADMK),AIADMK,AIADMK,,94379,21.33,442466,65.9,False,3,0,0,2024
Karnataka,Karnataka PC 17,Candidate 4 (TMC),TMC,TMC,INDIA,75871,17.15,442466,76.0,False,4,0,0,2024
Karnataka,Karnataka PC 17,Candidate 5 (IND),IND,IND,,18190,4.11,442466,64.3,False,5,0,0,2024
Karnataka,Karnataka PC 18,Candidate 1 (DMK),DMK,DMK,INDIA,172187,42.62,403989,65.7,True,1,35672,8.83,2024
Karnataka,Karnataka PC 18,Candidate 2 (BJP),BJP,BJP,NDA,136515,33.79,403989,62.7,False,2,0,0,2024
Karnataka,Karnataka PC 18,Candidate 3 (INC),INC,INC,INDIA,95285,23.59,403989,58.1,False,3,0,0,2024
Karnataka,Karnataka PC 19,Candidate 1 (BJP),BJP,BJP,NDA,193148,37.38,516734,59.4,True,1,25602,4.95,2024
Karnataka,Karnataka PC 19,Candidate 2 (INC),INC,INC,INDIA,167546,32.42,516734,57.4,False,2,0,0,2024
Karnataka,Karnataka PC 19,Candidate 3 (IND),IND,IND,,156038,30.2,516734,63.5,False,3,0,0,2024
Karnataka,Karnataka PC 20,Candidate 1 (BJP),BJP,BJP,NDA,710349,67.32,1055250,65.8,True,1,515535,48.85,2024
Karnataka,Karnataka PC 20,Candidate 2 (OTH),OTH,OTH,,194814,18.46,1055250,66.2,False,2,0,0,2024
Karnataka,Karnataka PC 20,Candidate 3 (INC),INC,INC,INDIA,150086,14.22,1055250,60.6,False,3,0,0,2024
Karnataka,Karnataka PC 21,Candidate 1 (INC),INC,INC,INDIA,206145,43.13,477946,55.6,True,1,57332,12.0,2024
Karnataka,Karnataka PC 21,Candidate 2 (BJP),BJP,BJP,NDA,148813,31.14,477946,66.8,False,2,0,0,2024
Karnataka,Karnataka PC 21,Candidate 3 (DMK),DMK,DMK,INDIA,122986,25.73,477946,77.7,False,3,0,0,2024
Karnataka,Karnataka PC 22,Candidate 1 (YSR),YSR,YSR,,225808,21.28,1061326,71.2,True,1,10297,0.97,2024
Karnataka,Karnataka PC 22,Candidate 2 (IND),IND,IND,,215511,20.31,1061326,67.7,False,2,0,0,2024
Karnataka,Karnataka PC 22,Candidate 3 (DMK),DMK,DMK,INDIA,202226,19.05,1061326,57.0,False,3,0,0,2024
Karnataka,Karnataka PC 22,Candidate 4 (BJP),BJP,BJP,NDA,172722,16.27,1061326,62.6,False,4,0,0,2024
Karnataka,Karnataka PC 22,Candidate 5 (JDU),JDU,JDU,NDA,171626,16.17,1061326,57.4,False,5,0,0,2024
Karnataka,Karnataka PC 22,Candidate 6 (INC),INC,INC,INDIA,73430,6.92,1061326,56.9,False,6,0,0,2024
Karnataka,Karnataka PC 23,Candidate 1 (TMC),TMC,TMC,INDIA,197764,30.4,650620,55.0,True,1,13382,2.06,2024
Karnataka,Karnataka PC 23,Candidate 2 (BRS),BRS,BRS,,184382,28.34,650620,73.3,False,2,0,0,2024
Karnataka,Karnataka PC 23,Candidate 3 (BJP),BJP,BJP,NDA,142340,21.88,650620,61.1,False,3,0,0,2024
Karnataka,Karnataka PC 23,Candidate 4 (JDU),JDU,JDU,NDA,99973,15.37,650620,64.7,False,4,0,0,2024
Karnataka,Karnataka PC 23,Candidate 5 (INC),INC,INC,INDIA,26158,4.02,650620,75.9,False,5,0,0,2024
Karnataka,Karnataka PC 24,Candidate 1 (BJP),BJP,BJP,NDA,186731,45.33,411983,74.2,True,1,31347,7.61,2024
Karnataka,Karnataka PC 24,Candidate 2 (JDU),JDU,JDU,NDA,155384,37.72,411983,57.4,False,2,0,0,2024
Karnataka,Karnataka PC 24,Candidate 3 (YSR),YSR,YSR,,69867,16.96,411983,61.4,False,3,0,0,2024
Karnataka,Karnataka PC 25,Candidate 1 (INC),INC,INC,INDIA,318206,37.33,852510,55.9,True,1,46274,5.43,2024
Karnataka,Karnataka PC 25,Candidate 2 (JDU),JDU,JDU,NDA,271932,31.9,852510,67.4,False,2,0,0,2024
Karnataka,Karnataka PC 25,Candidate 3 (BJP),BJP,BJP,NDA,213207,25.01,852510,73.6,False,3,0,0,2024
Karnataka,Karnataka PC 25,Candidate 4 (TDP),TDP,TDP,NDA,49163,5.77,852510,72.3,False,4,0,0,2024
Karnataka,Karnataka PC 26,Candidate 1 (AIADMK),AIADMK,AIADMK,,272700,30.14,904745,65.8,True,1,13940,1.54,2024
Karnataka,Karnataka PC 26,Candidate 2 (INC),INC,INC,INDIA,258760,28.6,904745,65.8,False,2,0,0,2024
Karnataka,Karnataka PC 26,Candidate 3 (JDU),JDU,JDU,NDA,158762,17.55,904745,76.7,False,3,0,0,2024
Karnataka,Karnataka PC 26,Candidate 4 (SP),SP,SP,INDIA,110000,12.16,904745,64.5,False,4,0,0,2024
Karnataka,Karnataka PC 26,Candidate 5 (BJP),BJP,BJP,NDA,104520,11.55,904745,77.5,False,5,0,0,2024
Karnataka,Karnataka PC 27,Candidate 1 (DMK),DMK,DMK,INDIA,226832,31.03,731063,56.9,True,1,34412,4.71,2024
Karnataka,Karnataka PC 27,Candidate 2 (TMC),TMC,TMC,INDIA,192420,26.32,731063,77.3,False,2,0,0,2024
Karnataka,Karnataka PC 27,Candidate 3 (SP),SP,SP,INDIA,151760,20.76,731063,75.7,False,3,0,0,2024
Karnataka,Karnataka PC 27,Candidate 4 (INC),INC,INC,INDIA,117845,16.12,731063,71.7,False,4,0,0,2024
Karnataka,Karnataka PC 27,Candidate 5 (YSR),YSR,YSR,,42203,5.77,731063,65.0,False,5,0,0,2024
Karnataka,Karnataka PC 28,Candidate 1 (BJP),BJP,BJP,NDA,238072,32.98,721821,61.1,True,1,301,0.04,2024
Karnataka,Karnataka PC 28,Candidate 2 (TMC),TMC,TMC,INDIA,237771,32.94,721821,76.1,False,2,0,0,2024
Karnataka,Karnataka PC 28,Candidate 3 (INC),INC,INC,INDIA,216464,29.99,721821,72.6,False,3,0,0,2024
Karnataka,Karnataka PC 28,Candidate 4 (BRS),BRS,BRS,,29512,4.09,721821,76.8,False,4,0,0,2024
Gujarat,Gujarat PC 1,Candidate 1 (JDU),JDU,JDU,NDA,127384,29.36,433814,58.8,True,1,4474,1.03,2024
Gujarat,Gujarat PC 1,Candidate 2 (DMK),DMK,DMK,INDIA,122910,28.33,433814,72.6,False,2,0,0,2024
Gujarat,Gujarat PC 1,Candidate 3 (BJP),BJP,BJP,NDA,105101,24.23,433814,76.1,False,3,0,0,2024
Gujarat,Gujarat PC 1,Candidate 4 (OTH),OTH,OTH,,48573,11.2,433814,74.0,False,4,0,0,2024
Gujarat,Gujarat PC 1,Candidate 5 (AIADMK),AIADMK,AIADMK,,29843,6.88,433814,72.1,False,5,0,0,2024
Gujarat,Gujarat PC 2,Candidate 1 (BJP),BJP,BJP,NDA,510186,87.31,584337,68.5,True,1,436036,74.62,2024
Gujarat,Gujarat PC 2,Candidate 2 (JDU),JDU,JDU,NDA,74150,12.69,584337,71.8,False,2,0,0,2024
Gujarat,Gujarat PC 3,Candidate 1 (SP),SP,SP,INDIA,277455,43.29,640871,73.8,True,1,72988,11.39,2024
Gujarat,Gujarat PC 3,Candidate 2 (BJP),BJP,BJP,NDA,204467,31.9,640871,63.9,False,2,0,0,2024
Gujarat,Gujarat PC 3,Candidate 3 (INC),INC,INC,INDIA,158948,24.8,640871,63.2,False,3,0,0,2024
Gujarat,Gujarat PC 4,Candidate 1 (TMC),TMC,TMC,INDIA,339761,39.15,867835,78.0,True,1,2347,0.27,2024
Gujarat,Gujarat PC 4,Candidate 2 (INC),INC,INC,INDIA,337414,38.88,867835,55.2,False,2,0,0,2024
Gujarat,Gujarat PC 4,Candidate 3 (SP),SP,SP,INDIA,140348,16.17,867835,73.8,False,3,0,0,2024
Gujarat,Gujarat PC 4,Candidate 4 (IND),IND,IND,,50311,5.8,867835,65.2,False,4,0,0,2024
Gujarat,Gujarat PC 5,Candidate 1 (AIADMK),AIADMK,AIADMK,,359863,35.3,1019381,55.3,True,1,16370,1.61,2024
Gujarat,Gujarat PC 5,Candidate 2 (SP),SP,SP,INDIA,343493,33.7,1019381,61.1,False,2,0,0,2024
Gujarat,Gujarat PC 5,Candidate 3 (BJP),BJP,BJP,NDA,316024,31.0,1019381,61.7,False,3,0,0,2024
Gujarat,Gujarat PC 6,Candidate 1 (BJP),BJP,BJP,NDA,354908,36.46,973412,66.0,True,1,43060,4.42,2024
Gujarat,Gujarat PC 6,Candidate 2 (INC),INC,INC,INDIA,311848,32.04,973412,77.9,False,2,0,0,2024
Gujarat,Gujarat PC 6,Candidate 3 (JDU),JDU,JDU,NDA,306654,31.5,973412,63.8,False,3,0,0,2024
Gujarat,Gujarat PC 7,Candidate 1 (AIADMK),AIADMK,AIADMK,,169295,27.21,622166,70.6,True,1,12504,2.01,2024
Gujarat,Gujarat PC 7,Candidate 2 (TMC),TMC,TMC,INDIA,156791,25.2,622166,77.2,False,2,0,0,2024
Gujarat,Gujarat PC 7,Candidate 3 (DMK),DMK,DMK,INDIA,151797,24.4,622166,67.7,False,3,0,0,2024
Gujarat,Gujarat PC 7,Candidate 4 (INC),INC,INC,INDIA,144281,23.19,622166,70.7,False,4,0,0,2024
Gujarat,Gujarat PC 8,Candidate 1 (JDU),JDU,JDU,NDA,253511,35.56,712919,68.9,True,1,105481,14.8,2024
Gujarat,Gujarat PC 8,Candidate 2 (INC),INC,INC,INDIA,148030,20.76,712919,74.7,False,2,0,0,2024
Gujarat,Gujarat PC 8,Candidate 3 (OTH),OTH,OTH,,140914,19.77,712919,75.4,False,3,0,0,2024
Gujarat,Gujarat PC 8,Candidate 4 (BJP),BJP,BJP,NDA,107542,15.08,712919,60.9,False,4,0,0,2024
Gujarat,Gujarat PC 8,Candidate 5 (BRS),BRS,BRS,,62920,8.83,712919,61.7,False,5,0,0,2024
Gujarat,Gujarat PC 9,Candidate 1 (SP),SP,SP,INDIA,306343,63.13,485222,74.6,True,1,127465,26.27,2024
Gujarat,Gujarat PC 9,Candidate 2 (INC),INC,INC,INDIA,178878,36.87,485222,77.9,False,2,0,0,2024
Gujarat,Gujarat PC 10,Candidate 1 (BRS),BRS,BRS,,179040,36.28,493537,68.5,True,1,48610,9.85,2024
Gujarat,Gujarat PC 10,Candidate 2 (BJP),BJP,BJP,NDA,130430,26.43,493537,75.9,False,2,0,0,2024
Gujarat,Gujarat PC 10,Candidate 3 (INC),INC,INC,INDIA,116029,23.51,493537,69.3,False,3,0,0,2024
Gujarat,Gujarat PC 10,Candidate 4 (TMC),TMC,TMC,INDIA,48564,9.84,493537,67.1,False,4,0,0,2024
Gujarat,Gujarat PC 10,Candidate 5 (SP),SP,SP,INDIA,19471,3.95,493537,66.3,False,5,0,0,2024
Gujarat,Gujarat PC 11,Candidate 1 (DMK),DMK,DMK,INDIA,254658,23.4,1088214,60.8,True,1,5361,0.49,2024
Gujarat,Gujarat PC 11,Candidate 2 (TMC),TMC,TMC,INDIA,249297,22.91,1088214,67.6,False,2,0,0,2024
Gujarat,Gujarat PC 11,Candidate 3 (IND),IND,IND,,225495,20.72,1088214,74.7,False,3,0,0,2024
Gujarat,Gujarat PC 11,Candidate 4 (SP),SP,SP,INDIA,199546,18.34,1088214,72.7,False,4,0,0,2024
Gujarat,Gujarat PC 11,Candidate 5 (INC),INC,INC,INDIA,95306,8.76,1088214,72.7,False,5,0,0,2024
Gujarat,Gujarat PC 11,Candidate 6 (YSR),YSR,YSR,,63908,5.87,1088214,69.0,False,6,0,0,2024
Gujarat,Gujarat PC 12,Candidate 1 (INC),INC,INC,INDIA,508336,43.68,1163652,70.2,True,1,72828,6.26,2024
Gujarat,Gujarat PC 12,Candidate 2 (YSR),YSR,YSR,,435508,37.43,1163652,65.4,False,2,0,0,2024
Gujarat,Gujarat PC 12,Candidate 3 (TDP),TDP,TDP,NDA,140981,12.12,1163652,59.2,False,3,0,0,2024
Gujarat,Gujarat PC 12,Candidate 4 (BJP),BJP,BJP,NDA,78825,6.77,1163652,55.6,False,4,0,0,2024
Gujarat,Gujarat PC 13,Candidate 1 (INC),INC,INC,INDIA,393185,36.84,1067289,59.5,True,1,55090,5.16,2024
Gujarat,Gujarat PC 13,Candidate 2 (BJP),BJP,BJP,NDA,338095,31.68,1067289,67.1,False,2,0,0,2024
Gujarat,Gujarat PC 13,Candidate 3 (TMC),TMC,TMC,INDIA,336008,31.48,1067289,71.9,False,3,0,0,2024
Gujarat,Gujarat PC 14,Candidate 1 (INC),INC,INC,INDIA,320740,35.69,898787,59.9,True,1,54980,6.12,2024
Gujarat,Gujarat PC 14,Candidate 2 (BJP),BJP,BJP,NDA,265760,29.57,898787,56.3,False,2,0,0,2024
Gujarat,Gujarat PC 14,Candidate 3 (AIADMK),AIADMK,AIADMK,,170347,18.95,898787,62.3,False,3,0,0,2024
Gujarat,Gujarat PC 14,Candidate 4 (DMK),DMK,DMK,INDIA,141939,15.79,898787,70.2,False,4,0,0,2024
Gujarat,Gujarat PC 15,Candidate 1 (BJP),BJP,BJP,NDA,267646,33.25,805002,70.4,True,1,29601,3.68,2024
Gujarat,Gujarat PC 15,Candidate 2 (TMC),TMC,TMC,INDIA,238045,29.57,805002,55.7,False,2,0,0,2024
Gujarat,Gujarat PC 15,Candidate 3 (JDU),JDU,JDU,NDA,228176,28.34,805002,72.3,False,3,0,0,2024
Gujarat,Gujarat PC 15,Candidate 4 (YSR),YSR,YSR,,71133,8.84,805002,57.3,False,4,0,0,2024
Gujarat,Gujarat PC 16,Candidate 1 (INC),INC,INC,INDIA,622690,52.27,1191251,76.5,True,1,54130,4.54,2024
Gujarat,Gujarat PC 16,Candidate 2 (BJP),BJP,BJP,NDA,568560,47.73,1191251,55.1,False,2,0,0,2024
Gujarat,Gujarat PC 17,Candidate 1 (TMC),TMC,TMC,INDIA,364104,37.07,982254,71.5,True,1,83795,8.53,2024
Gujarat,Gujarat PC 17,Candidate 2 (JDU),JDU,JDU,NDA,280309,28.54,982254,64.3,False,2,0,0,2024
Gujarat,Gujarat PC 17,Candidate 3 (SP),SP,SP,INDIA,208893,21.27,982254,60.2,False,3,0,0,2024
Gujarat,Gujarat PC 17,Candidate 4 (BJP),BJP,BJP,NDA,128947,13.13,982254,63.8,False,4,0,0,2024
Gujarat,Gujarat PC 18,Candidate 1 (BJP),BJP,BJP,NDA,342379,41.44,826196,58.4,True,1,98910,11.97,2024
Gujarat,Gujarat PC 18,Candidate 2 (YSR),YSR,YSR,,243469,29.47,826196,65.9,False,2,0,0,2024
Gujarat,Gujarat PC 18,Candidate 3 (TMC),TMC,TMC,INDIA,240347,29.09,826196,58.9,False,3,0,0,2024
Gujarat,Gujarat PC 19,Candidate 1 (DMK),DMK,DMK,INDIA,228492,32.75,697758,74.2,True,1,27969,4.01,2024
Gujarat,Gujarat PC 19,Candidate 2 (BJP),BJP,BJP,NDA,200523,28.74,697758,62.3,False,2,0,0,2024
Gujarat,Gujarat PC 19,Candidate 3 (TDP),TDP,TDP,NDA,168364,24.13,697758,59.1,False,3,0,0,2024
Gujarat,Gujarat PC 19,Candidate 4 (AIADMK),AIADMK,AIADMK,,59246,8.49,697758,66.2,False,4,0,0,2024
Gujarat,Gujarat PC 19,Candidate 5 (TMC),TMC,TMC,INDIA,41130,5.89,697758,75.7,False,5,0,0,2024
Gujarat,Gujarat PC 20,Candidate 1 (BJP),BJP,BJP,NDA,401782,39.2,1024902,55.0,True,1,58662,5.72,2024
Gujarat,Gujarat PC 20,Candidate 2 (TDP),TDP,TDP,NDA,343120,33.48,1024902,60.7,False,2,0,0,2024
Gujarat,Gujarat PC 20,Candidate 3 (TMC),TMC,TMC,INDIA,111115,10.84,1024902,67.5,False,3,0,0,2024
Gujarat,Gujarat PC 20,Candidate 4 (JDU),JDU,JDU,NDA,97658,9.53,1024902,76.2,False,4,0,0,2024
Gujarat,Gujarat PC 20,Candidate 5 (YSR),YSR,YSR,,71224,6.95,1024902,61.5,False,5,0,0,2024
Gujarat,Gujarat PC 21,Candidate 1 (INC),INC,INC,INDIA,279851,37.97,736997,73.3,True,1,65230,8.85,2024
Gujarat,Gujarat PC 21,Candidate 2 (BJP),BJP,BJP,NDA,214621,29.12,736997,66.6,False,2,0,0,2024
Gujarat,Gujarat PC 21,Candidate 3 (SP),SP,SP,INDIA,151411,20.54,736997,64.9,False,3,0,0,2024
Gujarat,Gujarat PC 21,Candidate 4 (TDP),TDP,TDP,NDA,91112,12.36,736997,72.0,False,4,0,0,2024
Gujarat,Gujarat PC 22,Candidate 1 (BJP),BJP,BJP,NDA,218587,44.94,486348,59.7,True,1,72588,14.93,2024
Gujarat,Gujarat PC 22,Candidate 2 (INC),INC,INC,INDIA,145999,30.02,486348,74.9,False,2,0,0,2024
Gujarat,Gujarat PC 22,Candidate 3 (SP),SP,SP,INDIA,121761,25.04,486348,66.4,False,3,0,0,2024
Gujarat,Gujarat PC 23,Candidate 1 (SP),SP,SP,INDIA,297214,33.84,878235,59.9,True,1,10400,1.18,2024
Gujarat,Gujarat PC 23,Candidate 2 (IND),IND,IND,,286814,32.66,878235,77.4,False,2,0,0,2024
Gujarat,Gujarat PC 23,Candidate 3 (BJP),BJP,BJP,NDA,198619,22.62,878235,74.7,False,3,0,0,2024
Gujarat,Gujarat PC 23,Candidate 4 (INC),INC,INC,INDIA,95587,10.88,878235,70.3,False,4,0,0,2024
Gujarat,Gujarat PC 24,Candidate 1 (TMC),TMC,TMC,INDIA,239345,40.58,589741,71.3,True,1,22898,3.88,2024
Gujarat,Gujarat PC 24,Candidate 2 (BJP),BJP,BJP,NDA,216447,36.7,589741,65.5,False,2,0,0,2024
Gujarat,Gujarat PC 24,Candidate 3 (DMK),DMK,DMK,INDIA,133948,22.71,589741,62.0,False,3,0,0,2024
Gujarat,Gujarat PC 25,Candidate 1 (TMC),TMC,TMC,INDIA,234373,26.15,896339,60.1,True,1,24060,2.68,2024
Gujarat,Gujarat PC 25,Candidate 2 (SP),SP,SP,INDIA,210313,23.46,896339,71.3,False,2,0,0,2024
Gujarat,Gujarat PC 25,Candidate 3 (TDP),TDP,TDP,NDA,193301,21.57,896339,78.0,False,3,0,0,2024
Gujarat,Gujarat PC 25,Candidate 4 (DMK),DMK,DMK,INDIA,174848,19.51,896339,77.1,False,4,0,0,2024
Gujarat,Gujarat PC 25,Candidate 5 (BJP),BJP,BJP,NDA,83502,9.32,896339,67.7,False,5,0,0,2024
Gujarat,Gujarat PC 26,Candidate 1 (OTH),OTH,OTH,,350012,33.91,1032311,62.0,True,1,76882,7.45,2024
Gujarat,Gujarat PC 26,Candidate 2 (IND),IND,IND,,273130,26.46,1032311,56.5,False,2,0,0,2024
Gujarat,Gujarat PC 26,Candidate 3 (TMC),TMC,TMC,INDIA,261626,25.34,1032311,62.9,False,3,0,0,2024
Gujarat,Gujarat PC 26,Candidate 4 (BJP),BJP,BJP,NDA,95094,9.21,1032311,55.0,False,4,0,0,2024
Gujarat,Gujarat PC 26,Candidate 5 (DMK),DMK,DMK,INDIA,52447,5.08,1032311,69.6,False,5,0,0,2024
Andhra Pradesh,Andhra Pradesh PC 1,Candidate 1 (OTH),OTH,OTH,,366725,33.95,1080280,73.2,True,1,117218,10.85,2024
Andhra Pradesh,Andhra Pradesh PC 1,Candidate 2 (JDU),JDU,JDU,NDA,249507,23.1,1080280,68.6,False,2,0,0,2024
Andhra Pradesh,Andhra Pradesh PC 1,Candidate 3 (INC),INC,INC,INDIA,229969,21.29,1080280,63.2,False,3,0,0,2024
Andhra Pradesh,Andhra Pradesh PC 1,Candidate 4 (TDP),TDP,TDP,NDA,150225,13.91,1080280,76.8,False,4,0,0,2024
Andhra Pradesh,Andhra Pradesh PC 1,Candidate 5 (BJP),BJP,BJP,NDA,83851,7.76,1080280,70.2,False,5,0,0,2024
Andhra Pradesh,Andhra Pradesh PC 2,Candidate 1 (TDP),TDP,TDP,NDA,260757,32.66,798360,56.1,True,1,43462,5.44,2024
Andhra Pradesh,Andhra Pradesh PC 2,Candidate 2 (DMK),DMK,DMK,INDIA,217295,27.22,798360,67.8,False,2,0,0,2024
Andhra Pradesh,Andhra Pradesh PC 2,Candidate 3 (BJP),BJP,BJP,NDA,204946,25.67,798360,74.3,False,3,0,0,2024
Andhra Pradesh,Andhra Pradesh PC 2,Candidate 4 (YSR),YSR,YSR,,79003,9.9,798360,64.2,False,4,0,0,2024
Andhra Pradesh,Andhra Pradesh PC 2,Candidate 5 (INC),INC,INC,INDIA,36357,4.55,798360,62.9,False,5,0,0,2024
Andhra Pradesh,Andhra Pradesh PC 3,Candidate 1 (BJP),BJP,BJP,NDA,461025,41.66,1106512,63.4,True,1,84573,7.64,2024
Andhra Pradesh,Andhra Pradesh PC 3,Candidate 2 (SP),SP,SP,INDIA,376452,34.02,1106512,72.0,False,2,0,0,2024
Andhra Pradesh,Andhra Pradesh PC 3,Candidate 3 (IND),IND,IND,,269034,24.31,1106512,77.0,False,3,0,0,2024
Andhra Pradesh,Andhra Pradesh PC 4,Candidate 1 (BJP),BJP,BJP,NDA,850554,78.32,1085947,63.9,True,1,615162,56.65,2024
Andhra Pradesh,Andhra Pradesh PC 4,Candidate 2 (AIADMK),AIADMK,AIADMK,,235392,21.68,1085947,59.3,False,2,0,0,2024
Andhra Pradesh,Andhra Pradesh PC 5,Candidate 1 (AIADMK),AIADMK,AIADMK,,370967,39.99,927581,65.7,True,1,19796,2.13,2024
Andhra Pradesh,Andhra Pradesh PC 5,Candidate 2 (SP),SP,SP,INDIA,351171,37.86,927581,58.4,False,2,0,0,2024
Andhra Pradesh,Andhra Pradesh PC 5,Candidate 3 (INC),INC,INC,INDIA,124810,13.46,927581,64.2,False,3,0,0,2024
Andhra Pradesh,Andhra Pradesh PC 5,Candidate 4 (BJP),BJP,BJP,NDA,80632,8.69,927581,70.4,False,4,0,0,2024
Andhra Pradesh,Andhra Pradesh PC 6,Candidate 1 (BJP),BJP,BJP,NDA,416897,38.48,1083339,63.0,True,1,56366,5.2,2024
Andhra Pradesh,Andhra Pradesh PC 6,Candidate 2 (INC),INC,INC,INDIA,360531,33.28,1083339,67.7,False,2,0,0,2024
Andhra Pradesh,Andhra Pradesh PC 6,Candidate 3 (JDU),JDU,JDU,NDA,305910,28.24,1083339,64.6,False,3,0,0,2024
Andhra Pradesh,Andhra Pradesh PC 7,Candidate 1 (BJP),BJP,BJP,NDA,141123,33.03,427253,62.9,True,1,30741,7.2,2024
Andhra Pradesh,Andhra Pradesh PC 7,Candidate 2 (INC),INC,INC,INDIA,110382,25.84,427253,56.6,False,2,0,0,2024
Andhra Pradesh,Andhra Pradesh PC 7,Candidate 3 (DMK),DMK,DMK,INDIA,81374,19.05,427253,66.3,False,3,0,0,2024
Andhra Pradesh,Andhra Pradesh PC 7,Candidate 4 (AIADMK),AIADMK,AIADMK,,54581,12.78,427253,60.4,False,4,0,0,2024
Andhra Pradesh,Andhra Pradesh PC 7,Candidate 5 (SP),SP,SP,INDIA,39790,9.31,427253,65.3,False,5,0,0,2024
Andhra Pradesh,Andhra Pradesh PC 8,Candidate 1 (BJP),BJP,BJP,NDA,122403,24.18,506125,71.0,True,1,12057,2.38,2024
Andhra Pradesh,Andhra Pradesh PC 8,Candidate 2 (BRS),BRS,BRS,,110346,21.8,506125,60.5,False,2,0,0,2024
Andhra Pradesh,Andhra Pradesh PC 8,Candidate 3 (SP),SP,SP,INDIA,106836,21.11,506125,75.2,False,3,0,0,2024
Andhra Pradesh,Andhra Pradesh PC 8,Candidate 4 (TMC),TMC,TMC,INDIA,93692,18.51,506125,57.6,False,4,0,0,2024
Andhra Pradesh,Andhra Pradesh PC 8,Candidate 5 (INC),INC,INC,INDIA,72846,14.39,506125,58.3,False,5,0,0,2024
Andhra Pradesh,Andhra Pradesh PC 9,Candidate 1 (AIADMK),AIADMK,AIADMK,,530214,50.22,1055868,59.7,True,1,193370,18.31,2024
Andhra Pradesh,Andhra Pradesh PC 9,Candidate 2 (BJP),BJP,BJP,NDA,336844,31.9,1055868,73.4,False,2,0,0,2024
Andhra Pradesh,Andhra Pradesh PC 9,Candidate 3 (INC),INC,INC,INDIA,188809,17.88,1055868,70.4,False,3,0,0,2024
Andhra Pradesh,Andhra Pradesh PC 10,Candidate 1 (BJP),BJP,BJP,NDA,380043,60.76,625491,69.5,True,1,134596,21.52,2024
Andhra Pradesh,Andhra Pradesh PC 10,Candidate 2 (INC),INC,INC,INDIA,245447,39.24,625491,59.0,False,2,0,0,2024
Andhra Pradesh,Andhra Pradesh PC 11,Candidate 1 (TMC),TMC,TMC,INDIA,291034,40.47,719054,56.3,True,1,70076,9.75,2024
Andhra Pradesh,Andhra Pradesh PC 11,Candidate 2 (BJP),BJP,BJP,NDA,220958,30.73,719054,74.2,False,2,0,0,2024
Andhra Pradesh,Andhra Pradesh PC 11,Candidate 3 (OTH),OTH,OTH,,207061,28.8,719054,68.0,False,3,0,0,2024
Andhra Pradesh,Andhra Pradesh PC 12,Candidate 1 (BJP),BJP,BJP,NDA,376542,31.97,1177851,69.2,True,1,4355,0.37,2024
Andhra Pradesh,Andhra Pradesh PC 12,Candidate 2 (INC),INC,INC,INDIA,372187,31.6,1177851,61.6,False,2,0,0,2024
Andhra Pradesh,Andhra Pradesh PC 12,Candidate 3 (JDU),JDU,JDU,NDA,298045,25.3,1177851,71.4,False,3,0,0,2024
Andhra Pradesh,Andhra Pradesh PC 12,Candidate 4 (AIADMK),AIADMK,AIADMK,,131076,11.13,1177851,63.0,False,4,0,0,2024
Andhra Pradesh,Andhra Pradesh PC 13,Candidate 1 (BRS),BRS,BRS,,214980,27.84,772145,66.0,True,1,7404,0.96,2024
Andhra Pradesh,Andhra Pradesh PC 13,Candidate 2 (SP),SP,SP,INDIA,207576,26.88,772145,59.8,False,2,0,0,2024
Andhra Pradesh,Andhra Pradesh PC 13,Candidate 3 (BJP),BJP,BJP,NDA,172076,22.29,772145,77.3,False,3,0,0,2024
Andhra Pradesh,Andhra Pradesh PC 13,Candidate 4 (INC),INC,INC,INDIA,64619,8.37,772145,55.7,False,4,0,0,2024
Andhra Pradesh,Andhra Pradesh PC 13,Candidate 5 (JDU),JDU,JDU,NDA,57913,7.5,772145,63.5,False,5,0,0,2024
Andhra Pradesh,Andhra Pradesh PC 13,Candidate 6 (TMC),TMC,TMC,INDIA,54977,7.12,772145,67.2,False,6,0,0,2024
Andhra Pradesh,Andhra Pradesh PC 14,Candidate 1 (BJP),BJP,BJP,NDA,167152,32.06,521431,56.8,True,1,26264,5.04,2024
Andhra Pradesh,Andhra Pradesh PC 14,Candidate 2 (OTH),OTH,OTH,,140888,27.02,521431,72.2,False,2,0,0,2024
Andhra Pradesh,Andhra Pradesh PC 14,Candidate 3 (AIADMK),AIADMK,AIADMK,,122156,23.43,521431,64.0,False,3,0,0,2024
Andhra Pradesh,Andhra Pradesh PC 14,Candidate 4 (TMC),TMC,TMC,INDIA,65871,12.63,521431,76.9,False,4,0,0,2024
Andhra Pradesh,Andhra Pradesh PC 14,Candidate 5 (YSR),YSR,YSR,,25362,4.86,521431,60.2,False,5,0,0,2024
Andhra Pradesh,Andhra Pradesh PC 15,Candidate 1 (INC),INC,INC,INDIA,476282,52.32,910321,68.5,True,1,42244,4.64,2024
Andhra Pradesh,Andhra Pradesh PC 15,Candidate 2 (BJP),BJP,BJP,NDA,434038,47.68,910321,75.7,False,2,0,0,2024
Andhra Pradesh,Andhra Pradesh PC 16,Candidate 1 (TMC),TMC,TMC,INDIA,317130,31.72,999662,70.2,True,1,18737,1.87,2024
Andhra Pradesh,Andhra Pradesh PC 16,Candidate 2 (BJP),BJP,BJP,NDA,298393,29.85,999662,71.7,False,2,0,0,2024
Andhra Pradesh,Andhra Pradesh PC 16,Candidate 3 (AIADMK),AIADMK,AIADMK,,170709,17.08,999662,77.0,False,3,0,0,2024
Andhra Pradesh,Andhra Pradesh PC 16,Candidate 4 (INC),INC,INC,INDIA,143348,14.34,999662,75.4,False,4,0,0,2024
Andhra Pradesh,Andhra Pradesh PC 16,Candidate 5 (DMK),DMK,DMK,INDIA,70079,7.01,999662,77.8,False,5,0,0,2024
Andhra Pradesh,Andhra Pradesh PC 17,Candidate 1 (TMC),TMC,TMC,INDIA,237628,34.58,687119,61.2,True,1,85993,12.52,2024
Andhra Pradesh,Andhra Pradesh PC 17,Candidate 2 (BRS),BRS,BRS,,151635,22.07,687119,74.7,False,2,0,0,2024
Andhra Pradesh,Andhra Pradesh PC 17,Candidate 3 (OTH),OTH,OTH,,138911,20.22,687119,56.2,False,3,0,0,2024
Andhra Pradesh,Andhra Pradesh PC 17,Candidate 4 (SP),SP,SP,INDIA,108507,15.79,687119,71.6,False,4,0,0,2024
Andhra Pradesh,Andhra Pradesh PC 17,Candidate 5 (BJP),BJP,BJP,NDA,50436,7.34,687119,60.7,False,5,0,0,2024
Andhra Pradesh,Andhra Pradesh PC 18,Candidate 1 (INC),INC,INC,INDIA,292666,39.48,741320,55.0,True,1,66804,9.01,2024
Andhra Pradesh,Andhra Pradesh PC 18,Candidate 2 (BJP),BJP,BJP,NDA,225862,30.47,741320,73.1,False,2,0,0,2024
Andhra Pradesh,Andhra Pradesh PC 18,Candidate 3 (TMC),TMC,TMC,INDIA,144653,19.51,741320,65.0,False,3,0,0,2024
Andhra Pradesh,Andhra Pradesh PC 18,Candidate 4 (DMK),DMK,DMK,INDIA,78138,10.54,741320,60.7,False,4,0,0,2024
Andhra Pradesh,Andhra Pradesh PC 19,Candidate 1 (AIADMK),AIADMK,AIADMK,,415132,46.28,897005,70.0,True,1,65923,7.35,2024
Andhra Pradesh,Andhra Pradesh PC 19,Candidate 2 (INC),INC,INC,INDIA,349209,38.93,897005,76.5,False,2,0,0,2024
Andhra Pradesh,Andhra Pradesh PC 19,Candidate 3 (BJP),BJP,BJP,NDA,132662,14.79,897005,62.2,False,3,0,0,2024
Andhra Pradesh,Andhra Pradesh PC 20,Candidate 1 (AIADMK),AIADMK,AIADMK,,311101,30.87,1007675,63.6,True,1,30318,3.01,2024
Andhra Pradesh,Andhra Pradesh PC 20,Candidate 2 (BJP),BJP,BJP,NDA,280783,27.86,1007675,55.0,False,2,0,0,2024
Andhra Pradesh,Andhra Pradesh PC 20,Candidate 3 (DMK),DMK,DMK,INDIA,213429,21.18,1007675,62.9,False,3,0,0,2024
Andhra Pradesh,Andhra Pradesh PC 20,Candidate 4 (INC),INC,INC,INDIA,144417,14.33,1007675,58.4,False,4,0,0,2024
Andhra Pradesh,Andhra Pradesh PC 20,Candidate 5 (TMC),TMC,TMC,INDIA,57943,5.75,1007675,63.1,False,5,0,0,2024
Andhra Pradesh,Andhra Pradesh PC 21,Candidate 1 (INC),INC,INC,INDIA,642640,55.21,1164044,58.4,True,1,121237,10.42,2024
Andhra Pradesh,Andhra Pradesh PC 21,Candidate 2 (BJP),BJP,BJP,NDA,521403,44.79,1164044,66.2,False,2,0,0,2024
Andhra Pradesh,Andhra Pradesh PC 22,Candidate 1 (OTH),OTH,OTH,,157259,38.16,412158,69.2,True,1,2439,0.59,2024
Andhra Pradesh,Andhra Pradesh PC 22,Candidate 2 (BJP),BJP,BJP,NDA,154820,37.56,412158,62.2,False,2,0,0,2024
Andhra Pradesh,Andhra Pradesh PC 22,Candidate 3 (INC),INC,INC,INDIA,100078,24.28,412158,68.6,False,3,0,0,2024
Andhra Pradesh,Andhra Pradesh PC 23,Candidate 1 (INC),INC,INC,INDIA,252467,47.28,533970,64.7,True,1,98657,18.48,2024
Andhra Pradesh,Andhra Pradesh PC 23,Candidate 2 (BJP),BJP,BJP,NDA,153810,28.81,533970,72.2,False,2,0,0,2024
Andhra Pradesh,Andhra Pradesh PC 23,Candidate 3 (SP),SP,SP,INDIA,127691,23.91,533970,61.1,False,3,0,0,2024
Andhra Pradesh,Andhra Pradesh PC 24,Candidate 1 (BJP),BJP,BJP,NDA,417808,40.29,1037020,55.6,True,1,189664,18.29,2024
Andhra Pradesh,Andhra Pradesh PC 24,Candidate 2 (SP),SP,SP,INDIA,228144,22.0,1037020,69.6,False,2,0,0,2024
Andhra Pradesh,Andhra Pradesh PC 24,Candidate 3 (DMK),DMK,DMK,INDIA,215712,20.8,1037020,73.6,False,3,0,0,2024
Andhra Pradesh,Andhra Pradesh PC 24,Candidate 4 (IND),IND,IND,,175354,16.91,1037020,63.3,False,4,0,0,2024
Andhra Pradesh,Andhra Pradesh PC 25,Candidate 1 (SP),SP,SP,INDIA,493404,64.56,764216,57.5,True,1,324409,42.45,2024
Andhra Pradesh,Andhra Pradesh PC 25,Candidate 2 (JDU),JDU,JDU,NDA,168995,22.11,764216,58.6,False,2,0,0,2024
Andhra Pradesh,Andhra Pradesh PC 25,Candidate 3 (BJP),BJP,BJP,NDA,101816,13.32,764216,66.9,False,3,0,0,2024
Odisha,Odisha PC 1,Candidate 1 (INC),INC,INC,INDIA,251914,40.26,625788,68.6,True,1,1118,0.18,2024
Odisha,Odisha PC 1,Candidate 2 (BJP),BJP,BJP,NDA,250796,40.08,625788,63.8,False,2,0,0,2024
Odisha,Odisha PC 1,Candidate 3 (SP),SP,SP,INDIA,88729,14.18,625788,76.8,False,3,0,0,2024
Odisha,Odisha PC 1,Candidate 4 (OTH),OTH,OTH,,34347,5.49,625788,60.0,False,4,0,0,2024
Odisha,Odisha PC 2,Candidate 1 (IND),IND,IND,,151174,21.8,693481,71.3,True,1,24949,3.6,2024
Odisha,Odisha PC 2,Candidate 2 (INC),INC,INC,INDIA,126225,18.2,693481,63.4,False,2,0,0,2024
Odisha,Odisha PC 2,Candidate 3 (TMC),TMC,TMC,INDIA,122493,17.66,693481,57.7,False,3,0,0,2024
Odisha,Odisha PC 2,Candidate 4 (BJP),BJP,BJP,NDA,103490,14.92,693481,76.1,False,4,0,0,2024
Odisha,Odisha PC 2,Candidate 5 (TDP),TDP,TDP,NDA,99636,14.37,693481,56.4,False,5,0,0,2024
Odisha,Odisha PC 2,Candidate 6 (JDU),JDU,JDU,NDA,90459,13.04,693481,57.8,False,6,0,0,2024
Odisha,Odisha PC 3,Candidate 1 (DMK),DMK,DMK,INDIA,539343,47.25,1141429,57.2,True,1,99484,8.72,2024
Odisha,Odisha PC 3,Candidate 2 (BJP),BJP,BJP,NDA,439859,38.54,1141429,60.1,False,2,0,0,2024
Odisha,Odisha PC 3,Candidate 3 (INC),INC,INC,INDIA,162225,14.21,1141429,67.4,False,3,0,0,2024
Odisha,Odisha PC 4,Candidate 1 (BJP),BJP,BJP,NDA,620570,58.93,1053070,68.8,True,1,188071,17.86,2024
Odisha,Odisha PC 4,Candidate 2 (TMC),TMC,TMC,INDIA,432499,41.07,1053070,61.9,False,2,0,0,2024
Odisha,Odisha PC 5,Candidate 1 (SP),SP,SP,INDIA,362564,30.85,1175168,58.3,True,1,14353,1.22,2024
Odisha,Odisha PC 5,Candidate 2 (DMK),DMK,DMK,INDIA,348211,29.63,1175168,70.6,False,2,0,0,2024
Odisha,Odisha PC 5,Candidate 3 (INC),INC,INC,INDIA,299998,25.53,1175168,74.9,False,3,0,0,2024
Odisha,Odisha PC 5,Candidate 4 (BJP),BJP,BJP,NDA,97728,8.32,1175168,59.8,False,4,0,0,2024
Odisha,Odisha PC 5,Candidate 5 (AIADMK),AIADMK,AIADMK,,66665,5.67,1175168,68.5,False,5,0,0,2024
Odisha,Odisha PC 6,Candidate 1 (TMC),TMC,TMC,INDIA,207697,30.68,676879,57.8,True,1,37591,5.55,2024
Odisha,Odisha PC 6,Candidate 2 (INC),INC,INC,INDIA,170106,25.13,676879,61.8,False,2,0,0,2024
Odisha,Odisha PC 6,Candidate 3 (DMK),DMK,DMK,INDIA,116335,17.19,676879,67.8,False,3,0,0,2024
Odisha,Odisha PC 6,Candidate 4 (BJP),BJP,BJP,NDA,108821,16.08,676879,64.7,False,4,0,0,2024
Odisha,Odisha PC 6,Candidate 5 (SP),SP,SP,INDIA,73917,10.92,676879,60.7,False,5,0,0,2024
Odisha,Odisha PC 7,Candidate 1 (BJP),BJP,BJP,NDA,203008,37.23,545298,61.0,True,1,53627,9.83,2024
Odisha,Odisha PC 7,Candidate 2 (INC),INC,INC,INDIA,149381,27.39,545298,62.4,False,2,0,0,2024
Odisha,Odisha PC 7,Candidate 3 (AIADMK),AIADMK,AIADMK,,146428,26.85,545298,58.3,False,3,0,0,2024
Odisha,Odisha PC 7,Candidate 4 (DMK),DMK,DMK,INDIA,46479,8.52,545298,65.9,False,4,0,0,2024
Odisha,Odisha PC 8,Candidate 1 (DMK),DMK,DMK,INDIA,433484,37.22,1164628,76.1,True,1,4666,0.4,2024
Odisha,Odisha PC 8,Candidate 2 (TMC),TMC,TMC,INDIA,428818,36.82,1164628,62.9,False,2,0,0,2024
Odisha,Odisha PC 8,Candidate 3 (BJP),BJP,BJP,NDA,302324,25.96,1164628,70.2,False,3,0,0,2024
Odisha,Odisha PC 9,Candidate 1 (BJP),BJP,BJP,NDA,411747,53.43,770642,57.7,True,1,219399,28.47,2024
Odisha,Odisha PC 9,Candidate 2 (TMC),TMC,TMC,INDIA,192348,24.96,770642,74.1,False,2,0,0,2024
Odisha,Odisha PC 9,Candidate 3 (INC),INC,INC,INDIA,166545,21.61,770642,75.4,False,3,0,0,2024
Odisha,Odisha PC 10,Candidate 1 (BJP),BJP,BJP,NDA,202608,44.56,454644,70.4,True,1,18605,4.09,2024
Odisha,Odisha PC 10,Candidate 2 (OTH),OTH,OTH,,184003,40.47,454644,58.5,False,2,0,0,2024
Odisha,Odisha PC 10,Candidate 3 (TDP),TDP,TDP,NDA,68031,14.96,454644,68.0,False,3,0,0,2024
Odisha,Odisha PC 11,Candidate 1 (INC),INC,INC,INDIA,527718,56.96,926402,68.4,True,1,129035,13.93,2024
Odisha,Odisha PC 11,Candidate 2 (BJP),BJP,BJP,NDA,398683,43.04,926402,73.9,False,2,0,0,2024
Odisha,Odisha PC 12,Candidate 1 (JDU),JDU,JDU,NDA,385933,43.81,881007,64.3,True,1,121105,13.75,2024
Odisha,Odisha PC 12,Candidate 2 (SP),SP,SP,INDIA,264828,30.06,881007,72.0,False,2,0,0,2024
Odisha,Odisha PC 12,Candidate 3 (INC),INC,INC,INDIA,166321,18.88,881007,71.5,False,3,0,0,2024
Odisha,Odisha PC 12,Candidate 4 (BJP),BJP,BJP,NDA,63923,7.26,881007,64.3,False,4,0,0,2024
Odisha,Odisha PC 13,Candidate 1 (SP),SP,SP,INDIA,422282,38.9,1085453,66.6,True,1,27688,2.55,2024
Odisha,Odisha PC 13,Candidate 2 (BJP),BJP,BJP,NDA,394594,36.35,1085453,64.0,False,2,0,0,2024
Odisha,Odisha PC 13,Candidate 3 (INC),INC,INC,INDIA,268575,24.74,1085453,68.5,False,3,0,0,2024
Odisha,Odisha PC 14,Candidate 1 (INC),INC,INC,INDIA,243204,43.12,564038,68.1,True,1,72857,12.92,2024
Odisha,Odisha PC 14,Candidate 2 (BJP),BJP,BJP,NDA,170347,30.2,564038,76.8,False,2,0,0,2024
Odisha,Odisha PC 14,Candidate 3 (SP),SP,SP,INDIA,115309,20.44,564038,59.7,False,3,0,0,2024
Odisha,Odisha PC 14,Candidate 4 (DMK),DMK,DMK,INDIA,35176,6.24,564038,77.9,False,4,0,0,2024
Odisha,Odisha PC 15,Candidate 1 (BJP),BJP,BJP,NDA,475092,57.44,827045,62.5,True,1,123140,14.89,2024
Odisha,Odisha PC 15,Candidate 2 (SP),SP,SP,INDIA,351952,42.56,827045,61.9,False,2,0,0,2024
Odisha,Odisha PC 16,Candidate 1 (BJP),BJP,BJP,NDA,219424,38.43,570982,68.9,True,1,71052,12.44,2024
Odisha,Odisha PC 16,Candidate 2 (INC),INC,INC,INDIA,148372,25.99,570982,59.1,False,2,0,0,2024
Odisha,Odisha PC 16,Candidate 3 (BRS),BRS,BRS,,105537,18.48,570982,71.1,False,3,0,0,2024
Odisha,Odisha PC 16,Candidate 4 (DMK),DMK,DMK,INDIA,97647,17.1,570982,66.4,False,4,0,0,2024
Odisha,Odisha PC 17,Candidate 1 (SP),SP,SP,INDIA,197309,24.1,818681,71.0,True,1,12483,1.52,2024
Odisha,Odisha PC 17,Candidate 2 (BJP),BJP,BJP,NDA,184826,22.58,818681,61.0,False,2,0,0,2024
Odisha,Odisha PC 17,Candidate 3 (INC),INC,INC,INDIA,179355,21.91,818681,66.9,False,3,0,0,2024
Odisha,Odisha PC 17,Candidate 4 (TMC),TMC,TMC,INDIA,139963,17.1,818681,62.7,False,4,0,0,2024
Odisha,Odisha PC 17,Candidate 5 (OTH),OTH,OTH,,117225,14.32,818681,55.2,False,5,0,0,2024
Odisha,Odisha PC 18,Candidate 1 (YSR),YSR,YSR,,456163,52.23,873330,63.2,True,1,129646,14.85,2024
Odisha,Odisha PC 18,Candidate 2 (SP),SP,SP,INDIA,326517,37.39,873330,61.7,False,2,0,0,2024
Odisha,Odisha PC 18,Candidate 3 (BJP),BJP,BJP,NDA,90649,10.38,873330,61.4,False,3,0,0,2024
Odisha,Odisha PC 19,Candidate 1 (SP),SP,SP,INDIA,215791,29.95,720416,55.1,True,1,26669,3.7,2024
Odisha,Odisha PC 19,Candidate 2 (BJP),BJP,BJP,NDA,189122,26.25,720416,62.4,False,2,0,0,2024
Odisha,Odisha PC 19,Candidate 3 (OTH),OTH,OTH,,187926,26.09,720416,70.1,False,3,0,0,2024
Odisha,Odisha PC 19,Candidate 4 (INC),INC,INC,INDIA,127575,17.71,720416,66.5,False,4,0,0,2024
Odisha,Odisha PC 20,Candidate 1 (BJP),BJP,BJP,NDA,382193,41.5,920925,66.9,True,1,107661,11.69,2024
Odisha,Odisha PC 20,Candidate 2 (DMK),DMK,DMK,INDIA,274532,29.81,920925,76.7,False,2,0,0,2024
Odisha,Odisha PC 20,Candidate 3 (INC),INC,INC,INDIA,171210,18.59,920925,77.2,False,3,0,0,2024
Odisha,Odisha PC 20,Candidate 4 (YSR),YSR,YSR,,92988,10.1,920925,69.1,False,4,0,0,2024
Odisha,Odisha PC 21,Candidate 1 (INC),INC,INC,INDIA,222440,39.45,563896,70.0,True,1,46274,8.21,2024
Odisha,Odisha PC 21,Candidate 2 (BRS),BRS,BRS,,176166,31.24,563896,56.1,False,2,0,0,2024
Odisha,Odisha PC 21,Candidate 3 (SP),SP,SP,INDIA,81684,14.49,563896,73.2,False,3,0,0,2024
Odisha,Odisha PC 21,Candidate 4 (DMK),DMK,DMK,INDIA,48316,8.57,563896,72.1,False,4,0,0,2024
Odisha,Odisha PC 21,Candidate 5 (BJP),BJP,BJP,NDA,35287,6.26,563896,57.9,False,5,0,0,2024
Telangana,Telangana PC 1,Candidate 1 (SP),SP,SP,INDIA,222775,29.98,743186,70.5,True,1,31157,4.19,2024
Telangana,Telangana PC 1,Candidate 2 (BJP),BJP,BJP,NDA,191618,25.78,743186,59.1,False,2,0,0,2024
Telangana,Telangana PC 1,Candidate 3 (YSR),YSR,YSR,,151433,20.38,743186,66.3,False,3,0,0,2024
Telangana,Telangana PC 1,Candidate 4 (TDP),TDP,TDP,NDA,131961,17.76,743186,62.5,False,4,0,0,2024
Telangana,Telangana PC 1,Candidate 5 (BRS),BRS,BRS,,45396,6.11,743186,55.0,False,5,0,0,2024
Telangana,Telangana PC 2,Candidate 1 (INC),INC,INC,INDIA,292325,33.94,861338,63.9,True,1,2688,0.31,2024
Telangana,Telangana PC 2,Candidate 2 (JDU),JDU,JDU,NDA,289637,33.63,861338,63.6,False,2,0,0,2024
Telangana,Telangana PC 2,Candidate 3 (OTH),OTH,OTH,,194555,22.59,861338,55.2,False,3,0,0,2024
Telangana,Telangana PC 2,Candidate 4 (BJP),BJP,BJP,NDA,84819,9.85,861338,70.9,False,4,0,0,2024
Telangana,Telangana PC 3,Candidate 1 (INC),INC,INC,INDIA,492061,42.37,1161449,56.8,True,1,95616,8.23,2024
Telangana,Telangana PC 3,Candidate 2 (TDP),TDP,TDP,NDA,396445,34.13,1161449,69.1,False,2,0,0,2024
Telangana,Telangana PC 3,Candidate 3 (BJP),BJP,BJP,NDA,272941,23.5,1161449,56.9,False,3,0,0,2024
Telangana,Telangana PC 4,Candidate 1 (SP),SP,SP,INDIA,199068,26.3,756858,55.5,True,1,15514,2.05,2024
Telangana,Telangana PC 4,Candidate 2 (BRS),BRS,BRS,,183554,24.25,756858,76.1,False,2,0,0,2024
Telangana,Telangana PC 4,Candidate 3 (BJP),BJP,BJP,NDA,172086,22.74,756858,59.0,False,3,0,0,2024
Telangana,Telangana PC 4,Candidate 4 (INC),INC,INC,INDIA,142623,18.84,756858,66.3,False,4,0,0,2024
Telangana,Telangana PC 4,Candidate 5 (JDU),JDU,JDU,NDA,59524,7.86,756858,62.6,False,5,0,0,2024
Telangana,Telangana PC 5,Candidate 1 (SP),SP,SP,INDIA,417671,38.26,1091575,69.4,True,1,60081,5.5,2024
Telangana,Telangana PC 5,Candidate 2 (TMC),TMC,TMC,INDIA,357590,32.76,1091575,72.7,False,2,0,0,2024
Telangana,Telangana PC 5,Candidate 3 (BJP),BJP,BJP,NDA,316312,28.98,1091575,65.4,False,3,0,0,2024
Telangana,Telangana PC 6,Candidate 1 (DMK),DMK,DMK,INDIA,174983,34.24,511014,63.7,True,1,8760,1.71,2024
Telangana,Telangana PC 6,Candidate 2 (INC),INC,INC,INDIA,166223,32.53,511014,69.0,False,2,0,0,2024
Telangana,Telangana PC 6,Candidate 3 (SP),SP,SP,INDIA,130706,25.58,511014,59.6,False,3,0,0,2024
Telangana,Telangana PC 6,Candidate 4 (BJP),BJP,BJP,NDA,39100,7.65,511014,55.8,False,4,0,0,2024
Telangana,Telangana PC 7,Candidate 1 (INC),INC,INC,INDIA,318894,32.33,986246,57.5,True,1,46117,4.68,2024
Telangana,Telangana PC 7,Candidate 2 (OTH),OTH,OTH,,272777,27.66,986246,58.0,False,2,0,0,2024
Telangana,Telangana PC 7,Candidate 3 (BJP),BJP,BJP,NDA,204093,20.69,986246,58.9,False,3,0,0,2024
Telangana,Telangana PC 7,Candidate 4 (AIADMK),AIADMK,AIADMK,,190481,19.31,986246,65.8,False,4,0,0,2024
Telangana,Telangana PC 8,Candidate 1 (SP),SP,SP,INDIA,309776,58.49,529607,58.3,True,1,150814,28.48,2024
Telangana,Telangana PC 8,Candidate 2 (OTH),OTH,OTH,,158962,30.02,529607,60.2,False,2,0,0,2024
Telangana,Telangana PC 8,Candidate 3 (BJP),BJP,BJP,NDA,60867,11.49,529607,55.4,False,3,0,0,2024
Telangana,Telangana PC 9,Candidate 1 (BJP),BJP,BJP,NDA,154266,37.31,413460,59.5,True,1,58281,14.1,2024
Telangana,Telangana PC 9,Candidate 2 (INC),INC,INC,INDIA,95985,23.22,413460,59.5,False,2,0,0,2024
Telangana,Telangana PC 9,Candidate 3 (SP),SP,SP,INDIA,93319,22.57,413460,56.6,False,3,0,0,2024
Telangana,Telangana PC 9,Candidate 4 (BRS),BRS,BRS,,69887,16.9,413460,56.1,False,4,0,0,2024
Telangana,Telangana PC 10,Candidate 1 (OTH),OTH,OTH,,102435,22.19,461708,76.6,True,1,6926,1.5,2024
Telangana,Telangana PC 10,Candidate 2 (BJP),BJP,BJP,NDA,95509,20.69,461708,67.8,False,2,0,0,2024
Telangana,Telangana PC 10,Candidate 3 (INC),INC,INC,INDIA,90682,19.64,461708,57.9,False,3,0,0,2024
Telangana,Telangana PC 10,Candidate 4 (AIADMK),AIADMK,AIADMK,,88469,19.16,461708,73.8,False,4,0,0,2024
Telangana,Telangana PC 10,Candidate 5 (SP),SP,SP,INDIA,84611,18.33,461708,57.9,False,5,0,0,2024
Telangana,Telangana PC 11,Candidate 1 (IND),IND,IND,,256767,54.76,468926,64.2,True,1,103399,22.05,2024
Telangana,Telangana PC 11,Candidate 2 (INC),INC,INC,INDIA,153368,32.71,468926,76.2,False,2,0,0,2024
Telangana,Telangana PC 11,Candidate 3 (BJP),BJP,BJP,NDA,58789,12.54,468926,73.5,False,3,0,0,2024
Telangana,Telangana PC 12,Candidate 1 (BJP),BJP,BJP,NDA,280876,30.66,916037,61.5,True,1,20705,2.26,2024
Telangana,Telangana PC 12,Candidate 2 (OTH),OTH,OTH,,260171,28.4,916037,76.2,False,2,0,0,2024
Telangana,Telangana PC 12,Candidate 3 (INC),INC,INC,INDIA,249812,27.27,916037,70.8,False,3,0,0,2024
Telangana,Telangana PC 12,Candidate 4 (TMC),TMC,TMC,INDIA,125175,13.66,916037,58.4,False,4,0,0,2024
Telangana,Telangana PC 13,Candidate 1 (INC),INC,INC,INDIA,333346,35.22,946427,70.7,True,1,23025,2.43,2024
Telangana,Telangana PC 13,Candidate 2 (TDP),TDP,TDP,NDA,310321,32.79,946427,56.0,False,2,0,0,2024
Telangana,Telangana PC 13,Candidate 3 (BJP),BJP,BJP,NDA,302758,31.99,946427,55.9,False,3,0,0,2024
Telangana,Telangana PC 14,Candidate 1 (SP),SP,SP,INDIA,141648,32.49,436017,67.4,True,1,4070,0.93,2024
Telangana,Telangana PC 14,Candidate 2 (DMK),DMK,DMK,INDIA,137578,31.55,436017,76.7,False,2,0,0,2024
Telangana,Telangana PC 14,Candidate 3 (BJP),BJP,BJP,NDA,131357,30.13,436017,60.1,False,3,0,0,2024
Telangana,Telangana PC 14,Candidate 4 (INC),INC,INC,INDIA,25432,5.83,436017,70.2,False,4,0,0,2024
Telangana,Telangana PC 15,Candidate 1 (SP),SP,SP,INDIA,229382,35.32,649383,75.8,True,1,57389,8.84,2024
Telangana,Telangana PC 15,Candidate 2 (BJP),BJP,BJP,NDA,171993,26.49,649383,73.6,False,2,0,0,2024
Telangana,Telangana PC 15,Candidate 3 (INC),INC,INC,INDIA,157814,24.3,649383,75.8,False,3,0,0,2024
Telangana,Telangana PC 15,Candidate 4 (JDU),JDU,JDU,NDA,90192,13.89,649383,76.2,False,4,0,0,2024
Telangana,Telangana PC 16,Candidate 1 (BJP),BJP,BJP,NDA,425256,35.56,1196017,59.0,True,1,135996,11.37,2024
Telangana,Telangana PC 16,Candidate 2 (TDP),TDP,TDP,NDA,289260,24.19,1196017,78.0,False,2,0,0,2024
Telangana,Telangana PC 16,Candidate 3 (INC),INC,INC,INDIA,248083,20.74,1196017,69.9,False,3,0,0,2024
Telangana,Telangana PC 16,Candidate 4 (DMK),DMK,DMK,INDIA,233416,19.52,1196017,77.4,False,4,0,0,2024
Telangana,Telangana PC 17,Candidate 1 (OTH),OTH,OTH,,236030,35.35,667607,71.0,True,1,26581,3.98,2024
Telangana,Telangana PC 17,Candidate 2 (SP),SP,SP,INDIA,209449,31.37,667607,56.4,False,2,0,0,2024
Telangana,Telangana PC 17,Candidate 3 (BJP),BJP,BJP,NDA,165475,24.79,667607,56.4,False,3,0,0,2024
Telangana,Telangana PC 17,Candidate 4 (AIADMK),AIADMK,AIADMK,,56651,8.49,667607,59.6,False,4,0,0,2024
Jharkhand,Jharkhand PC 1,Candidate 1 (JDU),JDU,JDU,NDA,268532,52.81,508532,76.6,True,1,28533,5.61,2024
Jharkhand,Jharkhand PC 1,Candidate 2 (BJP),BJP,BJP,NDA,239999,47.19,508532,68.0,False,2,0,0,2024
Jharkhand,Jharkhand PC 2,Candidate 1 (JDU),JDU,JDU,NDA,255227,31.54,809095,58.0,True,1,31062,3.84,2024
Jharkhand,Jharkhand PC 2,Candidate 2 (TMC),TMC,TMC,INDIA,224165,27.71,809095,75.5,False,2,0,0,2024
Jharkhand,Jharkhand PC 2,Candidate 3 (TDP),TDP,TDP,NDA,196145,24.24,809095,60.9,False,3,0,0,2024
Jharkhand,Jharkhand PC 2,Candidate 4 (BJP),BJP,BJP,NDA,87345,10.8,809095,72.1,False,4,0,0,2024
Jharkhand,Jharkhand PC 2,Candidate 5 (SP),SP,SP,INDIA,46211,5.71,809095,55.4,False,5,0,0,2024
Jharkhand,Jharkhand PC 3,Candidate 1 (BRS),BRS,BRS,,154122,32.16,479250,56.2,True,1,2308,0.48,2024
Jharkhand,Jharkhand PC 3,Candidate 2 (TDP),TDP,TDP,NDA,151814,31.68,479250,62.9,False,2,0,0,2024
Jharkhand,Jharkhand PC 3,Candidate 3 (BJP),BJP,BJP,NDA,145680,30.4,479250,74.8,False,3,0,0,2024
Jharkhand,Jharkhand PC 3,Candidate 4 (INC),INC,INC,INDIA,27631,5.77,479250,58.6,False,4,0,0,2024
Jharkhand,Jharkhand PC 4,Candidate 1 (BJP),BJP,BJP,NDA,389055,34.14,1139653,76.3,True,1,45496,3.99,2024
Jharkhand,Jharkhand PC 4,Candidate 2 (TMC),TMC,TMC,INDIA,343559,30.15,1139653,69.2,False,2,0,0,2024
Jharkhand,Jharkhand PC 4,Candidate 3 (INC),INC,INC,INDIA,244193,21.43,1139653,75.1,False,3,0,0,2024
Jharkhand,Jharkhand PC 4,Candidate 4 (AIADMK),AIADMK,AIADMK,,162844,14.29,1139653,56.1,False,4,0,0,2024
Jharkhand,Jharkhand PC 5,Candidate 1 (BRS),BRS,BRS,,298021,27.32,1090856,58.0,True,1,12735,1.17,2024
Jharkhand,Jharkhand PC 5,Candidate 2 (BJP),BJP,BJP,NDA,285286,26.15,1090856,58.2,False,2,0,0,2024
Jharkhand,Jharkhand PC 5,Candidate 3 (AIADMK),AIADMK,AIADMK,,267942,24.56,1090856,66.6,False,3,0,0,2024
Jharkhand,Jharkhand PC 5,Candidate 4 (SP),SP,SP,INDIA,239605,21.96,1090856,75.6,False,4,0,0,2024
Jharkhand,Jharkhand PC 6,Candidate 1 (DMK),DMK,DMK,INDIA,242846,32.04,758037,58.7,True,1,20474,2.7,2024
Jharkhand,Jharkhand PC 6,Candidate 2 (SP),SP,SP,INDIA,222372,29.34,758037,73.3,False,2,0,0,2024
Jharkhand,Jharkhand PC 6,Candidate 3 (JDU),JDU,JDU,NDA,170125,22.44,758037,62.6,False,3,0,0,2024
Jharkhand,Jharkhand PC 6,Candidate 4 (AIADMK),AIADMK,AIADMK,,91506,12.07,758037,72.8,False,4,0,0,2024
Jharkhand,Jharkhand PC 6,Candidate 5 (BJP),BJP,BJP,NDA,31186,4.11,758037,72.9,False,5,0,0,2024
Jharkhand,Jharkhand PC 7,Candidate 1 (DMK),DMK,DMK,INDIA,231264,31.49,734324,68.9,True,1,36978,5.04,2024
Jharkhand,Jharkhand PC 7,Candidate 2 (INC),INC,INC,INDIA,194286,26.46,734324,55.4,False,2,0,0,2024
Jharkhand,Jharkhand PC 7,Candidate 3 (BJP),BJP,BJP,NDA,97603,13.29,734324,69.8,False,3,0,0,2024
Jharkhand,Jharkhand PC 7,Candidate 4 (TMC),TMC,TMC,INDIA,92513,12.6,734324,74.6,False,4,0,0,2024
Jharkhand,Jharkhand PC 7,Candidate 5 (IND),IND,IND,,86120,11.73,734324,75.0,False,5,0,0,2024
Jharkhand,Jharkhand PC 7,Candidate 6 (TDP),TDP,TDP,NDA,32535,4.43,734324,74.1,False,6,0,0,2024
Jharkhand,Jharkhand PC 8,Candidate 1 (TDP),TDP,TDP,NDA,141140,33.37,422904,70.1,True,1,6567,1.55,2024
Jharkhand,Jharkhand PC 8,Candidate 2 (BJP),BJP,BJP,NDA,134573,31.82,422904,75.7,False,2,0,0,2024
Jharkhand,Jharkhand PC 8,Candidate 3 (SP),SP,SP,INDIA,114934,27.18,422904,62.9,False,3,0,0,2024
Jharkhand,Jharkhand PC 8,Candidate 4 (DMK),DMK,DMK,INDIA,32255,7.63,422904,72.1,False,4,0,0,2024
Jharkhand,Jharkhand PC 9,Candidate 1 (DMK),DMK,DMK,INDIA,271922,32.96,824927,61.4,True,1,51606,6.26,2024
Jharkhand,Jharkhand PC 9,Candidate 2 (INC),INC,INC,INDIA,220316,26.71,824927,65.7,False,2,0,0,2024
Jharkhand,Jharkhand PC 9,Candidate 3 (BJP),BJP,BJP,NDA,198049,24.01,824927,68.5,False,3,0,0,2024
Jharkhand,Jharkhand PC 9,Candidate 4 (SP),SP,SP,INDIA,99923,12.11,824927,60.2,False,4,0,0,2024
Jharkhand,Jharkhand PC 9,Candidate 5 (OTH),OTH,OTH,,34715,4.21,824927,67.5,False,5,0,0,2024
Jharkhand,Jharkhand PC 10,Candidate 1 (AIADMK),AIADMK,AIADMK,,302463,28.49,1061805,60.5,True,1,12590,1.19,2024
Jharkhand,Jharkhand PC 10,Candidate 2 (SP),SP,SP,INDIA,289873,27.3,1061805,63.2,False,2,0,0,2024
Jharkhand,Jharkhand PC 10,Candidate 3 (OTH),OTH,OTH,,224157,21.11,1061805,67.4,False,3,0,0,2024
Jharkhand,Jharkhand PC 10,Candidate 4 (BJP),BJP,BJP,NDA,125688,11.84,1061805,73.1,False,4,0,0,2024
Jharkhand,Jharkhand PC 10,Candidate 5 (JDU),JDU,JDU,NDA,119621,11.27,1061805,69.1,False,5,0,0,2024
Jharkhand,Jharkhand PC 11,Candidate 1 (INC),INC,INC,INDIA,176096,40.81,431487,64.9,True,1,45108,10.45,2024
Jharkhand,Jharkhand PC 11,Candidate 2 (BJP),BJP,BJP,NDA,130988,30.36,431487,55.2,False,2,0,0,2024
Jharkhand,Jharkhand PC 11,Candidate 3 (SP),SP,SP,INDIA,72194,16.73,431487,62.6,False,3,0,0,2024
Jharkhand,Jharkhand PC 11,Candidate 4 (TMC),TMC,TMC,INDIA,52207,12.1,431487,71.8,False,4,0,0,2024
Jharkhand,Jharkhand PC 12,Candidate 1 (BJP),BJP,BJP,NDA,171147,40.8,419477,66.4,True,1,5781,1.38,2024
Jharkhand,Jharkhand PC 12,Candidate 2 (JDU),JDU,JDU,NDA,165366,39.42,419477,62.0,False,2,0,0,2024
Jharkhand,Jharkhand PC 12,Candidate 3 (TDP),TDP,TDP,NDA,82963,19.78,419477,58.7,False,3,0,0,2024
Jharkhand,Jharkhand PC 13,Candidate 1 (SP),SP,SP,INDIA,330546,47.08,702146,55.7,True,1,25683,3.66,2024
Jharkhand,Jharkhand PC 13,Candidate 2 (JDU),JDU,JDU,NDA,304863,43.42,702146,77.4,False,2,0,0,2024
Jharkhand,Jharkhand PC 13,Candidate 3 (BJP),BJP,BJP,NDA,66736,9.5,702146,63.1,False,3,0,0,2024
Jharkhand,Jharkhand PC 14,Candidate 1 (BJP),BJP,BJP,NDA,345090,56.98,605647,65.5,True,1,195985,32.36,2024
Jharkhand,Jharkhand PC 14,Candidate 2 (INC),INC,INC,INDIA,149105,24.62,605647,70.9,False,2,0,0,2024
Jharkhand,Jharkhand PC 14,Candidate 3 (IND),IND,IND,,111451,18.4,605647,75.0,False,3,0,0,2024
Assam,Assam PC 1,Candidate 1 (SP),SP,SP,INDIA,259194,43.75,592450,62.0,True,1,104099,17.57,2024
Assam,Assam PC 1,Candidate 2 (YSR),YSR,YSR,,155095,26.18,592450,74.9,False,2,0,0,2024
Assam,Assam PC 1,Candidate 3 (BJP),BJP,BJP,NDA,109210,18.43,592450,62.4,False,3,0,0,2024
Assam,Assam PC 1,Candidate 4 (INC),INC,INC,INDIA,68949,11.64,592450,65.4,False,4,0,0,2024
Assam,Assam PC 2,Candidate 1 (JDU),JDU,JDU,NDA,125201,25.98,481977,73.5,True,1,17496,3.63,2024
Assam,Assam PC 2,Candidate 2 (OTH),OTH,OTH,,107705,22.35,481977,55.5,False,2,0,0,2024
Assam,Assam PC 2,Candidate 3 (DMK),DMK,DMK,INDIA,74323,15.42,481977,73.6,False,3,0,0,2024
Assam,Assam PC 2,Candidate 4 (YSR),YSR,YSR,,72356,15.01,481977,61.6,False,4,0,0,2024
Assam,Assam PC 2,Candidate 5 (BJP),BJP,BJP,NDA,59264,12.3,481977,64.6,False,5,0,0,2024
Assam,Assam PC 2,Candidate 6 (AIADMK),AIADMK,AIADMK,,43124,8.95,481977,68.7,False,6,0,0,2024
Assam,Assam PC 3,Candidate 1 (BRS),BRS,BRS,,262230,26.19,1001296,56.2,True,1,25245,2.52,2024
Assam,Assam PC 3,Candidate 2 (JDU),JDU,JDU,NDA,236985,23.67,1001296,74.4,False,2,0,0,2024
Assam,Assam PC 3,Candidate 3 (AIADMK),AIADMK,AIADMK,,233874,23.36,1001296,69.6,False,3,0,0,2024
Assam,Assam PC 3,Candidate 4 (TMC),TMC,TMC,INDIA,164135,16.39,1001296,73.9,False,4,0,0,2024
Assam,Assam PC 3,Candidate 5 (YSR),YSR,YSR,,73358,7.33,1001296,71.7,False,5,0,0,2024
Assam,Assam PC 3,Candidate 6 (TDP),TDP,TDP,NDA,30711,3.07,1001296,69.2,False,6,0,0,2024
Assam,Assam PC 4,Candidate 1 (INC),INC,INC,INDIA,279431,66.05,423033,63.5,True,1,135830,32.11,2024
Assam,Assam PC 4,Candidate 2 (BJP),BJP,BJP,NDA,143601,33.95,423033,67.5,False,2,0,0,2024
Assam,Assam PC 5,Candidate 1 (SP),SP,SP,INDIA,360007,31.97,1125952,65.7,True,1,119990,10.66,2024
Assam,Assam PC 5,Candidate 2 (INC),INC,INC,INDIA,240017,21.32,1125952,65.6,False,2,0,0,2024
Assam,Assam PC 5,Candidate 3 (BRS),BRS,BRS,,218968,19.45,1125952,70.3,False,3,0,0,2024
Assam,Assam PC 5,Candidate 4 (OTH),OTH,OTH,,128076,11.37,1125952,74.6,False,4,0,0,2024
Assam,Assam PC 5,Candidate 5 (AIADMK),AIADMK,AIADMK,,118836,10.55,1125952,74.6,False,5,0,0,2024
Assam,Assam PC 5,Candidate 6 (JDU),JDU,JDU,NDA,60046,5.33,1125952,66.6,False,6,0,0,2024
Assam,Assam PC 6,Candidate 1 (BJP),BJP,BJP,NDA,230830,34.96,660353,63.4,True,1,15800,2.39,2024
Assam,Assam PC 6,Candidate 2 (JDU),JDU,JDU,NDA,215030,32.56,660353,75.8,False,2,0,0,2024
Assam,Assam PC 6,Candidate 3 (INC),INC,INC,INDIA,164876,24.97,660353,64.7,False,3,0,0,2024
Assam,Assam PC 6,Candidate 4 (SP),SP,SP,INDIA,49615,7.51,660353,58.8,False,4,0,0,2024
Assam,Assam PC 7,Candidate 1 (BJP),BJP,BJP,NDA,311667,32.57,956796,74.9,True,1,47856,5.0,2024
Assam,Assam PC 7,Candidate 2 (TDP),TDP,TDP,NDA,263811,27.57,956796,57.9,False,2,0,0,2024
Assam,Assam PC 7,Candidate 3 (BRS),BRS,BRS,,227538,23.78,956796,67.7,False,3,0,0,2024
Assam,Assam PC 7,Candidate 4 (INC),INC,INC,INDIA,153778,16.07,956796,76.1,False,4,0,0,2024
Assam,Assam PC 8,Candidate 1 (JDU),JDU,JDU,NDA,166492,25.67,648492,67.0,True,1,4233,0.65,2024
Assam,Assam PC 8,Candidate 2 (DMK),DMK,DMK,INDIA,162259,25.02,648492,67.3,False,2,0,0,2024
Assam,Assam PC 8,Candidate 3 (SP),SP,SP,INDIA,132664,20.46,648492,57.9,False,3,0,0,2024
Assam,Assam PC 8,Candidate 4 (INC),INC,INC,INDIA,120381,18.56,648492,64.2,False,4,0,0,2024
Assam,Assam PC 8,Candidate 5 (BJP),BJP,BJP,NDA,66693,10.28,648492,58.3,False,5,0,0,2024
Assam,Assam PC 9,Candidate 1 (BRS),BRS,BRS,,200740,33.38,601339,68.4,True,1,1646,0.27,2024
Assam,Assam PC 9,Candidate 2 (INC),INC,INC,INDIA,199094,33.11,601339,66.1,False,2,0,0,2024
Assam,Assam PC 9,Candidate 3 (DMK),DMK,DMK,INDIA,155148,25.8,601339,60.3,False,3,0,0,2024
Assam,Assam PC 9,Candidate 4 (IND),IND,IND,,46355,7.71,601339,65.5,False,4,0,0,2024
Assam,Assam PC 10,Candidate 1 (DMK),DMK,DMK,INDIA,514753,46.76,1100942,60.6,True,1,196516,17.85,2024
Assam,Assam PC 10,Candidate 2 (BJP),BJP,BJP,NDA,318237,28.91,1100942,59.5,False,2,0,0,2024
Assam,Assam PC 10,Candidate 3 (TMC),TMC,TMC,INDIA,163005,14.81,1100942,67.6,False,3,0,0,2024
Assam,Assam PC 10,Candidate 4 (OTH),OTH,OTH,,104945,9.53,1100942,57.7,False,4,0,0,2024
Assam,Assam PC 11,Candidate 1 (BJP),BJP,BJP,NDA,351652,50.54,695754,55.2,True,1,7551,1.09,2024
Assam,Assam PC 11,Candidate 2 (DMK),DMK,DMK,INDIA,344101,49.46,695754,70.3,False,2,0,0,2024
Assam,Assam PC 12,Candidate 1 (BJP),BJP,BJP,NDA,141375,30.83,458621,57.6,True,1,8586,1.87,2024
Assam,Assam PC 12,Candidate 2 (OTH),OTH,OTH,,132789,28.95,458621,75.8,False,2,0,0,2024
Assam,Assam PC 12,Candidate 3 (TMC),TMC,TMC,INDIA,115666,25.22,458621,75.4,False,3,0,0,2024
Assam,Assam PC 12,Candidate 4 (AIADMK),AIADMK,AIADMK,,68789,15.0,458621,61.2,False,4,0,0,2024
Assam,Assam PC 13,Candidate 1 (SP),SP,SP,INDIA,631568,53.47,1181141,64.4,True,1,230166,19.49,2024
Assam,Assam PC 13,Candidate 2 (TMC),TMC,TMC,INDIA,401402,33.98,1181141,72.8,False,2,0,0,2024
Assam,Assam PC 13,Candidate 3 (BJP),BJP,BJP,NDA,148170,12.54,1181141,57.4,False,3,0,0,2024
Assam,Assam PC 14,Candidate 1 (AIADMK),AIADMK,AIADMK,,312236,43.03,725586,59.8,True,1,25488,3.51,2024
Assam,Assam PC 14,Candidate 2 (BJP),BJP,BJP,NDA,286748,39.52,725586,58.2,False,2,0,0,2024
Assam,Assam PC 14,Candidate 3 (SP),SP,SP,INDIA,126601,17.45,725586,66.0,False,3,0,0,2024
Punjab,Punjab PC 1,Candidate 1 (INC),INC,INC,INDIA,372683,42.45,877867,70.9,True,1,155481,17.71,2024
Punjab,Punjab PC 1,Candidate 2 (BJP),BJP,BJP,NDA,217202,24.74,877867,55.5,False,2,0,0,2024
Punjab,Punjab PC 1,Candidate 3 (TMC),TMC,TMC,INDIA,150692,17.17,877867,55.6,False,3,0,0,2024
Punjab,Punjab PC 1,Candidate 4 (TDP),TDP,TDP,NDA,137288,15.64,877867,59.0,False,4,0,0,2024
Punjab,Punjab PC 2,Candidate 1 (OTH),OTH,OTH,,259967,36.85,705405,55.7,True,1,22252,3.15,2024
Punjab,Punjab PC 2,Candidate 2 (BJP),BJP,BJP,NDA,237715,33.7,705405,73.7,False,2,0,0,2024
Punjab,Punjab PC 2,Candidate 3 (INC),INC,INC,INDIA,95085,13.48,705405,56.1,False,3,0,0,2024
Punjab,Punjab PC 2,Candidate 4 (AIADMK),AIADMK,AIADMK,,69131,9.8,705405,64.5,False,4,0,0,2024
Punjab,Punjab PC 2,Candidate 5 (TMC),TMC,TMC,INDIA,43505,6.17,705405,66.3,False,5,0,0,2024
Punjab,Punjab PC 3,Candidate 1 (BJP),BJP,BJP,NDA,432387,36.15,1195958,69.9,True,1,12004,1.0,2024
Punjab,Punjab PC 3,Candidate 2 (TMC),TMC,TMC,INDIA,420383,35.15,1195958,62.5,False,2,0,0,2024
Punjab,Punjab PC 3,Candidate 3 (OTH),OTH,OTH,,343186,28.7,1195958,62.9,False,3,0,0,2024
Punjab,Punjab PC 4,Candidate 1 (BJP),BJP,BJP,NDA,414619,40.88,1014323,67.0,True,1,84543,8.33,2024
Punjab,Punjab PC 4,Candidate 2 (OTH),OTH,OTH,,330076,32.54,1014323,76.4,False,2,0,0,2024
Punjab,Punjab PC 4,Candidate 3 (YSR),YSR,YSR,,191977,18.93,1014323,64.8,False,3,0,0,2024
Punjab,Punjab PC 4,Candidate 4 (INC),INC,INC,INDIA,77649,7.66,1014323,65.8,False,4,0,0,2024
Punjab,Punjab PC 5,Candidate 1 (BJP),BJP,BJP,NDA,310472,32.29,961449,76.0,True,1,57576,5.99,2024
Punjab,Punjab PC 5,Candidate 2 (SP),SP,SP,INDIA,252896,26.3,961449,62.4,False,2,0,0,2024
Punjab,Punjab PC 5,Candidate 3 (IND),IND,IND,,216051,22.47,961449,64.8,False,3,0,0,2024
Punjab,Punjab PC 5,Candidate 4 (DMK),DMK,DMK,INDIA,109751,11.42,961449,64.3,False,4,0,0,2024
Punjab,Punjab PC 5,Candidate 5 (INC),INC,INC,INDIA,72277,7.52,961449,70.7,False,5,0,0,2024
Punjab,Punjab PC 6,Candidate 1 (TMC),TMC,TMC,INDIA,121531,22.81,532772,66.0,True,1,12244,2.3,2024
Punjab,Punjab PC 6,Candidate 2 (TDP),TDP,TDP,NDA,109287,20.51,532772,58.0,False,2,0,0,2024
Punjab,Punjab PC 6,Candidate 3 (OTH),OTH,OTH,,101208,19.0,532772,71.1,False,3,0,0,2024
Punjab,Punjab PC 6,Candidate 4 (SP),SP,SP,INDIA,100965,18.95,532772,55.7,False,4,0,0,2024
Punjab,Punjab PC 6,Candidate 5 (BJP),BJP,BJP,NDA,99778,18.73,532772,60.2,False,5,0,0,2024
Punjab,Punjab PC 7,Candidate 1 (TMC),TMC,TMC,INDIA,375201,36.07,1040253,70.9,True,1,29862,2.87,2024
Punjab,Punjab PC 7,Candidate 2 (INC),INC,INC,INDIA,345339,33.2,1040253,70.5,False,2,0,0,2024
Punjab,Punjab PC 7,Candidate 3 (BJP),BJP,BJP,NDA,319711,30.73,1040253,63.9,False,3,0,0,2024
Punjab,Punjab PC 8,Candidate 1 (BJP),BJP,BJP,NDA,255321,31.13,820170,60.1,True,1,9879,1.2,2024
Punjab,Punjab PC 8,Candidate 2 (IND),IND,IND,,245442,29.93,820170,58.4,False,2,0,0,2024
Punjab,Punjab PC 8,Candidate 3 (YSR),YSR,YSR,,172257,21.0,820170,68.2,False,3,0,0,2024
Punjab,Punjab PC 8,Candidate 4 (BRS),BRS,BRS,,147149,17.94,820170,57.5,False,4,0,0,2024
Punjab,Punjab PC 9,Candidate 1 (BJP),BJP,BJP,NDA,436859,36.67,1191314,72.4,True,1,125223,10.51,2024
Punjab,Punjab PC 9,Candidate 2 (TMC),TMC,TMC,INDIA,311636,26.16,1191314,68.3,False,2,0,0,2024
Punjab,Punjab PC 9,Candidate 3 (INC),INC,INC,INDIA,228910,19.21,1191314,71.6,False,3,0,0,2024
Punjab,Punjab PC 9,Candidate 4 (SP),SP,SP,INDIA,213907,17.96,1191314,69.7,False,4,0,0,2024
Punjab,Punjab PC 10,Candidate 1 (SP),SP,SP,INDIA,229834,20.6,1115844,60.8,True,1,26296,2.36,2024
Punjab,Punjab PC 10,Candidate 2 (BRS),BRS,BRS,,203538,18.24,1115844,62.5,False,2,0,0,2024
Punjab,Punjab PC 10,Candidate 3 (BJP),BJP,BJP,NDA,188289,16.87,1115844,77.3,False,3,0,0,2024
Punjab,Punjab PC 10,Candidate 4 (INC),INC,INC,INDIA,175624,15.74,1115844,56.3,False,4,0,0,2024
Punjab,Punjab PC 10,Candidate 5 (AIADMK),AIADMK,AIADMK,,166969,14.96,1115844,71.7,False,5,0,0,2024
Punjab,Punjab PC 10,Candidate 6 (OTH),OTH,OTH,,151587,13.59,1115844,67.5,False,6,0,0,2024
Punjab,Punjab PC 11,Candidate 1 (INC),INC,INC,INDIA,226275,32.99,685812,72.4,True,1,11212,1.63,2024
Punjab,Punjab PC 11,Candidate 2 (TMC),TMC,TMC,INDIA,215063,31.36,685812,60.0,False,2,0,0,2024
Punjab,Punjab PC 11,Candidate 3 (BJP),BJP,BJP,NDA,111009,16.19,685812,76.6,False,3,0,0,2024
Punjab,Punjab PC 11,Candidate 4 (IND),IND,IND,,96110,14.01,685812,61.8,False,4,0,0,2024
Punjab,Punjab PC 11,Candidate 5 (OTH),OTH,OTH,,37353,5.45,685812,58.1,False,5,0,0,2024
Punjab,Punjab PC 12,Candidate 1 (TMC),TMC,TMC,INDIA,240359,32.08,749352,65.0,True,1,65189,8.7,2024
Punjab,Punjab PC 12,Candidate 2 (BJP),BJP,BJP,NDA,175170,23.38,749352,63.6,False,2,0,0,2024
Punjab,Punjab PC 12,Candidate 3 (IND),IND,IND,,145457,19.41,749352,68.7,False,3,0,0,2024
Punjab,Punjab PC 12,Candidate 4 (AIADMK),AIADMK,AIADMK,,103450,13.81,749352,61.0,False,4,0,0,2024
Punjab,Punjab PC 12,Candidate 5 (INC),INC,INC,INDIA,84913,11.33,749352,74.0,False,5,0,0,2024
Punjab,Punjab PC 13,Candidate 1 (JDU),JDU,JDU,NDA,391476,35.08,1115839,69.2,True,1,120707,10.82,2024
Punjab,Punjab PC 13,Candidate 2 (SP),SP,SP,INDIA,270769,24.27,1115839,57.4,False,2,0,0,2024
Punjab,Punjab PC 13,Candidate 3 (OTH),OTH,OTH,,175056,15.69,1115839,70.9,False,3,0,0,2024
Punjab,Punjab PC 13,Candidate 4 (BJP),BJP,BJP,NDA,140319,12.58,1115839,64.6,False,4,0,0,2024
Punjab,Punjab PC 13,Candidate 5 (INC),INC,INC,INDIA,138216,12.39,1115839,74.4,False,5,0,0,2024
Haryana,Haryana PC 1,Candidate 1 (TMC),TMC,TMC,INDIA,216007,27.47,786479,66.6,True,1,37200,4.73,2024
Haryana,Haryana PC 1,Candidate 2 (SP),SP,SP,INDIA,178807,22.74,786479,68.2,False,2,0,0,2024
Haryana,Haryana PC 1,Candidate 3 (INC),INC,INC,INDIA,119963,15.25,786479,61.0,False,3,0,0,2024
Haryana,Haryana PC 1,Candidate 4 (OTH),OTH,OTH,,107682,13.69,786479,55.3,False,4,0,0,2024
Haryana,Haryana PC 1,Candidate 5 (BJP),BJP,BJP,NDA,100970,12.84,786479,64.5,False,5,0,0,2024
Haryana,Haryana PC 1,Candidate 6 (IND),IND,IND,,63046,8.02,786479,60.8,False,6,0,0,2024
Haryana,Haryana PC 2,Candidate 1 (SP),SP,SP,INDIA,251214,32.75,767013,77.8,True,1,18807,2.45,2024
Haryana,Haryana PC 2,Candidate 2 (DMK),DMK,DMK,INDIA,232407,30.3,767013,62.3,False,2,0,0,2024
Haryana,Haryana PC 2,Candidate 3 (BJP),BJP,BJP,NDA,181185,23.62,767013,70.7,False,3,0,0,2024
Haryana,Haryana PC 2,Candidate 4 (YSR),YSR,YSR,,64696,8.43,767013,73.3,False,4,0,0,2024
Haryana,Haryana PC 2,Candidate 5 (IND),IND,IND,,37509,4.89,767013,75.1,False,5,0,0,2024
Haryana,Haryana PC 3,Candidate 1 (YSR),YSR,YSR,,117524,26.46,444151,61.4,True,1,1726,0.39,2024
Haryana,Haryana PC 3,Candidate 2 (SP),SP,SP,INDIA,115798,26.07,444151,66.3,False,2,0,0,2024
Haryana,Haryana PC 3,Candidate 3 (IND),IND,IND,,110101,24.79,444151,73.9,False,3,0,0,2024
Haryana,Haryana PC 3,Candidate 4 (TMC),TMC,TMC,INDIA,65149,14.67,444151,66.0,False,4,0,0,2024
Haryana,Haryana PC 3,Candidate 5 (JDU),JDU,JDU,NDA,35576,8.01,444151,71.4,False,5,0,0,2024
Haryana,Haryana PC 4,Candidate 1 (BJP),BJP,BJP,NDA,401778,47.05,854028,71.6,True,1,135767,15.9,2024
Haryana,Haryana PC 4,Candidate 2 (TDP),TDP,TDP,NDA,266011,31.15,854028,61.7,False,2,0,0,2024
Haryana,Haryana PC 4,Candidate 3 (INC),INC,INC,INDIA,186237,21.81,854028,74.0,False,3,0,0,2024
Haryana,Haryana PC 5,Candidate 1 (INC),INC,INC,INDIA,230144,30.78,747616,62.5,True,1,32276,4.32,2024
Haryana,Haryana PC 5,Candidate 2 (TMC),TMC,TMC,INDIA,197868,26.47,747616,77.3,False,2,0,0,2024
Haryana,Haryana PC 5,Candidate 3 (TDP),TDP,TDP,NDA,129905,17.38,747616,65.6,False,3,0,0,2024
Haryana,Haryana PC 5,Candidate 4 (BJP),BJP,BJP,NDA,110008,14.71,747616,60.4,False,4,0,0,2024
Haryana,Haryana PC 5,Candidate 5 (SP),SP,SP,INDIA,79689,10.66,747616,60.0,False,5,0,0,2024
Haryana,Haryana PC 6,Candidate 1 (BJP),BJP,BJP,NDA,167884,37.69,445482,72.1,True,1,12976,2.91,2024
Haryana,Haryana PC 6,Candidate 2 (INC),INC,INC,INDIA,154908,34.77,445482,73.9,False,2,0,0,2024
Haryana,Haryana PC 6,Candidate 3 (OTH),OTH,OTH,,122689,27.54,445482,60.2,False,3,0,0,2024
Haryana,Haryana PC 7,Candidate 1 (YSR),YSR,YSR,,178540,40.47,441178,75.0,True,1,4408,1.0,2024
Haryana,Haryana PC 7,Candidate 2 (BJP),BJP,BJP,NDA,174132,39.47,441178,57.9,False,2,0,0,2024
Haryana,Haryana PC 7,Candidate 3 (SP),SP,SP,INDIA,52893,11.99,441178,75.5,False,3,0,0,2024
Haryana,Haryana PC 7,Candidate 4 (DMK),DMK,DMK,INDIA,35611,8.07,441178,73.7,False,4,0,0,2024
Haryana,Haryana PC 8,Candidate 1 (BJP),BJP,BJP,NDA,308868,47.42,651325,58.4,True,1,43375,6.66,2024
Haryana,Haryana PC 8,Candidate 2 (TMC),TMC,TMC,INDIA,265493,40.76,651325,68.0,False,2,0,0,2024
Haryana,Haryana PC 8,Candidate 3 (SP),SP,SP,INDIA,76963,11.82,651325,69.9,False,3,0,0,2024
Haryana,Haryana PC 9,Candidate 1 (BRS),BRS,BRS,,283535,30.12,941243,74.8,True,1,9880,1.05,2024
Haryana,Haryana PC 9,Candidate 2 (AIADMK),AIADMK,AIADMK,,273655,29.07,941243,77.0,False,2,0,0,2024
Haryana,Haryana PC 9,Candidate 3 (JDU),JDU,JDU,NDA,226359,24.05,941243,55.1,False,3,0,0,2024
Haryana,Haryana PC 9,Candidate 4 (BJP),BJP,BJP,NDA,157691,16.75,941243,75.5,False,4,0,0,2024
Haryana,Haryana PC 10,Candidate 1 (BJP),BJP,BJP,NDA,235522,25.15,936484,67.8,True,1,15962,1.7,2024
Haryana,Haryana PC 10,Candidate 2 (YSR),YSR,YSR,,219560,23.45,936484,67.8,False,2,0,0,2024
Haryana,Haryana PC 10,Candidate 3 (INC),INC,INC,INDIA,196000,20.93,936484,63.9,False,3,0,0,2024
Haryana,Haryana PC 10,Candidate 4 (JDU),JDU,JDU,NDA,195715,20.9,936484,55.9,False,4,0,0,2024
Haryana,Haryana PC 10,Candidate 5 (AIADMK),AIADMK,AIADMK,,89684,9.58,936484,73.5,False,5,0,0,2024
Delhi,Delhi PC 1,Candidate 1 (BJP),BJP,BJP,NDA,824671,79.19,1041435,74.4,True,1,607908,58.37,2024
Delhi,Delhi PC 1,Candidate 2 (OTH),OTH,OTH,,216763,20.81,1041435,56.4,False,2,0,0,2024
Delhi,Delhi PC 2,Candidate 1 (BJP),BJP,BJP,NDA,198122,26.89,736748,68.2,True,1,10465,1.42,2024
Delhi,Delhi PC 2,Candidate 2 (JDU),JDU,JDU,NDA,187657,25.47,736748,73.2,False,2,0,0,2024
Delhi,Delhi PC 2,Candidate 3 (AIADMK),AIADMK,AIADMK,,155700,21.13,736748,56.7,False,3,0,0,2024
Delhi,Delhi PC 2,Candidate 4 (YSR),YSR,YSR,,109776,14.9,736748,71.6,False,4,0,0,2024
Delhi,Delhi PC 2,Candidate 5 (SP),SP,SP,INDIA,85492,11.6,736748,60.8,False,5,0,0,2024
Delhi,Delhi PC 3,Candidate 1 (BRS),BRS,BRS,,260977,25.75,1013620,70.7,True,1,781,0.08,2024
Delhi,Delhi PC 3,Candidate 2 (TMC),TMC,TMC,INDIA,260196,25.67,1013620,57.4,False,2,0,0,2024
Delhi,Delhi PC 3,Candidate 3 (INC),INC,INC,INDIA,229145,22.61,1013620,71.0,False,3,0,0,2024
Delhi,Delhi PC 3,Candidate 4 (BJP),BJP,BJP,NDA,213854,21.1,1013620,77.7,False,4,0,0,2024
Delhi,Delhi PC 3,Candidate 5 (SP),SP,SP,INDIA,49445,4.88,1013620,66.8,False,5,0,0,2024
Delhi,Delhi PC 4,Candidate 1 (BJP),BJP,BJP,NDA,139814,33.92,412128,64.2,True,1,13198,3.2,2024
Delhi,Delhi PC 4,Candidate 2 (DMK),DMK,DMK,INDIA,126616,30.72,412128,61.2,False,2,0,0,2024
Delhi,Delhi PC 4,Candidate 3 (INC),INC,INC,INDIA,118252,28.69,412128,59.5,False,3,0,0,2024
Delhi,Delhi PC 4,Candidate 4 (OTH),OTH,OTH,,27444,6.66,412128,63.9,False,4,0,0,2024
Delhi,Delhi PC 5,Candidate 1 (DMK),DMK,DMK,INDIA,330955,34.54,958294,75.7,True,1,57272,5.98,2024
Delhi,Delhi PC 5,Candidate 2 (SP),SP,SP,INDIA,273683,28.56,958294,67.2,False,2,0,0,2024
Delhi,Delhi PC 5,Candidate 3 (BJP),BJP,BJP,NDA,250455,26.14,958294,62.7,False,3,0,0,2024
Delhi,Delhi PC 5,Candidate 4 (OTH),OTH,OTH,,103199,10.77,958294,64.9,False,4,0,0,2024
Delhi,Delhi PC 6,Candidate 1 (JDU),JDU,JDU,NDA,264766,35.79,739794,74.9,True,1,74656,10.09,2024
Delhi,Delhi PC 6,Candidate 2 (BJP),BJP,BJP,NDA,190110,25.7,739794,75.8,False,2,0,0,2024
Delhi,Delhi PC 6,Candidate 3 (IND),IND,IND,,180079,24.34,739794,64.4,False,3,0,0,2024
Delhi,Delhi PC 6,Candidate 4 (INC),INC,INC,INDIA,53876,7.28,739794,59.2,False,4,0,0,2024
Delhi,Delhi PC 6,Candidate 5 (SP),SP,SP,INDIA,50961,6.89,739794,77.6,False,5,0,0,2024
Delhi,Delhi PC 7,Candidate 1 (BJP),BJP,BJP,NDA,617026,65.62,940318,72.6,True,1,293735,31.24,2024
Delhi,Delhi PC 7,Candidate 2 (INC),INC,INC,INDIA,323291,34.38,940318,59.7,False,2,0,0,2024
Uttarakhand,Uttarakhand PC 1,Candidate 1 (BJP),BJP,BJP,NDA,228302,27.29,836572,66.0,True,1,18805,2.25,2024
Uttarakhand,Uttarakhand PC 1,Candidate 2 (INC),INC,INC,INDIA,209497,25.04,836572,58.0,False,2,0,0,2024
Uttarakhand,Uttarakhand PC 1,Candidate 3 (OTH),OTH,OTH,,198858,23.77,836572,66.9,False,3,0,0,2024
Uttarakhand,Uttarakhand PC 1,Candidate 4 (DMK),DMK,DMK,INDIA,100779,12.05,836572,60.7,False,4,0,0,2024
Uttarakhand,Uttarakhand PC 1,Candidate 5 (SP),SP,SP,INDIA,99134,11.85,836572,75.1,False,5,0,0,2024
Uttarakhand,Uttarakhand PC 2,Candidate 1 (BJP),BJP,BJP,NDA,565898,48.61,1164045,60.6,True,1,323561,27.8,2024
Uttarakhand,Uttarakhand PC 2,Candidate 2 (SP),SP,SP,INDIA,242337,20.82,1164045,65.1,False,2,0,0,2024
Uttarakhand,Uttarakhand PC 2,Candidate 3 (BRS),BRS,BRS,,184380,15.84,1164045,75.3,False,3,0,0,2024
Uttarakhand,Uttarakhand PC 2,Candidate 4 (YSR),YSR,YSR,,171428,14.73,1164045,55.4,False,4,0,0,2024
Uttarakhand,Uttarakhand PC 3,Candidate 1 (INC),INC,INC,INDIA,361852,46.35,780616,63.4,True,1,100412,12.86,2024
Uttarakhand,Uttarakhand PC 3,Candidate 2 (BJP),BJP,BJP,NDA,261440,33.49,780616,74.6,False,2,0,0,2024
Uttarakhand,Uttarakhand PC 3,Candidate 3 (OTH),OTH,OTH,,157323,20.15,780616,57.9,False,3,0,0,2024
Uttarakhand,Uttarakhand PC 4,Candidate 1 (SP),SP,SP,INDIA,165030,30.89,534218,65.9,True,1,20691,3.87,2024
Uttarakhand,Uttarakhand PC 4,Candidate 2 (DMK),DMK,DMK,INDIA,144339,27.02,534218,61.7,False,2,0,0,2024
Uttarakhand,Uttarakhand PC 4,Candidate 3 (BJP),BJP,BJP,NDA,115467,21.61,534218,66.1,False,3,0,0,2024
Uttarakhand,Uttarakhand PC 4,Candidate 4 (TMC),TMC,TMC,INDIA,109379,20.47,534218,60.6,False,4,0,0,2024
Uttarakhand,Uttarakhand PC 5,Candidate 1 (BJP),BJP,BJP,NDA,616923,79.34,777577,71.5,True,1,530611,68.24,2024
Uttarakhand,Uttarakhand PC 5,Candidate 2 (INC),INC,INC,INDIA,86312,11.1,777577,70.6,False,2,0,0,2024
Uttarakhand,Uttarakhand PC 5,Candidate 3 (SP),SP,SP,INDIA,74340,9.56,777577,61.5,False,3,0,0,2024
Himachal Pradesh,Himachal Pradesh PC 1,Candidate 1 (TDP),TDP,TDP,NDA,161588,24.45,660953,77.9,True,1,19449,2.94,2024
Himachal Pradesh,Himachal Pradesh PC 1,Candidate 2 (SP),SP,SP,INDIA,142139,21.51,660953,68.1,False,2,0,0,2024
Himachal Pradesh,Himachal Pradesh PC 1,Candidate 3 (IND),IND,IND,,138563,20.96,660953,69.8,False,3,0,0,2024
Himachal Pradesh,Himachal Pradesh PC 1,Candidate 4 (DMK),DMK,DMK,INDIA,136140,20.6,660953,59.3,False,4,0,0,2024
Himachal Pradesh,Himachal Pradesh PC 1,Candidate 5 (BJP),BJP,BJP,NDA,64288,9.73,660953,64.6,False,5,0,0,2024
Himachal Pradesh,Himachal Pradesh PC 1,Candidate 6 (OTH),OTH,OTH,,18231,2.76,660953,73.9,False,6,0,0,2024
Himachal Pradesh,Himachal Pradesh PC 2,Candidate 1 (BJP),BJP,BJP,NDA,212789,30.44,699154,65.3,True,1,10972,1.57,2024
Himachal Pradesh,Himachal Pradesh PC 2,Candidate 2 (INC),INC,INC,INDIA,201817,28.87,699154,66.4,False,2,0,0,2024
Himachal Pradesh,Himachal Pradesh PC 2,Candidate 3 (TMC),TMC,TMC,INDIA,183323,26.22,699154,62.2,False,3,0,0,2024
Himachal Pradesh,Himachal Pradesh PC 2,Candidate 4 (OTH),OTH,OTH,,101223,14.48,699154,71.2,False,4,0,0,2024
Himachal Pradesh,Himachal Pradesh PC 3,Candidate 1 (YSR),YSR,YSR,,210456,37.51,561005,71.8,True,1,14765,2.63,2024
Himachal Pradesh,Himachal Pradesh PC 3,Candidate 2 (TMC),TMC,TMC,INDIA,195691,34.88,561005,57.1,False,2,0,0,2024
Himachal Pradesh,Himachal Pradesh PC 3,Candidate 3 (BJP),BJP,BJP,NDA,125221,22.32,561005,59.4,False,3,0,0,2024
Himachal Pradesh,Himachal Pradesh PC 3,Candidate 4 (INC),INC,INC,INDIA,29634,5.28,561005,57.3,False,4,0,0,2024
Himachal Pradesh,Himachal Pradesh PC 4,Candidate 1 (SP),SP,SP,INDIA,169682,33.57,505488,55.6,True,1,12685,2.51,2024
Himachal Pradesh,Himachal Pradesh PC 4,Candidate 2 (DMK),DMK,DMK,INDIA,156997,31.06,505488,71.4,False,2,0,0,2024
Himachal Pradesh,Himachal Pradesh PC 4,Candidate 3 (TMC),TMC,TMC,INDIA,139640,27.62,505488,69.9,False,3,0,0,2024
Himachal Pradesh,Himachal Pradesh PC 4,Candidate 4 (IND),IND,IND,,39168,7.75,505488,58.5,False,4,0,0,2024
Chhattisgarh,Chhattisgarh PC 1,Candidate 1 (INC),INC,INC,INDIA,453498,51.2,885740,55.5,True,1,21257,2.4,2024
Chhattisgarh,Chhattisgarh PC 1,Candidate 2 (BJP),BJP,BJP,NDA,432241,48.8,885740,70.9,False,2,0,0,2024
Chhattisgarh,Chhattisgarh PC 2,Candidate 1 (TMC),TMC,TMC,INDIA,112104,24.9,450300,60.5,True,1,6464,1.44,2024
Chhattisgarh,Chhattisgarh PC 2,Candidate 2 (INC),INC,INC,INDIA,105640,23.46,450300,73.6,False,2,0,0,2024
Chhattisgarh,Chhattisgarh PC 2,Candidate 3 (JDU),JDU,JDU,NDA,104942,23.31,450300,64.9,False,3,0,0,2024
Chhattisgarh,Chhattisgarh PC 2,Candidate 4 (DMK),DMK,DMK,INDIA,75601,16.79,450300,63.8,False,4,0,0,2024
Chhattisgarh,Chhattisgarh PC 2,Candidate 5 (BJP),BJP,BJP,NDA,26875,5.97,450300,56.9,False,5,0,0,2024
Chhattisgarh,Chhattisgarh PC 2,Candidate 6 (IND),IND,IND,,25135,5.58,450300,71.7,False,6,0,0,2024
Chhattisgarh,Chhattisgarh PC 3,Candidate 1 (BJP),BJP,BJP,NDA,392022,37.71,1039623,68.8,True,1,125793,12.1,2024
Chhattisgarh,Chhattisgarh PC 3,Candidate 2 (TMC),TMC,TMC,INDIA,266229,25.61,1039623,66.9,False,2,0,0,2024
Chhattisgarh,Chhattisgarh PC 3,Candidate 3 (YSR),YSR,YSR,,221754,21.33,1039623,74.2,False,3,0,0,2024
Chhattisgarh,Chhattisgarh PC 3,Candidate 4 (INC),INC,INC,INDIA,159616,15.35,1039623,72.2,False,4,0,0,2024
Chhattisgarh,Chhattisgarh PC 4,Candidate 1 (INC),INC,INC,INDIA,443787,39.75,1116511,67.9,True,1,87883,7.87,2024
Chhattisgarh,Chhattisgarh PC 4,Candidate 2 (SP),SP,SP,INDIA,355904,31.88,1116511,55.9,False,2,0,0,2024
Chhattisgarh,Chhattisgarh PC 4,Candidate 3 (YSR),YSR,YSR,,229080,20.52,1116511,58.3,False,3,0,0,2024
Chhattisgarh,Chhattisgarh PC 4,Candidate 4 (BJP),BJP,BJP,NDA,87738,7.86,1116511,73.4,False,4,0,0,2024
Chhattisgarh,Chhattisgarh PC 5,Candidate 1 (BJP),BJP,BJP,NDA,128817,28.4,453640,69.8,True,1,12023,2.65,2024
Chhattisgarh,Chhattisgarh PC 5,Candidate 2 (SP),SP,SP,INDIA,116794,25.75,453640,71.7,False,2,0,0,2024
Chhattisgarh,Chhattisgarh PC 5,Candidate 3 (AIADMK),AIADMK,AIADMK,,95172,20.98,453640,68.6,False,3,0,0,2024
Chhattisgarh,Chhattisgarh PC 5,Candidate 4 (JDU),JDU,JDU,NDA,66813,14.73,453640,58.5,False,4,0,0,2024
Chhattisgarh,Chhattisgarh PC 5,Candidate 5 (TMC),TMC,TMC,INDIA,46041,10.15,453640,77.3,False,5,0,0,2024
Chhattisgarh,Chhattisgarh PC 6,Candidate 1 (BRS),BRS,BRS,,288190,26.98,1068314,64.7,True,1,23584,2.21,2024
Chhattisgarh,Chhattisgarh PC 6,Candidate 2 (JDU),JDU,JDU,NDA,264606,24.77,1068314,72.2,False,2,0,0,2024
Chhattisgarh,Chhattisgarh PC 6,Candidate 3 (OTH),OTH,OTH,,264326,24.74,1068314,59.0,False,3,0,0,2024
Chhattisgarh,Chhattisgarh PC 6,Candidate 4 (BJP),BJP,BJP,NDA,251190,23.51,1068314,77.9,False,4,0,0,2024
Chhattisgarh,Chhattisgarh PC 7,Candidate 1 (TMC),TMC,TMC,INDIA,121336,30.26,400925,56.0,True,1,7036,1.75,2024
Chhattisgarh,Chhattisgarh PC 7,Candidate 2 (YSR),YSR,YSR,,114300,28.51,400925,58.4,False,2,0,0,2024
Chhattisgarh,Chhattisgarh PC 7,Candidate 3 (SP),SP,SP,INDIA,107378,26.78,400925,56.4,False,3,0,0,2024
Chhattisgarh,Chhattisgarh PC 7,Candidate 4 (DMK),DMK,DMK,INDIA,36706,9.16,400925,58.8,False,4,0,0,2024
Chhattisgarh,Chhattisgarh PC 7,Candidate 5 (BRS),BRS,BRS,,21202,5.29,400925,70.7,False,5,0,0,2024
Chhattisgarh,Chhattisgarh PC 8,Candidate 1 (DMK),DMK,DMK,INDIA,410135,67.6,606706,57.3,True,1,294168,48.49,2024
Chhattisgarh,Chhattisgarh PC 8,Candidate 2 (TDP),TDP,TDP,NDA,115967,19.11,606706,61.6,False,2,0,0,2024
Chhattisgarh,Chhattisgarh PC 8,Candidate 3 (BJP),BJP,BJP,NDA,80602,13.29,606706,55.3,False,3,0,0,2024
Chhattisgarh,Chhattisgarh PC 9,Candidate 1 (SP),SP,SP,INDIA,149855,28.9,518566,69.0,True,1,784,0.15,2024
Chhattisgarh,Chhattisgarh PC 9,Candidate 2 (BJP),BJP,BJP,NDA,149071,28.75,518566,55.2,False,2,0,0,2024
Chhattisgarh,Chhattisgarh PC 9,Candidate 3 (AIADMK),AIADMK,AIADMK,,113160,21.82,518566,63.9,False,3,0,0,2024
Chhattisgarh,Chhattisgarh PC 9,Candidate 4 (DMK),DMK,DMK,INDIA,106478,20.53,518566,65.7,False,4,0,0,2024
Chhattisgarh,Chhattisgarh PC 10,Candidate 1 (BJP),BJP,BJP,NDA,496254,60.06,826300,64.2,True,1,283841,34.35,2024
Chhattisgarh,Chhattisgarh PC 10,Candidate 2 (INC),INC,INC,INDIA,212413,25.71,826300,55.1,False,2,0,0,2024
Chhattisgarh,Chhattisgarh PC 10,Candidate 3 (JDU),JDU,JDU,NDA,117631,14.24,826300,55.2,False,3,0,0,2024
Chhattisgarh,Chhattisgarh PC 11,Candidate 1 (IND),IND,IND,,393360,32.99,1192503,60.8,True,1,84867,7.12,2024
Chhattisgarh,Chhattisgarh PC 11,Candidate 2 (OTH),OTH,OTH,,308493,25.87,1192503,62.6,False,2,0,0,2024
Chhattisgarh,Chhattisgarh PC 11,Candidate 3 (DMK),DMK,DMK,INDIA,291043,24.41,1192503,70.4,False,3,0,0,2024
Chhattisgarh,Chhattisgarh PC 11,Candidate 4 (BJP),BJP,BJP,NDA,199605,16.74,1192503,61.3,False,4,0,0,2024
Goa,Goa PC 1,Candidate 1 (OTH),OTH,OTH,,306658,34.35,892755,55.7,True,1,51343,5.75,2024
Goa,Goa PC 1,Candidate 2 (INC),INC,INC,INDIA,255315,28.6,892755,57.0,False,2,0,0,2024
Goa,Goa PC 1,Candidate 3 (BRS),BRS,BRS,,166038,18.6,892755,72.0,False,3,0,0,2024
Goa,Goa PC 1,Candidate 4 (AIADMK),AIADMK,AIADMK,,91775,10.28,892755,56.5,False,4,0,0,2024
Goa,Goa PC 1,Candidate 5 (JDU),JDU,JDU,NDA,72967,8.17,892755,59.8,False,5,0,0,2024
Goa,Goa PC 2,Candidate 1 (OTH),OTH,OTH,,265930,32.32,822927,62.7,True,1,30931,3.76,2024
Goa,Goa PC 2,Candidate 2 (BJP),BJP,BJP,NDA,234999,28.56,822927,63.8,False,2,0,0,2024
Goa,Goa PC 2,Candidate 3 (DMK),DMK,DMK,INDIA,180862,21.98,822927,65.3,False,3,0,0,2024
Goa,Goa PC 2,Candidate 4 (INC),INC,INC,INDIA,141134,17.15,822927,76.4,False,4,0,0,2024
Kerala,Kerala PC 1,Candidate 1 (BJP),BJP,BJP,NDA,123954,26.61,465750,71.8,True,1,3010,0.65,2024
Kerala,Kerala PC 1,Candidate 2 (AIADMK),AIADMK,AIADMK,,120944,25.97,465750,56.1,False,2,0,0,2024
Kerala,Kerala PC 1,Candidate 3 (SP),SP,SP,INDIA,110258,23.67,465750,62.0,False,3,0,0,2024
Kerala,Kerala PC 1,Candidate 4 (TMC),TMC,TMC,INDIA,90842,19.5,465750,76.2,False,4,0,0,2024
Kerala,Kerala PC 1,Candidate 5 (INC),INC,INC,INDIA,19749,4.24,465750,63.4,False,5,0,0,2024
Kerala,Kerala PC 2,Candidate 1 (TDP),TDP,TDP,NDA,164719,23.99,686490,56.2,True,1,12495,1.82,2024
Kerala,Kerala PC 2,Candidate 2 (SP),SP,SP,INDIA,152224,22.17,686490,68.5,False,2,0,0,2024
Kerala,Kerala PC 2,Candidate 3 (TMC),TMC,TMC,INDIA,150982,21.99,686490,61.8,False,3,0,0,2024
Kerala,Kerala PC 2,Candidate 4 (INC),INC,INC,INDIA,126023,18.36,686490,76.5,False,4,0,0,2024
Kerala,Kerala PC 2,Candidate 5 (BJP),BJP,BJP,NDA,92539,13.48,686490,59.4,False,5,0,0,2024
Kerala,Kerala PC 3,Candidate 1 (BJP),BJP,BJP,NDA,494732,56.12,881483,74.5,True,1,162865,18.48,2024
Kerala,Kerala PC 3,Candidate 2 (JDU),JDU,JDU,NDA,331867,37.65,881483,59.1,False,2,0,0,2024
Kerala,Kerala PC 3,Candidate 3 (TMC),TMC,TMC,INDIA,54883,6.23,881483,68.7,False,3,0,0,2024
Kerala,Kerala PC 4,Candidate 1 (BJP),BJP,BJP,NDA,304900,34.69,879018,68.1,True,1,90044,10.24,2024
Kerala,Kerala PC 4,Candidate 2 (SP),SP,SP,INDIA,214856,24.44,879018,72.2,False,2,0,0,2024
Kerala,Kerala PC 4,Candidate 3 (AIADMK),AIADMK,AIADMK,,191642,21.8,879018,62.4,False,3,0,0,2024
Kerala,Kerala PC 4,Candidate 4 (INC),INC,INC,INDIA,167618,19.07,879018,60.6,False,4,0,0,2024
Kerala,Kerala PC 5,Candidate 1 (TMC),TMC,TMC,INDIA,238970,29.02,823529,60.9,True,1,19382,2.35,2024
Kerala,Kerala PC 5,Candidate 2 (BJP),BJP,BJP,NDA,219588,26.66,823529,68.4,False,2,0,0,2024
Kerala,Kerala PC 5,Candidate 3 (INC),INC,INC,INDIA,215533,26.17,823529,67.4,False,3,0,0,2024
Kerala,Kerala PC 5,Candidate 4 (YSR),YSR,YSR,,97058,11.79,823529,72.8,False,4,0,0,2024
Kerala,Kerala PC 5,Candidate 5 (DMK),DMK,DMK,INDIA,52378,6.36,823529,65.2,False,5,0,0,2024
Kerala,Kerala PC 6,Candidate 1 (BJP),BJP,BJP,NDA,358043,29.92,1196579,63.2,True,1,14467,1.21,2024
Kerala,Kerala PC 6,Candidate 2 (SP),SP,SP,INDIA,343576,28.71,1196579,66.7,False,2,0,0,2024
Kerala,Kerala PC 6,Candidate 3 (DMK),DMK,DMK,INDIA,298868,24.98,1196579,69.9,False,3,0,0,2024
Kerala,Kerala PC 6,Candidate 4 (INC),INC,INC,INDIA,196090,16.39,1196579,64.7,False,4,0,0,2024
Kerala,Kerala PC 7,Candidate 1 (IND),IND,IND,,244043,27.09,900869,71.6,True,1,12280,1.36,2024
Kerala,Kerala PC 7,Candidate 2 (BJP),BJP,BJP,NDA,231763,25.73,900869,72.5,False,2,0,0,2024
Kerala,Kerala PC 7,Candidate 3 (DMK),DMK,DMK,INDIA,224226,24.89,900869,72.0,False,3,0,0,2024
Kerala,Kerala PC 7,Candidate 4 (INC),INC,INC,INDIA,200834,22.29,900869,65.3,False,4,0,0,2024
Kerala,Kerala PC 8,Candidate 1 (SP),SP,SP,INDIA,239661,21.22,1129303,71.4,True,1,10348,0.92,2024
Kerala,Kerala PC 8,Candidate 2 (BJP),BJP,BJP,NDA,229313,20.31,1129303,72.5,False,2,0,0,2024
Kerala,Kerala PC 8,Candidate 3 (YSR),YSR,YSR,,210193,18.61,1129303,61.0,False,3,0,0,2024
Kerala,Kerala PC 8,Candidate 4 (JDU),JDU,JDU,NDA,197693,17.51,1129303,69.9,False,4,0,0,2024
Kerala,Kerala PC 8,Candidate 5 (INC),INC,INC,INDIA,165714,14.67,1129303,64.7,False,5,0,0,2024
Kerala,Kerala PC 8,Candidate 6 (BRS),BRS,BRS,,86727,7.68,1129303,75.1,False,6,0,0,2024
Kerala,Kerala PC 9,Candidate 1 (SP),SP,SP,INDIA,251323,33.46,751052,59.9,True,1,84216,11.21,2024
Kerala,Kerala PC 9,Candidate 2 (BJP),BJP,BJP,NDA,167107,22.25,751052,77.7,False,2,0,0,2024
Kerala,Kerala PC 9,Candidate 3 (TDP),TDP,TDP,NDA,150237,20.0,751052,61.0,False,3,0,0,2024
Kerala,Kerala PC 9,Candidate 4 (INC),INC,INC,INDIA,119280,15.88,751052,63.3,False,4,0,0,2024
Kerala,Kerala PC 9,Candidate 5 (DMK),DMK,DMK,INDIA,63102,8.4,751052,56.1,False,5,0,0,2024
Kerala,Kerala PC 10,Candidate 1 (BJP),BJP,BJP,NDA,533303,86.84,614119,70.7,True,1,452488,73.68,2024
Kerala,Kerala PC 10,Candidate 2 (AIADMK),AIADMK,AIADMK,,80815,13.16,614119,64.7,False,2,0,0,2024
Kerala,Kerala PC 11,Candidate 1 (DMK),DMK,DMK,INDIA,230819,32.04,720452,77.8,True,1,36677,5.09,2024
Kerala,Kerala PC 11,Candidate 2 (INC),INC,INC,INDIA,194142,26.95,720452,56.9,False,2,0,0,2024
Kerala,Kerala PC 11,Candidate 3 (BJP),BJP,BJP,NDA,167921,23.31,720452,60.6,False,3,0,0,2024
Kerala,Kerala PC 11,Candidate 4 (JDU),JDU,JDU,NDA,127568,17.71,720452,72.2,False,4,0,0,2024
Kerala,Kerala PC 12,Candidate 1 (INC),INC,INC,INDIA,196666,36.41,540172,55.8,True,1,40867,7.57,2024
Kerala,Kerala PC 12,Candidate 2 (AIADMK),AIADMK,AIADMK,,155799,28.84,540172,61.8,False,2,0,0,2024
Kerala,Kerala PC 12,Candidate 3 (TMC),TMC,TMC,INDIA,143879,26.64,540172,64.5,False,3,0,0,2024
Kerala,Kerala PC 12,Candidate 4 (BJP),BJP,BJP,NDA,43825,8.11,540172,55.6,False,4,0,0,2024
Kerala,Kerala PC 13,Candidate 1 (BJP),BJP,BJP,NDA,127263,27.03,470809,65.4,True,1,8809,1.87,2024
Kerala,Kerala PC 13,Candidate 2 (OTH),OTH,OTH,,118454,25.16,470809,61.5,False,2,0,0,2024
Kerala,Kerala PC 13,Candidate 3 (INC),INC,INC,INDIA,111531,23.69,470809,66.7,False,3,0,0,2024
Kerala,Kerala PC 13,Candidate 4 (YSR),YSR,YSR,,63798,13.55,470809,61.2,False,4,0,0,2024
Kerala,Kerala PC 13,Candidate 5 (SP),SP,SP,INDIA,49760,10.57,470809,59.2,False,5,0,0,2024
Kerala,Kerala PC 14,Candidate 1 (TMC),TMC,TMC,INDIA,388344,41.67,932017,71.5,True,1,85904,9.22,2024
Kerala,Kerala PC 14,Candidate 2 (YSR),YSR,YSR,,302440,32.45,932017,55.9,False,2,0,0,2024
Kerala,Kerala PC 14,Candidate 3 (BJP),BJP,BJP,NDA,184905,19.84,932017,75.5,False,3,0,0,2024
Kerala,Kerala PC 14,Candidate 4 (SP),SP,SP,INDIA,56325,6.04,932017,66.2,False,4,0,0,2024
Kerala,Kerala PC 15,Candidate 1 (TMC),TMC,TMC,INDIA,425177,45.12,942347,59.5,True,1,133098,14.12,2024
Kerala,Kerala PC 15,Candidate 2 (YSR),YSR,YSR,,292079,30.99,942347,58.6,False,2,0,0,2024
Kerala,Kerala PC 15,Candidate 3 (INC),INC,INC,INDIA,225090,23.89,942347,67.7,False,3,0,0,2024
Kerala,Kerala PC 16,Candidate 1 (INC),INC,INC,INDIA,325683,28.26,1152596,66.6,True,1,75530,6.55,2024
Kerala,Kerala PC 16,Candidate 2 (DMK),DMK,DMK,INDIA,250153,21.7,1152596,76.4,False,2,0,0,2024
Kerala,Kerala PC 16,Candidate 3 (OTH),OTH,OTH,,156704,13.6,1152596,71.4,False,3,0,0,2024
Kerala,Kerala PC 16,Candidate 4 (YSR),YSR,YSR,,148413,12.88,1152596,67.8,False,4,0,0,2024
Kerala,Kerala PC 16,Candidate 5 (BJP),BJP,BJP,NDA,145523,12.63,1152596,61.2,False,5,0,0,2024
Kerala,Kerala PC 16,Candidate 6 (SP),SP,SP,INDIA,126117,10.94,1152596,75.8,False,6,0,0,2024
Kerala,Kerala PC 17,Candidate 1 (IND),IND,IND,,257285,33.04,778697,64.9,True,1,38466,4.94,2024
Kerala,Kerala PC 17,Candidate 2 (TMC),TMC,TMC,INDIA,218819,28.1,778697,58.8,False,2,0,0,2024
Kerala,Kerala PC 17,Candidate 3 (SP),SP,SP,INDIA,173745,22.31,778697,77.5,False,3,0,0,2024
Kerala,Kerala PC 17,Candidate 4 (INC),INC,INC,INDIA,128846,16.55,778697,67.7,False,4,0,0,2024
Kerala,Kerala PC 18,Candidate 1 (TMC),TMC,TMC,INDIA,208003,24.91,835069,77.1,True,1,29455,3.53,2024
Kerala,Kerala PC 18,Candidate 2 (BJP),BJP,BJP,NDA,178548,21.38,835069,59.9,False,2,0,0,2024
Kerala,Kerala PC 18,Candidate 3 (TDP),TDP,TDP,NDA,171582,20.55,835069,61.5,False,3,0,0,2024
Kerala,Kerala PC 18,Candidate 4 (DMK),DMK,DMK,INDIA,148622,17.8,835069,56.4,False,4,0,0,2024
Kerala,Kerala PC 18,Candidate 5 (INC),INC,INC,INDIA,128312,15.37,835069,74.8,False,5,0,0,2024
Kerala,Kerala PC 19,Candidate 1 (JDU),JDU,JDU,NDA,181593,38.4,472942,58.9,True,1,27543,5.82,2024
Kerala,Kerala PC 19,Candidate 2 (BJP),BJP,BJP,NDA,154050,32.57,472942,69.3,False,2,0,0,2024
Kerala,Kerala PC 19,Candidate 3 (TDP),TDP,TDP,NDA,86313,18.25,472942,60.1,False,3,0,0,2024
Kerala,Kerala PC 19,Candidate 4 (INC),INC,INC,INDIA,50984,10.78,472942,76.8,False,4,0,0,2024
Kerala,Kerala PC 20,Candidate 1 (BRS),BRS,BRS,,197449,28.42,694668,66.9,True,1,1302,0.19,2024
Kerala,Kerala PC 20,Candidate 2 (BJP),BJP,BJP,NDA,196147,28.24,694668,72.4,False,2,0,0,2024
Kerala,Kerala PC 20,Candidate 3 (SP),SP,SP,INDIA,161274,23.22,694668,57.4,False,3,0,0,2024
Kerala,Kerala PC 20,Candidate 4 (INC),INC,INC,INDIA,139796,20.12,694668,72.7,False,4,0,0,2024
