state,constituency,candidate,party,party_normalized,alliance,votes,vote_share,total_votes,turnout,is_winner,position,margin,margin_pct,year
Uttar Pradesh,Uttar Pradesh PC 1,Candidate 1 (BJP),BJP,BJP,NDA,418537,61.5,680564,57.1,True,1,260843,38.33,2014
Uttar Pradesh,Uttar Pradesh PC 1,Candidate 2 (INC),INC,INC,UPA,157694,23.17,680564,70.7,False,2,0,0,2014
Uttar Pradesh,Uttar Pradesh PC 1,Candidate 3 (OTH),OTH,OTH,,104331,15.33,680564,61.7,False,3,0,0,2014
Uttar Pradesh,Uttar Pradesh PC 2,Candidate 1 (JDU),JDU,JDU,,229082,24.01,954111,71.8,True,1,3328,0.35,2014
Uttar Pradesh,Uttar Pradesh PC 2,Candidate 2 (BJP),BJP,BJP,NDA,225754,23.66,954111,74.2,False,2,0,0,2014
Uttar Pradesh,Uttar Pradesh PC 2,Candidate 3 (TMC),TMC,TMC,,222832,23.35,954111,58.1,False,3,0,0,2014
Uttar Pradesh,Uttar Pradesh PC 2,Candidate 4 (DMK),DMK,DMK,,203387,21.32,954111,58.0,False,4,0,0,2014
Uttar Pradesh,Uttar Pradesh PC 2,Candidate 5 (SP),SP,SP,,73054,7.66,954111,71.7,False,5,0,0,2014
Uttar Pradesh,Uttar Pradesh PC 3,Candidate 1 (TMC),TMC,TMC,,201483,42.54,473673,66.0,True,1,51670,10.91,2014
Uttar Pradesh,Uttar Pradesh PC 3,Candidate 2 (BJP),BJP,BJP,NDA,149813,31.63,473673,73.8,False,2,0,0,2014
Uttar Pradesh,Uttar Pradesh PC 3,Candidate 3 (BSP),BSP,BSP,,87515,18.48,473673,60.1,False,3,0,0,2014
Uttar Pradesh,Uttar Pradesh PC 3,Candidate 4 (OTH),OTH,OTH,,34861,7.36,473673,74.0,False,4,0,0,2014
Uttar Pradesh,Uttar Pradesh PC 4,Candidate 1 (BJP),BJP,BJP,NDA,192183,26.03,738209,55.9,True,1,10460,1.42,2014
Uttar Pradesh,Uttar Pradesh PC 4,Candidate 2 (TMC),TMC,TMC,,181723,24.62,738209,67.0,False,2,0,0,2014
Uttar Pradesh,Uttar Pradesh PC 4,Candidate 3 (BRS),BRS,BRS,,175299,23.75,738209,71.4,False,3,0,0,2014
Uttar Pradesh,Uttar Pradesh PC 4,Candidate 4 (INC),INC,INC,UPA,97590,13.22,738209,57.3,False,4,0,0,2014
Uttar Pradesh,Uttar Pradesh PC 4,Candidate 5 (DMK),DMK,DMK,,91411,12.38,738209,63.1,False,5,0,0,2014
Uttar Pradesh,Uttar Pradesh PC 5,Candidate 1 (TDP),TDP,TDP,NDA,261174,27.16,961677,59.6,True,1,30994,3.22,2014
Uttar Pradesh,Uttar Pradesh PC 5,Candidate 2 (OTH),OTH,OTH,,230180,23.94,961677,71.9,False,2,0,0,2014
Uttar Pradesh,Uttar Pradesh PC 5,Candidate 3 (SP),SP,SP,,138208,14.37,961677,61.6,False,3,0,0,2014
Uttar Pradesh,Uttar Pradesh PC 5,Candidate 4 (INC),INC,INC,UPA,128907,13.4,961677,62.2,False,4,0,0,2014
Uttar Pradesh,Uttar Pradesh PC 5,Candidate 5 (BJP),BJP,BJP,NDA,128268,13.34,961677,59.7,False,5,0,0,2014
Uttar Pradesh,Uttar Pradesh PC 5,Candidate 6 (BRS),BRS,BRS,,74937,7.79,961677,55.5,False,6,0,0,2014
Uttar Pradesh,Uttar Pradesh PC 6,Candidate 1 (BJP),BJP,BJP,NDA,235060,37.3,630130,66.4,True,1,57208,9.08,2014
Uttar Pradesh,Uttar Pradesh PC 6,Candidate 2 (INC),INC,INC,UPA,177852,28.22,630130,66.3,False,2,0,0,2014
Uttar Pradesh,Uttar Pradesh PC 6,Candidate 3 (OTH),OTH,OTH,,137006,21.74,630130,69.0,False,3,0,0,2014
Uttar Pradesh,Uttar Pradesh PC 6,Candidate 4 (SP),SP,SP,,80209,12.73,630130,70.7,False,4,0,0,2014
Uttar Pradesh,Uttar Pradesh PC 7,Candidate 1 (BJP),BJP,BJP,NDA,293060,29.71,986250,69.6,True,1,18729,1.9,2014
Uttar Pradesh,Uttar Pradesh PC 7,Candidate 2 (BSP),BSP,BSP,,274331,27.82,986250,55.2,False,2,0,0,2014
Uttar Pradesh,Uttar Pradesh PC 7,Candidate 3 (INC),INC,INC,UPA,183702,18.63,986250,68.2,False,3,0,0,2014
Uttar Pradesh,Uttar Pradesh PC 7,Candidate 4 (JDU),JDU,JDU,,152108,15.42,986250,73.8,False,4,0,0,2014
Uttar Pradesh,Uttar Pradesh PC 7,Candidate 5 (BRS),BRS,BRS,,83047,8.42,986250,60.7,False,5,0,0,2014
Uttar Pradesh,Uttar Pradesh PC 8,Candidate 1 (BJP),BJP,BJP,NDA,233531,35.01,667128,67.4,True,1,31028,4.65,2014
Uttar Pradesh,Uttar Pradesh PC 8,Candidate 2 (OTH),OTH,OTH,,202503,30.35,667128,70.2,False,2,0,0,2014
Uttar Pradesh,Uttar Pradesh PC 8,Candidate 3 (INC),INC,INC,UPA,112452,16.86,667128,74.4,False,3,0,0,2014
Uttar Pradesh,Uttar Pradesh PC 8,Candidate 4 (TMC),TMC,TMC,,59680,8.95,667128,59.0,False,4,0,0,2014
Uttar Pradesh,Uttar Pradesh PC 8,Candidate 5 (SP),SP,SP,,58960,8.84,667128,65.2,False,5,0,0,2014
Uttar Pradesh,Uttar Pradesh PC 9,Candidate 1 (BRS),BRS,BRS,,467684,42.81,1092399,69.8,True,1,144323,13.21,2014
Uttar Pradesh,Uttar Pradesh PC 9,Candidate 2 (INC),INC,INC,UPA,323361,29.6,1092399,73.7,False,2,0,0,2014
Uttar Pradesh,Uttar Pradesh PC 9,Candidate 3 (BJP),BJP,BJP,NDA,152625,13.97,1092399,68.0,False,3,0,0,2014
Uttar Pradesh,Uttar Pradesh PC 9,Candidate 4 (TDP),TDP,TDP,NDA,148727,13.61,1092399,60.5,False,4,0,0,2014
Uttar Pradesh,Uttar Pradesh PC 10,Candidate 1 (TDP),TDP,TDP,NDA,249498,31.9,782180,67.2,True,1,7767,0.99,2014
Uttar Pradesh,Uttar Pradesh PC 10,Candidate 2 (INC),INC,INC,UPA,241731,30.9,782180,68.4,False,2,0,0,2014
Uttar Pradesh,Uttar Pradesh PC 10,Candidate 3 (AIADMK),AIADMK,AIADMK,,109978,14.06,782180,68.1,False,3,0,0,2014
Uttar Pradesh,Uttar Pradesh PC 10,Candidate 4 (BJP),BJP,BJP,NDA,96683,12.36,782180,73.1,False,4,0,0,2014
Uttar Pradesh,Uttar Pradesh PC 10,Candidate 5 (BRS),BRS,BRS,,84287,10.78,782180,72.3,False,5,0,0,2014
Uttar Pradesh,Uttar Pradesh PC 11,Candidate 1 (BRS),BRS,BRS,,370803,37.91,978179,63.6,True,1,89459,9.15,2014
Uttar Pradesh,Uttar Pradesh PC 11,Candidate 2 (INC),INC,INC,UPA,281344,28.76,978179,64.1,False,2,0,0,2014
Uttar Pradesh,Uttar Pradesh PC 11,Candidate 3 (BSP),BSP,BSP,,178019,18.2,978179,65.9,False,3,0,0,2014
Uttar Pradesh,Uttar Pradesh PC 11,Candidate 4 (BJP),BJP,BJP,NDA,148011,15.13,978179,66.9,False,4,0,0,2014
Uttar Pradesh,Uttar Pradesh PC 12,Candidate 1 (BJP),BJP,BJP,NDA,373692,40.93,913070,69.8,True,1,165543,18.13,2014
Uttar Pradesh,Uttar Pradesh PC 12,Candidate 2 (AIADMK),AIADMK,AIADMK,,208149,22.8,913070,68.2,False,2,0,0,2014
Uttar Pradesh,Uttar Pradesh PC 12,Candidate 3 (INC),INC,INC,UPA,161004,17.63,913070,56.0,False,3,0,0,2014
Uttar Pradesh,Uttar Pradesh PC 12,Candidate 4 (TMC),TMC,TMC,,128915,14.12,913070,73.6,False,4,0,0,2014
Uttar Pradesh,Uttar Pradesh PC 12,Candidate 5 (JDU),JDU,JDU,,41308,4.52,913070,63.0,False,5,0,0,2014
Uttar Pradesh,Uttar Pradesh PC 13,Candidate 1 (BJP),BJP,BJP,NDA,261902,40.03,654199,72.8,True,1,7820,1.2,2014
Uttar Pradesh,Uttar Pradesh PC 13,Candidate 2 (OTH),OTH,OTH,,254082,38.84,654199,59.9,False,2,0,0,2014
Uttar Pradesh,Uttar Pradesh PC 13,Candidate 3 (TMC),TMC,TMC,,109016,16.66,654199,68.8,False,3,0,0,2014
Uttar Pradesh,Uttar Pradesh PC 13,Candidate 4 (BSP),BSP,BSP,,29196,4.46,654199,73.1,False,4,0,0,2014
Uttar Pradesh,Uttar Pradesh PC 14,Candidate 1 (BJP),BJP,BJP,NDA,305991,44.7,684546,65.1,True,1,150834,22.03,2014
Uttar Pradesh,Uttar Pradesh PC 14,Candidate 2 (TMC),TMC,TMC,,155157,22.67,684546,56.2,False,2,0,0,2014
Uttar Pradesh,Uttar Pradesh PC 14,Candidate 3 (JDU),JDU,JDU,,133114,19.45,684546,77.3,False,3,0,0,2014
Uttar Pradesh,Uttar Pradesh PC 14,Candidate 4 (OTH),OTH,OTH,,90282,13.19,684546,55.9,False,4,0,0,2014
Uttar Pradesh,Uttar Pradesh PC 15,Candidate 1 (TMC),TMC,TMC,,276928,24.65,1123353,70.0,True,1,18899,1.68,2014
Uttar Pradesh,Uttar Pradesh PC 15,Candidate 2 (BJP),BJP,BJP,NDA,258029,22.97,1123353,66.8,False,2,0,0,2014
Uttar Pradesh,Uttar Pradesh PC 15,Candidate 3 (OTH),OTH,OTH,,221190,19.69,1123353,69.7,False,3,0,0,2014
Uttar Pradesh,Uttar Pradesh PC 15,Candidate 4 (INC),INC,INC,UPA,215171,19.15,1123353,73.6,False,4,0,0,2014
Uttar Pradesh,Uttar Pradesh PC 15,Candidate 5 (BRS),BRS,BRS,,152033,13.53,1123353,56.3,False,5,0,0,2014
Uttar Pradesh,Uttar Pradesh PC 16,Candidate 1 (BJP),BJP,BJP,NDA,290410,37.67,770913,56.0,True,1,9092,1.18,2014
Uttar Pradesh,Uttar Pradesh PC 16,Candidate 2 (INC),INC,INC,UPA,281318,36.49,770913,55.6,False,2,0,0,2014
Uttar Pradesh,Uttar Pradesh PC 16,Candidate 3 (SP),SP,SP,,163800,21.25,770913,56.6,False,3,0,0,2014
Uttar Pradesh,Uttar Pradesh PC 16,Candidate 4 (TMC),TMC,TMC,,35383,4.59,770913,70.5,False,4,0,0,2014
Uttar Pradesh,Uttar Pradesh PC 17,Candidate 1 (OTH),OTH,OTH,,243185,60.38,402777,65.2,True,1,120048,29.81,2014
Uttar Pradesh,Uttar Pradesh PC 17,Candidate 2 (AIADMK),AIADMK,AIADMK,,123137,30.57,402777,57.7,False,2,0,0,2014
Uttar Pradesh,Uttar Pradesh PC 17,Candidate 3 (BJP),BJP,BJP,NDA,36454,9.05,402777,75.0,False,3,0,0,2014
Uttar Pradesh,Uttar Pradesh PC 18,Candidate 1 (AIADMK),AIADMK,AIADMK,,429046,38.58,1111977,59.1,True,1,99331,8.93,2014
Uttar Pradesh,Uttar Pradesh PC 18,Candidate 2 (BJP),BJP,BJP,NDA,329715,29.65,1111977,67.3,False,2,0,0,2014
Uttar Pradesh,Uttar Pradesh PC 18,Candidate 3 (IND),IND,IND,,245679,22.09,1111977,77.0,False,3,0,0,2014
Uttar Pradesh,Uttar Pradesh PC 18,Candidate 4 (OTH),OTH,OTH,,107535,9.67,1111977,65.0,False,4,0,0,2014
Uttar Pradesh,Uttar Pradesh PC 19,Candidate 1 (BJP),BJP,BJP,NDA,196119,37.46,523592,55.2,True,1,11636,2.22,2014
Uttar Pradesh,Uttar Pradesh PC 19,Candidate 2 (TDP),TDP,TDP,NDA,184483,35.23,523592,56.5,False,2,0,0,2014
Uttar Pradesh,Uttar Pradesh PC 19,Candidate 3 (OTH),OTH,OTH,,142988,27.31,523592,67.8,False,3,0,0,2014
Uttar Pradesh,Uttar Pradesh PC 20,Candidate 1 (IND),IND,IND,,471921,39.7,1188734,75.2,True,1,94971,7.99,2014
Uttar Pradesh,Uttar Pradesh PC 20,Candidate 2 (BJP),BJP,BJP,NDA,376950,31.71,1188734,64.1,False,2,0,0,2014
Uttar Pradesh,Uttar Pradesh PC 20,Candidate 3 (OTH),OTH,OTH,,251649,21.17,1188734,68.6,False,3,0,0,2014
Uttar Pradesh,Uttar Pradesh PC 20,Candidate 4 (INC),INC,INC,UPA,88212,7.42,1188734,75.4,False,4,0,0,2014
Uttar Pradesh,Uttar Pradesh PC 21,Candidate 1 (INC),INC,INC,UPA,218447,24.39,895755,61.4,True,1,22701,2.53,2014
Uttar Pradesh,Uttar Pradesh PC 21,Candidate 2 (OTH),OTH,OTH,,195746,21.85,895755,73.9,False,2,0,0,2014
Uttar Pradesh,Uttar Pradesh PC 21,Candidate 3 (BSP),BSP,BSP,,194984,21.77,895755,55.0,False,3,0,0,2014
Uttar Pradesh,Uttar Pradesh PC 21,Candidate 4 (BRS),BRS,BRS,,151605,16.92,895755,70.8,False,4,0,0,2014
Uttar Pradesh,Uttar Pradesh PC 21,Candidate 5 (SP),SP,SP,,134970,15.07,895755,66.6,False,5,0,0,2014
Uttar Pradesh,Uttar Pradesh PC 22,Candidate 1 (BJP),BJP,BJP,NDA,476630,55.99,851222,70.3,True,1,326898,38.4,2014
Uttar Pradesh,Uttar Pradesh PC 22,Candidate 2 (DMK),DMK,DMK,,149732,17.59,851222,76.8,False,2,0,0,2014
Uttar Pradesh,Uttar Pradesh PC 22,Candidate 3 (INC),INC,INC,UPA,129426,15.2,851222,58.7,False,3,0,0,2014
Uttar Pradesh,Uttar Pradesh PC 22,Candidate 4 (OTH),OTH,OTH,,95432,11.21,851222,59.5,False,4,0,0,2014
Uttar Pradesh,Uttar Pradesh PC 23,Candidate 1 (BJP),BJP,BJP,NDA,396754,36.65,1082601,55.4,True,1,36426,3.36,2014
Uttar Pradesh,Uttar Pradesh PC 23,Candidate 2 (OTH),OTH,OTH,,360328,33.28,1082601,59.2,False,2,0,0,2014
Uttar Pradesh,Uttar Pradesh PC 23,Candidate 3 (BRS),BRS,BRS,,259358,23.96,1082601,56.2,False,3,0,0,2014
Uttar Pradesh,Uttar Pradesh PC 23,Candidate 4 (TDP),TDP,TDP,NDA,66158,6.11,1082601,70.6,False,4,0,0,2014
Uttar Pradesh,Uttar Pradesh PC 24,Candidate 1 (BJP),BJP,BJP,NDA,309629,27.35,1132075,65.8,True,1,52433,4.63,2014
Uttar Pradesh,Uttar Pradesh PC 24,Candidate 2 (OTH),OTH,OTH,,257196,22.72,1132075,61.7,False,2,0,0,2014
Uttar Pradesh,Uttar Pradesh PC 24,Candidate 3 (JDU),JDU,JDU,,248791,21.98,1132075,70.1,False,3,0,0,2014
Uttar Pradesh,Uttar Pradesh PC 24,Candidate 4 (TMC),TMC,TMC,,185124,16.35,1132075,75.7,False,4,0,0,2014
Uttar Pradesh,Uttar Pradesh PC 24,Candidate 5 (INC),INC,INC,UPA,131332,11.6,1132075,74.2,False,5,0,0,2014
Uttar Pradesh,Uttar Pradesh PC 25,Candidate 1 (BJP),BJP,BJP,NDA,312175,56.33,554156,77.7,True,1,143793,25.95,2014
Uttar Pradesh,Uttar Pradesh PC 25,Candidate 2 (TMC),TMC,TMC,,168382,30.39,554156,56.9,False,2,0,0,2014
Uttar Pradesh,Uttar Pradesh PC 25,Candidate 3 (OTH),OTH,OTH,,73598,13.28,554156,72.9,False,3,0,0,2014
Uttar Pradesh,Uttar Pradesh PC 26,Candidate 1 (INC),INC,INC,UPA,282499,40.8,692377,65.0,True,1,63030,9.1,2014
Uttar Pradesh,Uttar Pradesh PC 26,Candidate 2 (BJP),BJP,BJP,NDA,219469,31.7,692377,66.7,False,2,0,0,2014
Uttar Pradesh,Uttar Pradesh PC 26,Candidate 3 (TDP),TDP,TDP,NDA,155345,22.44,692377,74.7,False,3,0,0,2014
Uttar Pradesh,Uttar Pradesh PC 26,Candidate 4 (TMC),TMC,TMC,,35061,5.06,692377,59.2,False,4,0,0,2014
Uttar Pradesh,Uttar Pradesh PC 27,Candidate 1 (AIADMK),AIADMK,AIADMK,,157801,37.06,425756,57.1,True,1,50612,11.89,2014
Uttar Pradesh,Uttar Pradesh PC 27,Candidate 2 (TMC),TMC,TMC,,107189,25.18,425756,67.2,False,2,0,0,2014
Uttar Pradesh,Uttar Pradesh PC 27,Candidate 3 (BRS),BRS,BRS,,76776,18.03,425756,55.7,False,3,0,0,2014
Uttar Pradesh,Uttar Pradesh PC 27,Candidate 4 (SP),SP,SP,,59029,13.86,425756,73.5,False,4,0,0,2014
Uttar Pradesh,Uttar Pradesh PC 27,Candidate 5 (BJP),BJP,BJP,NDA,24958,5.86,425756,71.1,False,5,0,0,2014
Uttar Pradesh,Uttar Pradesh PC 28,Candidate 1 (BRS),BRS,BRS,,133163,21.23,627262,64.8,True,1,15527,2.48,2014
Uttar Pradesh,Uttar Pradesh PC 28,Candidate 2 (IND),IND,IND,,117636,18.75,627262,60.1,False,2,0,0,2014
Uttar Pradesh,Uttar Pradesh PC 28,Candidate 3 (SP),SP,SP,,114582,18.27,627262,77.3,False,3,0,0,2014
Uttar Pradesh,Uttar Pradesh PC 28,Candidate 4 (OTH),OTH,OTH,,109610,17.47,627262,59.1,False,4,0,0,2014
Uttar Pradesh,Uttar Pradesh PC 28,Candidate 5 (DMK),DMK,DMK,,77028,12.28,627262,57.1,False,5,0,0,2014
Uttar Pradesh,Uttar Pradesh PC 28,Candidate 6 (BJP),BJP,BJP,NDA,75239,11.99,627262,56.0,False,6,0,0,2014
Uttar Pradesh,Uttar Pradesh PC 29,Candidate 1 (BJP),BJP,BJP,NDA,295174,38.96,757676,69.9,True,1,44026,5.81,2014
Uttar Pradesh,Uttar Pradesh PC 29,Candidate 2 (OTH),OTH,OTH,,251148,33.15,757676,66.5,False,2,0,0,2014
Uttar Pradesh,Uttar Pradesh PC 29,Candidate 3 (INC),INC,INC,UPA,211352,27.89,757676,67.0,False,3,0,0,2014
Uttar Pradesh,Uttar Pradesh PC 30,Candidate 1 (SP),SP,SP,,206100,41.71,494075,60.1,True,1,25290,5.12,2014
Uttar Pradesh,Uttar Pradesh PC 30,Candidate 2 (BJP),BJP,BJP,NDA,180810,36.6,494075,69.1,False,2,0,0,2014
Uttar Pradesh,Uttar Pradesh PC 30,Candidate 3 (OTH),OTH,OTH,,42080,8.52,494075,66.1,False,3,0,0,2014
Uttar Pradesh,Uttar Pradesh PC 30,Candidate 4 (DMK),DMK,DMK,,41753,8.45,494075,55.5,False,4,0,0,2014
Uttar Pradesh,Uttar Pradesh PC 30,Candidate 5 (INC),INC,INC,UPA,23330,4.72,494075,74.0,False,5,0,0,2014
Uttar Pradesh,Uttar Pradesh PC 31,Candidate 1 (TMC),TMC,TMC,,401786,36.37,1104625,65.0,True,1,133508,12.09,2014
Uttar Pradesh,Uttar Pradesh PC 31,Candidate 2 (OTH),OTH,OTH,,268278,24.29,1104625,78.0,False,2,0,0,2014
Uttar Pradesh,Uttar Pradesh PC 31,Candidate 3 (BJP),BJP,BJP,NDA,188885,17.1,1104625,72.1,False,3,0,0,2014
Uttar Pradesh,Uttar Pradesh PC 31,Candidate 4 (AIADMK),AIADMK,AIADMK,,181084,16.39,1104625,73.1,False,4,0,0,2014
Uttar Pradesh,Uttar Pradesh PC 31,Candidate 5 (BRS),BRS,BRS,,64591,5.85,1104625,59.6,False,5,0,0,2014
Uttar Pradesh,Uttar Pradesh PC 32,Candidate 1 (BJP),BJP,BJP,NDA,250933,35.02,716570,73.9,True,1,25288,3.53,2014
Uttar Pradesh,Uttar Pradesh PC 32,Candidate 2 (BRS),BRS,BRS,,225645,31.49,716570,61.8,False,2,0,0,2014
Uttar Pradesh,Uttar Pradesh PC 32,Candidate 3 (INC),INC,INC,UPA,134809,18.81,716570,57.6,False,3,0,0,2014
Uttar Pradesh,Uttar Pradesh PC 32,Candidate 4 (TMC),TMC,TMC,,105181,14.68,716570,71.5,False,4,0,0,2014
Uttar Pradesh,Uttar Pradesh PC 33,Candidate 1 (SP),SP,SP,,208164,43.34,480275,66.1,True,1,36643,7.63,2014
Uttar Pradesh,Uttar Pradesh PC 33,Candidate 2 (BJP),BJP,BJP,NDA,171521,35.71,480275,74.1,False,2,0,0,2014
Uttar Pradesh,Uttar Pradesh PC 33,Candidate 3 (DMK),DMK,DMK,,67770,14.11,480275,70.2,False,3,0,0,2014
Uttar Pradesh,Uttar Pradesh PC 33,Candidate 4 (INC),INC,INC,UPA,32818,6.83,480275,72.3,False,4,0,0,2014
Uttar Pradesh,Uttar Pradesh PC 34,Candidate 1 (DMK),DMK,DMK,,115138,22.92,502428,75.1,True,1,1680,0.33,2014
Uttar Pradesh,Uttar Pradesh PC 34,Candidate 2 (BRS),BRS,BRS,,113458,22.58,502428,55.7,False,2,0,0,2014
Uttar Pradesh,Uttar Pradesh PC 34,Candidate 3 (BJP),BJP,BJP,NDA,88335,17.58,502428,58.5,False,3,0,0,2014
Uttar Pradesh,Uttar Pradesh PC 34,Candidate 4 (AIADMK),AIADMK,AIADMK,,79043,15.73,502428,76.6,False,4,0,0,2014
Uttar Pradesh,Uttar Pradesh PC 34,Candidate 5 (TMC),TMC,TMC,,62201,12.38,502428,76.5,False,5,0,0,2014
Uttar Pradesh,Uttar Pradesh PC 34,Candidate 6 (OTH),OTH,OTH,,44249,8.81,502428,71.0,False,6,0,0,2014
Uttar Pradesh,Uttar Pradesh PC 35,Candidate 1 (BJP),BJP,BJP,NDA,604527,57.7,1047689,61.5,True,1,289859,27.67,2014
Uttar Pradesh,Uttar Pradesh PC 35,Candidate 2 (BRS),BRS,BRS,,314668,30.03,1047689,77.2,False,2,0,0,2014
Uttar Pradesh,Uttar Pradesh PC 35,Candidate 3 (INC),INC,INC,UPA,128493,12.26,1047689,75.3,False,3,0,0,2014
Uttar Pradesh,Uttar Pradesh PC 36,Candidate 1 (INC),INC,INC,UPA,265433,35.11,756064,71.3,True,1,4523,0.6,2014
Uttar Pradesh,Uttar Pradesh PC 36,Candidate 2 (BRS),BRS,BRS,,260910,34.51,756064,73.8,False,2,0,0,2014
Uttar Pradesh,Uttar Pradesh PC 36,Candidate 3 (BJP),BJP,BJP,NDA,229719,30.38,756064,74.6,False,3,0,0,2014
Uttar Pradesh,Uttar Pradesh PC 37,Candidate 1 (SP),SP,SP,,191052,26.66,716684,72.3,True,1,20109,2.81,2014
Uttar Pradesh,Uttar Pradesh PC 37,Candidate 2 (TDP),TDP,TDP,NDA,170943,23.85,716684,58.9,False,2,0,0,2014
Uttar Pradesh,Uttar Pradesh PC 37,Candidate 3 (BJP),BJP,BJP,NDA,144853,20.21,716684,66.1,False,3,0,0,2014
Uttar Pradesh,Uttar Pradesh PC 37,Candidate 4 (OTH),OTH,OTH,,123305,17.2,716684,68.7,False,4,0,0,2014
Uttar Pradesh,Uttar Pradesh PC 37,Candidate 5 (IND),IND,IND,,86528,12.07,716684,71.3,False,5,0,0,2014
Uttar Pradesh,Uttar Pradesh PC 38,Candidate 1 (BJP),BJP,BJP,NDA,262606,44.57,589198,67.3,True,1,17487,2.97,2014
Uttar Pradesh,Uttar Pradesh PC 38,Candidate 2 (SP),SP,SP,,245119,41.6,589198,63.8,False,2,0,0,2014
Uttar Pradesh,Uttar Pradesh PC 38,Candidate 3 (JDU),JDU,JDU,,81471,13.83,589198,69.7,False,3,0,0,2014
Uttar Pradesh,Uttar Pradesh PC 39,Candidate 1 (TMC),TMC,TMC,,278657,27.11,1027936,60.5,True,1,42827,4.17,2014
Uttar Pradesh,Uttar Pradesh PC 39,Candidate 2 (BJP),BJP,BJP,NDA,235830,22.94,1027936,76.8,False,2,0,0,2014
Uttar Pradesh,Uttar Pradesh PC 39,Candidate 3 (DMK),DMK,DMK,,232941,22.66,1027936,72.2,False,3,0,0,2014
Uttar Pradesh,Uttar Pradesh PC 39,Candidate 4 (SP),SP,SP,,162049,15.76,1027936,64.8,False,4,0,0,2014
Uttar Pradesh,Uttar Pradesh PC 39,Candidate 5 (BSP),BSP,BSP,,74358,7.23,1027936,60.3,False,5,0,0,2014
Uttar Pradesh,Uttar Pradesh PC 39,Candidate 6 (OTH),OTH,OTH,,44097,4.29,1027936,59.6,False,6,0,0,2014
Uttar Pradesh,Uttar Pradesh PC 40,Candidate 1 (INC),INC,INC,UPA,305017,30.23,1008914,65.4,True,1,19775,1.96,2014
Uttar Pradesh,Uttar Pradesh PC 40,Candidate 2 (IND),IND,IND,,285242,28.27,1008914,64.0,False,2,0,0,2014
Uttar Pradesh,Uttar Pradesh PC 40,Candidate 3 (TDP),TDP,TDP,NDA,216481,21.46,1008914,71.7,False,3,0,0,2014
Uttar Pradesh,Uttar Pradesh PC 40,Candidate 4 (BJP),BJP,BJP,NDA,150672,14.93,1008914,73.3,False,4,0,0,2014
Uttar Pradesh,Uttar Pradesh PC 40,Candidate 5 (SP),SP,SP,,51499,5.1,1008914,65.1,False,5,0,0,2014
Uttar Pradesh,Uttar Pradesh PC 41,Candidate 1 (BJP),BJP,BJP,NDA,455890,45.51,1001711,77.3,True,1,182299,18.2,2014
Uttar Pradesh,Uttar Pradesh PC 41,Candidate 2 (SP),SP,SP,,273591,27.31,1001711,68.8,False,2,0,0,2014
Uttar Pradesh,Uttar Pradesh PC 41,Candidate 3 (INC),INC,INC,UPA,122661,12.25,1001711,74.5,False,3,0,0,2014
Uttar Pradesh,Uttar Pradesh PC 41,Candidate 4 (OTH),OTH,OTH,,79520,7.94,1001711,70.4,False,4,0,0,2014
Uttar Pradesh,Uttar Pradesh PC 41,Candidate 5 (BRS),BRS,BRS,,70046,6.99,1001711,73.8,False,5,0,0,2014
Uttar Pradesh,Uttar Pradesh PC 42,Candidate 1 (BJP),BJP,BJP,NDA,372762,33.54,1111460,75.1,True,1,106969,9.62,2014
Uttar Pradesh,Uttar Pradesh PC 42,Candidate 2 (AIADMK),AIADMK,AIADMK,,265793,23.91,1111460,63.0,False,2,0,0,2014
Uttar Pradesh,Uttar Pradesh PC 42,Candidate 3 (TDP),TDP,TDP,NDA,231027,20.79,1111460,72.4,False,3,0,0,2014
Uttar Pradesh,Uttar Pradesh PC 42,Candidate 4 (SP),SP,SP,,134026,12.06,1111460,61.0,False,4,0,0,2014
Uttar Pradesh,Uttar Pradesh PC 42,Candidate 5 (BSP),BSP,BSP,,107849,9.7,1111460,72.3,False,5,0,0,2014
Uttar Pradesh,Uttar Pradesh PC 43,Candidate 1 (TMC),TMC,TMC,,373607,36.4,1026407,68.4,True,1,7887,0.77,2014
Uttar Pradesh,Uttar Pradesh PC 43,Candidate 2 (DMK),DMK,DMK,,365720,35.63,1026407,59.2,False,2,0,0,2014
Uttar Pradesh,Uttar Pradesh PC 43,Candidate 3 (BJP),BJP,BJP,NDA,287079,27.97,1026407,75.9,False,3,0,0,2014
Uttar Pradesh,Uttar Pradesh PC 44,Candidate 1 (AIADMK),AIADMK,AIADMK,,264200,37.12,711776,64.1,True,1,76191,10.7,2014
Uttar Pradesh,Uttar Pradesh PC 44,Candidate 2 (JDU),JDU,JDU,,188009,26.41,711776,70.9,False,2,0,0,2014
Uttar Pradesh,Uttar Pradesh PC 44,Candidate 3 (DMK),DMK,DMK,,136226,19.14,711776,57.7,False,3,0,0,2014
Uttar Pradesh,Uttar Pradesh PC 44,Candidate 4 (BJP),BJP,BJP,NDA,123339,17.33,711776,70.9,False,4,0,0,2014
Uttar Pradesh,Uttar Pradesh PC 45,Candidate 1 (INC),INC,INC,UPA,296542,40.56,731053,57.2,True,1,73945,10.11,2014
Uttar Pradesh,Uttar Pradesh PC 45,Candidate 2 (SP),SP,SP,,222597,30.45,731053,74.7,False,2,0,0,2014
Uttar Pradesh,Uttar Pradesh PC 45,Candidate 3 (TDP),TDP,TDP,NDA,99765,13.65,731053,59.4,False,3,0,0,2014
Uttar Pradesh,Uttar Pradesh PC 45,Candidate 4 (OTH),OTH,OTH,,56881,7.78,731053,55.9,False,4,0,0,2014
Uttar Pradesh,Uttar Pradesh PC 45,Candidate 5 (BJP),BJP,BJP,NDA,55267,7.56,731053,60.2,False,5,0,0,2014
Uttar Pradesh,Uttar Pradesh PC 46,Candidate 1 (OTH),OTH,OTH,,202464,34.55,586044,57.4,True,1,33433,5.7,2014
Uttar Pradesh,Uttar Pradesh PC 46,Candidate 2 (DMK),DMK,DMK,,169031,28.84,586044,76.9,False,2,0,0,2014
Uttar Pradesh,Uttar Pradesh PC 46,Candidate 3 (BJP),BJP,BJP,NDA,154520,26.37,586044,65.8,False,3,0,0,2014
Uttar Pradesh,Uttar Pradesh PC 46,Candidate 4 (JDU),JDU,JDU,,60027,10.24,586044,61.2,False,4,0,0,2014
Uttar Pradesh,Uttar Pradesh PC 47,Candidate 1 (OTH),OTH,OTH,,304813,32.72,931574,74.2,True,1,40477,4.35,2014
Uttar Pradesh,Uttar Pradesh PC 47,Candidate 2 (TMC),TMC,TMC,,264336,28.38,931574,72.8,False,2,0,0,2014
Uttar Pradesh,Uttar Pradesh PC 47,Candidate 3 (AIADMK),AIADMK,AIADMK,,191242,20.53,931574,56.2,False,3,0,0,2014
Uttar Pradesh,Uttar Pradesh PC 47,Candidate 4 (BJP),BJP,BJP,NDA,104786,11.25,931574,71.0,False,4,0,0,2014
Uttar Pradesh,Uttar Pradesh PC 47,Candidate 5 (TDP),TDP,TDP,NDA,66394,7.13,931574,60.5,False,5,0,0,2014
Uttar Pradesh,Uttar Pradesh PC 48,Candidate 1 (TDP),TDP,TDP,NDA,327699,32.8,998949,77.3,True,1,76814,7.69,2014
Uttar Pradesh,Uttar Pradesh PC 48,Candidate 2 (BJP),BJP,BJP,NDA,250885,25.11,998949,68.8,False,2,0,0,2014
Uttar Pradesh,Uttar Pradesh PC 48,Candidate 3 (INC),INC,INC,UPA,212794,21.3,998949,64.4,False,3,0,0,2014
Uttar Pradesh,Uttar Pradesh PC 48,Candidate 4 (OTH),OTH,OTH,,207569,20.78,998949,63.1,False,4,0,0,2014
Uttar Pradesh,Uttar Pradesh PC 49,Candidate 1 (INC),INC,INC,UPA,206341,37.11,556065,69.5,True,1,19285,3.47,2014
Uttar Pradesh,Uttar Pradesh PC 49,Candidate 2 (BJP),BJP,BJP,NDA,187056,33.64,556065,67.6,False,2,0,0,2014
Uttar Pradesh,Uttar Pradesh PC 49,Candidate 3 (DMK),DMK,DMK,,123208,22.16,556065,58.7,False,3,0,0,2014
Uttar Pradesh,Uttar Pradesh PC 49,Candidate 4 (TMC),TMC,TMC,,39458,7.1,556065,63.3,False,4,0,0,2014
Uttar Pradesh,Uttar Pradesh PC 50,Candidate 1 (INC),INC,INC,UPA,332074,37.54,884491,59.6,True,1,119723,13.54,2014
Uttar Pradesh,Uttar Pradesh PC 50,Candidate 2 (SP),SP,SP,,212351,24.01,884491,68.8,False,2,0,0,2014
Uttar Pradesh,Uttar Pradesh PC 50,Candidate 3 (BJP),BJP,BJP,NDA,201983,22.84,884491,67.6,False,3,0,0,2014
Uttar Pradesh,Uttar Pradesh PC 50,Candidate 4 (OTH),OTH,OTH,,138081,15.61,884491,65.2,False,4,0,0,2014
Uttar Pradesh,Uttar Pradesh PC 51,Candidate 1 (BJP),BJP,BJP,NDA,306383,35.24,869304,56.1,True,1,31967,3.68,2014
Uttar Pradesh,Uttar Pradesh PC 51,Candidate 2 (BRS),BRS,BRS,,274416,31.57,869304,60.3,False,2,0,0,2014
Uttar Pradesh,Uttar Pradesh PC 51,Candidate 3 (BSP),BSP,BSP,,222719,25.62,869304,70.8,False,3,0,0,2014
Uttar Pradesh,Uttar Pradesh PC 51,Candidate 4 (TMC),TMC,TMC,,65784,7.57,869304,63.5,False,4,0,0,2014
Uttar Pradesh,Uttar Pradesh PC 52,Candidate 1 (AIADMK),AIADMK,AIADMK,,299980,29.85,1005002,67.2,True,1,10645,1.06,2014
Uttar Pradesh,Uttar Pradesh PC 52,Candidate 2 (TDP),TDP,TDP,NDA,289335,28.79,1005002,77.5,False,2,0,0,2014
Uttar Pradesh,Uttar Pradesh PC 52,Candidate 3 (DMK),DMK,DMK,,161848,16.1,1005002,56.1,False,3,0,0,2014
Uttar Pradesh,Uttar Pradesh PC 52,Candidate 4 (TMC),TMC,TMC,,153735,15.3,1005002,61.3,False,4,0,0,2014
Uttar Pradesh,Uttar Pradesh PC 52,Candidate 5 (INC),INC,INC,UPA,100101,9.96,1005002,59.7,False,5,0,0,2014
Uttar Pradesh,Uttar Pradesh PC 53,Candidate 1 (BJP),BJP,BJP,NDA,605427,53.84,1124411,74.5,True,1,86444,7.69,2014
Uttar Pradesh,Uttar Pradesh PC 53,Candidate 2 (OTH),OTH,OTH,,518983,46.16,1124411,59.0,False,2,0,0,2014
Uttar Pradesh,Uttar Pradesh PC 54,Candidate 1 (AIADMK),AIADMK,AIADMK,,179198,25.09,714146,56.8,True,1,3347,0.47,2014
Uttar Pradesh,Uttar Pradesh PC 54,Candidate 2 (TMC),TMC,TMC,,175851,24.62,714146,66.7,False,2,0,0,2014
Uttar Pradesh,Uttar Pradesh PC 54,Candidate 3 (OTH),OTH,OTH,,148437,20.79,714146,61.0,False,3,0,0,2014
Uttar Pradesh,Uttar Pradesh PC 54,Candidate 4 (BJP),BJP,BJP,NDA,141749,19.85,714146,55.9,False,4,0,0,2014
Uttar Pradesh,Uttar Pradesh PC 54,Candidate 5 (INC),INC,INC,UPA,68908,9.65,714146,73.6,False,5,0,0,2014
Uttar Pradesh,Uttar Pradesh PC 55,Candidate 1 (JDU),JDU,JDU,,293298,26.87,1091434,58.5,True,1,2671,0.24,2014
Uttar Pradesh,Uttar Pradesh PC 55,Candidate 2 (BJP),BJP,BJP,NDA,290627,26.63,1091434,72.7,False,2,0,0,2014
Uttar Pradesh,Uttar Pradesh PC 55,Candidate 3 (DMK),DMK,DMK,,261866,23.99,1091434,61.4,False,3,0,0,2014
Uttar Pradesh,Uttar Pradesh PC 55,Candidate 4 (INC),INC,INC,UPA,208605,19.11,1091434,61.5,False,4,0,0,2014
Uttar Pradesh,Uttar Pradesh PC 55,Candidate 5 (IND),IND,IND,,37035,3.39,1091434,57.5,False,5,0,0,2014
Uttar Pradesh,Uttar Pradesh PC 56,Candidate 1 (BJP),BJP,BJP,NDA,495648,60.76,815717,59.1,True,1,175580,21.52,2014
Uttar Pradesh,Uttar Pradesh PC 56,Candidate 2 (TMC),TMC,TMC,,320068,39.24,815717,65.7,False,2,0,0,2014
Uttar Pradesh,Uttar Pradesh PC 57,Candidate 1 (TMC),TMC,TMC,,229493,51.41,446387,60.6,True,1,12600,2.82,2014
Uttar Pradesh,Uttar Pradesh PC 57,Candidate 2 (BJP),BJP,BJP,NDA,216893,48.59,446387,63.3,False,2,0,0,2014
Uttar Pradesh,Uttar Pradesh PC 58,Candidate 1 (OTH),OTH,OTH,,132928,26.95,493222,65.7,True,1,5518,1.12,2014
Uttar Pradesh,Uttar Pradesh PC 58,Candidate 2 (BJP),BJP,BJP,NDA,127410,25.83,493222,66.6,False,2,0,0,2014
Uttar Pradesh,Uttar Pradesh PC 58,Candidate 3 (INC),INC,INC,UPA,122605,24.86,493222,68.1,False,3,0,0,2014
Uttar Pradesh,Uttar Pradesh PC 58,Candidate 4 (TMC),TMC,TMC,,110276,22.36,493222,70.6,False,4,0,0,2014
Uttar Pradesh,Uttar Pradesh PC 59,Candidate 1 (TMC),TMC,TMC,,308239,29.01,1062616,63.4,True,1,41331,3.89,2014
Uttar Pradesh,Uttar Pradesh PC 59,Candidate 2 (TDP),TDP,TDP,NDA,266908,25.12,1062616,60.9,False,2,0,0,2014
Uttar Pradesh,Uttar Pradesh PC 59,Candidate 3 (BJP),BJP,BJP,NDA,210206,19.78,1062616,59.7,False,3,0,0,2014
Uttar Pradesh,Uttar Pradesh PC 59,Candidate 4 (IND),IND,IND,,173023,16.28,1062616,72.5,False,4,0,0,2014
Uttar Pradesh,Uttar Pradesh PC 59,Candidate 5 (INC),INC,INC,UPA,104237,9.81,1062616,59.5,False,5,0,0,2014
Uttar Pradesh,Uttar Pradesh PC 60,Candidate 1 (OTH),OTH,OTH,,162237,30.47,532446,63.7,True,1,17458,3.28,2014
Uttar Pradesh,Uttar Pradesh PC 60,Candidate 2 (BJP),BJP,BJP,NDA,144779,27.19,532446,76.7,False,2,0,0,2014
Uttar Pradesh,Uttar Pradesh PC 60,Candidate 3 (BRS),BRS,BRS,,103901,19.51,532446,66.8,False,3,0,0,2014
Uttar Pradesh,Uttar Pradesh PC 60,Candidate 4 (TMC),TMC,TMC,,91073,17.1,532446,61.7,False,4,0,0,2014
Uttar Pradesh,Uttar Pradesh PC 60,Candidate 5 (INC),INC,INC,UPA,30454,5.72,532446,64.0,False,5,0,0,2014
Uttar Pradesh,Uttar Pradesh PC 61,Candidate 1 (BSP),BSP,BSP,,358237,54.39,658611,64.0,True,1,109372,16.61,2014
Uttar Pradesh,Uttar Pradesh PC 61,Candidate 2 (BJP),BJP,BJP,NDA,248865,37.79,658611,64.6,False,2,0,0,2014
Uttar Pradesh,Uttar Pradesh PC 61,Candidate 3 (BRS),BRS,BRS,,51508,7.82,658611,76.2,False,3,0,0,2014
Uttar Pradesh,Uttar Pradesh PC 62,Candidate 1 (TDP),TDP,TDP,NDA,273978,25.68,1066927,63.6,True,1,35086,3.29,2014
Uttar Pradesh,Uttar Pradesh PC 62,Candidate 2 (SP),SP,SP,,238892,22.39,1066927,71.9,False,2,0,0,2014
Uttar Pradesh,Uttar Pradesh PC 62,Candidate 3 (AIADMK),AIADMK,AIADMK,,238249,22.33,1066927,69.4,False,3,0,0,2014
Uttar Pradesh,Uttar Pradesh PC 62,Candidate 4 (BJP),BJP,BJP,NDA,217036,20.34,1066927,68.4,False,4,0,0,2014
Uttar Pradesh,Uttar Pradesh PC 62,Candidate 5 (OTH),OTH,OTH,,98770,9.26,1066927,62.1,False,5,0,0,2014
Uttar Pradesh,Uttar Pradesh PC 63,Candidate 1 (SP),SP,SP,,404513,44.78,903331,74.9,True,1,156433,17.32,2014
Uttar Pradesh,Uttar Pradesh PC 63,Candidate 2 (INC),INC,INC,UPA,248080,27.46,903331,55.2,False,2,0,0,2014
Uttar Pradesh,Uttar Pradesh PC 63,Candidate 3 (TMC),TMC,TMC,,192960,21.36,903331,61.5,False,3,0,0,2014
Uttar Pradesh,Uttar Pradesh PC 63,Candidate 4 (DMK),DMK,DMK,,57777,6.4,903331,58.0,False,4,0,0,2014
Uttar Pradesh,Uttar Pradesh PC 64,Candidate 1 (OTH),OTH,OTH,,506264,57.44,881322,74.5,True,1,131207,14.89,2014
Uttar Pradesh,Uttar Pradesh PC 64,Candidate 2 (BJP),BJP,BJP,NDA,375057,42.56,881322,71.3,False,2,0,0,2014
Uttar Pradesh,Uttar Pradesh PC 65,Candidate 1 (OTH),OTH,OTH,,190104,41.77,455130,58.4,True,1,63142,13.87,2014
Uttar Pradesh,Uttar Pradesh PC 65,Candidate 2 (BJP),BJP,BJP,NDA,126962,27.9,455130,55.5,False,2,0,0,2014
Uttar Pradesh,Uttar Pradesh PC 65,Candidate 3 (DMK),DMK,DMK,,88544,19.45,455130,77.2,False,3,0,0,2014
Uttar Pradesh,Uttar Pradesh PC 65,Candidate 4 (INC),INC,INC,UPA,49519,10.88,455130,60.5,False,4,0,0,2014
Uttar Pradesh,Uttar Pradesh PC 66,Candidate 1 (BJP),BJP,BJP,NDA,401617,59.37,676411,57.2,True,1,126824,18.75,2014
Uttar Pradesh,Uttar Pradesh PC 66,Candidate 2 (SP),SP,SP,,274793,40.63,676411,75.2,False,2,0,0,2014
Uttar Pradesh,Uttar Pradesh PC 67,Candidate 1 (BJP),BJP,BJP,NDA,204760,22.19,922927,62.1,True,1,11700,1.27,2014
Uttar Pradesh,Uttar Pradesh PC 67,Candidate 2 (DMK),DMK,DMK,,193060,20.92,922927,75.5,False,2,0,0,2014
Uttar Pradesh,Uttar Pradesh PC 67,Candidate 3 (BSP),BSP,BSP,,165043,17.88,922927,56.8,False,3,0,0,2014
Uttar Pradesh,Uttar Pradesh PC 67,Candidate 4 (AIADMK),AIADMK,AIADMK,,149910,16.24,922927,57.9,False,4,0,0,2014
Uttar Pradesh,Uttar Pradesh PC 67,Candidate 5 (BRS),BRS,BRS,,108354,11.74,922927,61.9,False,5,0,0,2014
Uttar Pradesh,Uttar Pradesh PC 67,Candidate 6 (SP),SP,SP,,101797,11.03,922927,73.2,False,6,0,0,2014
Uttar Pradesh,Uttar Pradesh PC 68,Candidate 1 (SP),SP,SP,,249801,22.06,1132612,72.6,True,1,4098,0.36,2014
Uttar Pradesh,Uttar Pradesh PC 68,Candidate 2 (BJP),BJP,BJP,NDA,245703,21.69,1132612,57.6,False,2,0,0,2014
Uttar Pradesh,Uttar Pradesh PC 68,Candidate 3 (TMC),TMC,TMC,,232698,20.55,1132612,68.9,False,3,0,0,2014
Uttar Pradesh,Uttar Pradesh PC 68,Candidate 4 (OTH),OTH,OTH,,213063,18.81,1132612,63.3,False,4,0,0,2014
Uttar Pradesh,Uttar Pradesh PC 68,Candidate 5 (JDU),JDU,JDU,,191344,16.89,1132612,66.4,False,5,0,0,2014
Uttar Pradesh,Uttar Pradesh PC 69,Candidate 1 (INC),INC,INC,UPA,317986,40.5,785133,60.3,True,1,135624,17.27,2014
Uttar Pradesh,Uttar Pradesh PC 69,Candidate 2 (TMC),TMC,TMC,,182362,23.23,785133,57.8,False,2,0,0,2014
Uttar Pradesh,Uttar Pradesh PC 69,Candidate 3 (BJP),BJP,BJP,NDA,172766,22.0,785133,62.1,False,3,0,0,2014
Uttar Pradesh,Uttar Pradesh PC 69,Candidate 4 (TDP),TDP,TDP,NDA,112017,14.27,785133,60.0,False,4,0,0,2014
Uttar Pradesh,Uttar Pradesh PC 70,Candidate 1 (OTH),OTH,OTH,,333161,28.64,1163225,64.7,True,1,41125,3.54,2014
Uttar Pradesh,Uttar Pradesh PC 70,Candidate 2 (JDU),JDU,JDU,,292036,25.11,1163225,60.6,False,2,0,0,2014
Uttar Pradesh,Uttar Pradesh PC 70,Candidate 3 (TMC),TMC,TMC,,245919,21.14,1163225,69.5,False,3,0,0,2014
Uttar Pradesh,Uttar Pradesh PC 70,Candidate 4 (BJP),BJP,BJP,NDA,228002,19.6,1163225,64.4,False,4,0,0,2014
Uttar Pradesh,Uttar Pradesh PC 70,Candidate 5 (BRS),BRS,BRS,,64103,5.51,1163225,64.7,False,5,0,0,2014
Uttar Pradesh,Uttar Pradesh PC 71,Candidate 1 (INC),INC,INC,UPA,166821,37.57,444074,56.8,True,1,11405,2.57,2014
Uttar Pradesh,Uttar Pradesh PC 71,Candidate 2 (TMC),TMC,TMC,,155416,35.0,444074,60.3,False,2,0,0,2014
Uttar Pradesh,Uttar Pradesh PC 71,Candidate 3 (BJP),BJP,BJP,NDA,121836,27.44,444074,72.5,False,3,0,0,2014
Uttar Pradesh,Uttar Pradesh PC 72,Candidate 1 (BSP),BSP,BSP,,324761,33.6,966574,74.0,True,1,67619,7.0,2014
Uttar Pradesh,Uttar Pradesh PC 72,Candidate 2 (BJP),BJP,BJP,NDA,257142,26.6,966574,71.8,False,2,0,0,2014
Uttar Pradesh,Uttar Pradesh PC 72,Candidate 3 (AIADMK),AIADMK,AIADMK,,249855,25.85,966574,64.6,False,3,0,0,2014
Uttar Pradesh,Uttar Pradesh PC 72,Candidate 4 (SP),SP,SP,,94074,9.73,966574,70.5,False,4,0,0,2014
Uttar Pradesh,Uttar Pradesh PC 72,Candidate 5 (OTH),OTH,OTH,,40739,4.21,966574,70.1,False,5,0,0,2014
Uttar Pradesh,Uttar Pradesh PC 73,Candidate 1 (BJP),BJP,BJP,NDA,349479,57.88,603780,76.1,True,1,149201,24.71,2014
Uttar Pradesh,Uttar Pradesh PC 73,Candidate 2 (OTH),OTH,OTH,,200278,33.17,603780,61.7,False,2,0,0,2014
Uttar Pradesh,Uttar Pradesh PC 73,Candidate 3 (INC),INC,INC,UPA,54022,8.95,603780,66.2,False,3,0,0,2014
Uttar Pradesh,Uttar Pradesh PC 74,Candidate 1 (OTH),OTH,OTH,,165676,27.28,607350,60.0,True,1,15632,2.57,2014
Uttar Pradesh,Uttar Pradesh PC 74,Candidate 2 (BJP),BJP,BJP,NDA,150044,24.7,607350,67.7,False,2,0,0,2014
Uttar Pradesh,Uttar Pradesh PC 74,Candidate 3 (JDU),JDU,JDU,,132307,21.78,607350,77.6,False,3,0,0,2014
Uttar Pradesh,Uttar Pradesh PC 74,Candidate 4 (BSP),BSP,BSP,,98207,16.17,607350,63.1,False,4,0,0,2014
Uttar Pradesh,Uttar Pradesh PC 74,Candidate 5 (INC),INC,INC,UPA,61114,10.06,607350,66.8,False,5,0,0,2014
Uttar Pradesh,Uttar Pradesh PC 75,Candidate 1 (SP),SP,SP,,374555,41.39,904999,60.0,True,1,12063,1.33,2014
Uttar Pradesh,Uttar Pradesh PC 75,Candidate 2 (BSP),BSP,BSP,,362492,40.05,904999,72.6,False,2,0,0,2014
Uttar Pradesh,Uttar Pradesh PC 75,Candidate 3 (BJP),BJP,BJP,NDA,167950,18.56,904999,60.2,False,3,0,0,2014
Uttar Pradesh,Uttar Pradesh PC 76,Candidate 1 (BJP),BJP,BJP,NDA,291467,36.79,792268,72.7,True,1,10590,1.34,2014
Uttar Pradesh,Uttar Pradesh PC 76,Candidate 2 (SP),SP,SP,,280877,35.45,792268,66.1,False,2,0,0,2014
Uttar Pradesh,Uttar Pradesh PC 76,Candidate 3 (AIADMK),AIADMK,AIADMK,,219923,27.76,792268,73.3,False,3,0,0,2014
Uttar Pradesh,Uttar Pradesh PC 77,Candidate 1 (INC),INC,INC,UPA,577300,52.63,1096949,61.4,True,1,317645,28.96,2014
Uttar Pradesh,Uttar Pradesh PC 77,Candidate 2 (SP),SP,SP,,259655,23.67,1096949,69.0,False,2,0,0,2014
Uttar Pradesh,Uttar Pradesh PC 77,Candidate 3 (OTH),OTH,OTH,,150623,13.73,1096949,76.6,False,3,0,0,2014
Uttar Pradesh,Uttar Pradesh PC 77,Candidate 4 (BJP),BJP,BJP,NDA,109369,9.97,1096949,72.1,False,4,0,0,2014
Uttar Pradesh,Uttar Pradesh PC 78,Candidate 1 (BJP),BJP,BJP,NDA,338784,42.09,804939,60.9,True,1,79105,9.83,2014
Uttar Pradesh,Uttar Pradesh PC 78,Candidate 2 (INC),INC,INC,UPA,259679,32.26,804939,57.5,False,2,0,0,2014
Uttar Pradesh,Uttar Pradesh PC 78,Candidate 3 (AIADMK),AIADMK,AIADMK,,206474,25.65,804939,72.9,False,3,0,0,2014
Uttar Pradesh,Uttar Pradesh PC 79,Candidate 1 (BJP),BJP,BJP,NDA,464065,52.1,890771,58.4,True,1,138463,15.54,2014
Uttar Pradesh,Uttar Pradesh PC 79,Candidate 2 (INC),INC,INC,UPA,325602,36.55,890771,57.7,False,2,0,0,2014
Uttar Pradesh,Uttar Pradesh PC 79,Candidate 3 (BRS),BRS,BRS,,101102,11.35,890771,56.2,False,3,0,0,2014
Uttar Pradesh,Uttar Pradesh PC 80,Candidate 1 (BJP),BJP,BJP,NDA,458906,63.4,723822,56.5,True,1,291224,40.23,2014
Uttar Pradesh,Uttar Pradesh PC 80,Candidate 2 (BSP),BSP,BSP,,167682,23.17,723822,69.4,False,2,0,0,2014
Uttar Pradesh,Uttar Pradesh PC 80,Candidate 3 (BRS),BRS,BRS,,97233,13.43,723822,56.9,False,3,0,0,2014
Maharashtra,Maharashtra PC 1,Candidate 1 (TMC),TMC,TMC,,328154,39.18,837516,57.6,True,1,11516,1.38,2014
Maharashtra,Maharashtra PC 1,Candidate 2 (BJP),BJP,BJP,NDA,316638,37.81,837516,61.4,False,2,0,0,2014
Maharashtra,Maharashtra PC 1,Candidate 3 (SP),SP,SP,,192722,23.01,837516,69.9,False,3,0,0,2014
Maharashtra,Maharashtra PC 2,Candidate 1 (BJP),BJP,BJP,NDA,388578,46.42,837110,62.4,True,1,11199,1.34,2014
Maharashtra,Maharashtra PC 2,Candidate 2 (OTH),OTH,OTH,,377379,45.08,837110,70.5,False,2,0,0,2014
Maharashtra,Maharashtra PC 2,Candidate 3 (INC),INC,INC,UPA,71151,8.5,837110,58.9,False,3,0,0,2014
Maharashtra,Maharashtra PC 3,Candidate 1 (DMK),DMK,DMK,,537102,58.54,917541,56.6,True,1,156664,17.07,2014
Maharashtra,Maharashtra PC 3,Candidate 2 (BJP),BJP,BJP,NDA,380438,41.46,917541,75.2,False,2,0,0,2014
Maharashtra,Maharashtra PC 4,Candidate 1 (BJP),BJP,BJP,NDA,244604,33.21,736480,69.4,True,1,8963,1.22,2014
Maharashtra,Maharashtra PC 4,Candidate 2 (BRS),BRS,BRS,,235641,32.0,736480,62.5,False,2,0,0,2014
Maharashtra,Maharashtra PC 4,Candidate 3 (DMK),DMK,DMK,,200918,27.28,736480,74.1,False,3,0,0,2014
Maharashtra,Maharashtra PC 4,Candidate 4 (OTH),OTH,OTH,,55315,7.51,736480,73.9,False,4,0,0,2014
Maharashtra,Maharashtra PC 5,Candidate 1 (INC),INC,INC,UPA,213185,26.64,800304,59.8,True,1,49058,6.13,2014
Maharashtra,Maharashtra PC 5,Candidate 2 (DMK),DMK,DMK,,164127,20.51,800304,76.1,False,2,0,0,2014
Maharashtra,Maharashtra PC 5,Candidate 3 (AIADMK),AIADMK,AIADMK,,146985,18.37,800304,59.3,False,3,0,0,2014
Maharashtra,Maharashtra PC 5,Candidate 4 (TDP),TDP,TDP,NDA,110362,13.79,800304,69.7,False,4,0,0,2014
Maharashtra,Maharashtra PC 5,Candidate 5 (BJP),BJP,BJP,NDA,88826,11.1,800304,61.2,False,5,0,0,2014
Maharashtra,Maharashtra PC 5,Candidate 6 (OTH),OTH,OTH,,76817,9.6,800304,65.3,False,6,0,0,2014
Maharashtra,Maharashtra PC 6,Candidate 1 (TMC),TMC,TMC,,217569,27.32,796309,75.4,True,1,62195,7.81,2014
Maharashtra,Maharashtra PC 6,Candidate 2 (OTH),OTH,OTH,,155374,19.51,796309,63.6,False,2,0,0,2014
Maharashtra,Maharashtra PC 6,Candidate 3 (IND),IND,IND,,130539,16.39,796309,57.3,False,3,0,0,2014
Maharashtra,Maharashtra PC 6,Candidate 4 (BRS),BRS,BRS,,128014,16.08,796309,72.6,False,4,0,0,2014
Maharashtra,Maharashtra PC 6,Candidate 5 (BSP),BSP,BSP,,89410,11.23,796309,61.9,False,5,0,0,2014
Maharashtra,Maharashtra PC 6,Candidate 6 (BJP),BJP,BJP,NDA,75400,9.47,796309,65.3,False,6,0,0,2014
Maharashtra,Maharashtra PC 7,Candidate 1 (TMC),TMC,TMC,,433238,44.28,978447,75.5,True,1,50883,5.2,2014
Maharashtra,Maharashtra PC 7,Candidate 2 (BJP),BJP,BJP,NDA,382355,39.08,978447,57.6,False,2,0,0,2014
Maharashtra,Maharashtra PC 7,Candidate 3 (OTH),OTH,OTH,,162853,16.64,978447,70.3,False,3,0,0,2014
Maharashtra,Maharashtra PC 8,Candidate 1 (INC),INC,INC,UPA,391950,36.77,1066006,70.7,True,1,76603,7.19,2014
Maharashtra,Maharashtra PC 8,Candidate 2 (BJP),BJP,BJP,NDA,315347,29.58,1066006,58.9,False,2,0,0,2014
Maharashtra,Maharashtra PC 8,Candidate 3 (DMK),DMK,DMK,,227574,21.35,1066006,58.6,False,3,0,0,2014
Maharashtra,Maharashtra PC 8,Candidate 4 (IND),IND,IND,,131133,12.3,1066006,61.6,False,4,0,0,2014
Maharashtra,Maharashtra PC 9,Candidate 1 (INC),INC,INC,UPA,293285,30.97,947045,66.5,True,1,44983,4.75,2014
Maharashtra,Maharashtra PC 9,Candidate 2 (BJP),BJP,BJP,NDA,248302,26.22,947045,72.5,False,2,0,0,2014
Maharashtra,Maharashtra PC 9,Candidate 3 (OTH),OTH,OTH,,222784,23.52,947045,57.7,False,3,0,0,2014
Maharashtra,Maharashtra PC 9,Candidate 4 (TMC),TMC,TMC,,182673,19.29,947045,72.5,False,4,0,0,2014
Maharashtra,Maharashtra PC 10,Candidate 1 (INC),INC,INC,UPA,377119,50.5,746741,61.1,True,1,225371,30.18,2014
Maharashtra,Maharashtra PC 10,Candidate 2 (BJP),BJP,BJP,NDA,151748,20.32,746741,59.5,False,2,0,0,2014
Maharashtra,Maharashtra PC 10,Candidate 3 (JDU),JDU,JDU,,118173,15.83,746741,77.5,False,3,0,0,2014
Maharashtra,Maharashtra PC 10,Candidate 4 (SP),SP,SP,,99699,13.35,746741,55.7,False,4,0,0,2014
Maharashtra,Maharashtra PC 11,Candidate 1 (DMK),DMK,DMK,,269406,31.63,851773,66.7,True,1,43879,5.15,2014
Maharashtra,Maharashtra PC 11,Candidate 2 (SP),SP,SP,,225527,26.48,851773,69.7,False,2,0,0,2014
Maharashtra,Maharashtra PC 11,Candidate 3 (BRS),BRS,BRS,,141248,16.58,851773,68.2,False,3,0,0,2014
Maharashtra,Maharashtra PC 11,Candidate 4 (AIADMK),AIADMK,AIADMK,,139764,16.41,851773,76.6,False,4,0,0,2014
Maharashtra,Maharashtra PC 11,Candidate 5 (BJP),BJP,BJP,NDA,75826,8.9,851773,62.6,False,5,0,0,2014
Maharashtra,Maharashtra PC 12,Candidate 1 (INC),INC,INC,UPA,407355,39.51,1030910,65.7,True,1,63976,6.21,2014
Maharashtra,Maharashtra PC 12,Candidate 2 (BJP),BJP,BJP,NDA,343379,33.31,1030910,66.4,False,2,0,0,2014
Maharashtra,Maharashtra PC 12,Candidate 3 (TDP),TDP,TDP,NDA,280175,27.18,1030910,55.5,False,3,0,0,2014
Maharashtra,Maharashtra PC 13,Candidate 1 (TMC),TMC,TMC,,267489,30.88,866266,75.6,True,1,31342,3.62,2014
Maharashtra,Maharashtra PC 13,Candidate 2 (BJP),BJP,BJP,NDA,236147,27.26,866266,59.5,False,2,0,0,2014
Maharashtra,Maharashtra PC 13,Candidate 3 (INC),INC,INC,UPA,181328,20.93,866266,74.0,False,3,0,0,2014
Maharashtra,Maharashtra PC 13,Candidate 4 (JDU),JDU,JDU,,181301,20.93,866266,71.3,False,4,0,0,2014
Maharashtra,Maharashtra PC 14,Candidate 1 (DMK),DMK,DMK,,269645,31.26,862638,65.6,True,1,16970,1.97,2014
Maharashtra,Maharashtra PC 14,Candidate 2 (OTH),OTH,OTH,,252675,29.29,862638,74.8,False,2,0,0,2014
Maharashtra,Maharashtra PC 14,Candidate 3 (BRS),BRS,BRS,,200916,23.29,862638,57.8,False,3,0,0,2014
Maharashtra,Maharashtra PC 14,Candidate 4 (BJP),BJP,BJP,NDA,139400,16.16,862638,59.4,False,4,0,0,2014
Maharashtra,Maharashtra PC 15,Candidate 1 (INC),INC,INC,UPA,562667,48.33,1164169,74.1,True,1,270956,23.27,2014
Maharashtra,Maharashtra PC 15,Candidate 2 (OTH),OTH,OTH,,291711,25.06,1164169,66.0,False,2,0,0,2014
Maharashtra,Maharashtra PC 15,Candidate 3 (SP),SP,SP,,215920,18.55,1164169,55.5,False,3,0,0,2014
Maharashtra,Maharashtra PC 15,Candidate 4 (BJP),BJP,BJP,NDA,93870,8.06,1164169,64.4,False,4,0,0,2014
Maharashtra,Maharashtra PC 16,Candidate 1 (BJP),BJP,BJP,NDA,312447,28.17,1109199,56.6,True,1,31002,2.79,2014
Maharashtra,Maharashtra PC 16,Candidate 2 (OTH),OTH,OTH,,281445,25.37,1109199,60.9,False,2,0,0,2014
Maharashtra,Maharashtra PC 16,Candidate 3 (TMC),TMC,TMC,,260887,23.52,1109199,63.9,False,3,0,0,2014
Maharashtra,Maharashtra PC 16,Candidate 4 (INC),INC,INC,UPA,194485,17.53,1109199,70.9,False,4,0,0,2014
Maharashtra,Maharashtra PC 16,Candidate 5 (TDP),TDP,TDP,NDA,59932,5.4,1109199,72.1,False,5,0,0,2014
Maharashtra,Maharashtra PC 17,Candidate 1 (SP),SP,SP,,488439,43.79,1115453,77.6,True,1,35437,3.18,2014
Maharashtra,Maharashtra PC 17,Candidate 2 (BJP),BJP,BJP,NDA,453002,40.61,1115453,55.1,False,2,0,0,2014
Maharashtra,Maharashtra PC 17,Candidate 3 (TMC),TMC,TMC,,174011,15.6,1115453,76.3,False,3,0,0,2014
Maharashtra,Maharashtra PC 18,Candidate 1 (JDU),JDU,JDU,,329245,45.57,722427,69.9,True,1,69956,9.68,2014
Maharashtra,Maharashtra PC 18,Candidate 2 (SP),SP,SP,,259289,35.89,722427,66.6,False,2,0,0,2014
Maharashtra,Maharashtra PC 18,Candidate 3 (BJP),BJP,BJP,NDA,69099,9.56,722427,65.0,False,3,0,0,2014
Maharashtra,Maharashtra PC 18,Candidate 4 (OTH),OTH,OTH,,64792,8.97,722427,65.6,False,4,0,0,2014
Maharashtra,Maharashtra PC 19,Candidate 1 (SP),SP,SP,,207156,40.64,509733,61.2,True,1,6137,1.2,2014
Maharashtra,Maharashtra PC 19,Candidate 2 (BJP),BJP,BJP,NDA,201019,39.44,509733,74.8,False,2,0,0,2014
Maharashtra,Maharashtra PC 19,Candidate 3 (OTH),OTH,OTH,,74100,14.54,509733,70.1,False,3,0,0,2014
Maharashtra,Maharashtra PC 19,Candidate 4 (INC),INC,INC,UPA,27457,5.39,509733,55.1,False,4,0,0,2014
Maharashtra,Maharashtra PC 20,Candidate 1 (AIADMK),AIADMK,AIADMK,,169185,36.69,461172,69.5,True,1,14902,3.23,2014
Maharashtra,Maharashtra PC 20,Candidate 2 (BJP),BJP,BJP,NDA,154283,33.45,461172,64.5,False,2,0,0,2014
Maharashtra,Maharashtra PC 20,Candidate 3 (SP),SP,SP,,137703,29.86,461172,57.4,False,3,0,0,2014
Maharashtra,Maharashtra PC 21,Candidate 1 (BJP),BJP,BJP,NDA,370299,38.75,955538,75.9,True,1,10294,1.08,2014
Maharashtra,Maharashtra PC 21,Candidate 2 (SP),SP,SP,,360005,37.68,955538,63.0,False,2,0,0,2014
Maharashtra,Maharashtra PC 21,Candidate 3 (BSP),BSP,BSP,,163628,17.12,955538,60.2,False,3,0,0,2014
Maharashtra,Maharashtra PC 21,Candidate 4 (DMK),DMK,DMK,,61605,6.45,955538,63.4,False,4,0,0,2014
Maharashtra,Maharashtra PC 22,Candidate 1 (BJP),BJP,BJP,NDA,608592,59.82,1017316,77.4,True,1,199869,19.65,2014
Maharashtra,Maharashtra PC 22,Candidate 2 (TDP),TDP,TDP,NDA,408723,40.18,1017316,70.3,False,2,0,0,2014
Maharashtra,Maharashtra PC 23,Candidate 1 (BSP),BSP,BSP,,210057,28.83,728646,57.0,True,1,14220,1.95,2014
Maharashtra,Maharashtra PC 23,Candidate 2 (TMC),TMC,TMC,,195837,26.88,728646,66.0,False,2,0,0,2014
Maharashtra,Maharashtra PC 23,Candidate 3 (BJP),BJP,BJP,NDA,165697,22.74,728646,72.2,False,3,0,0,2014
Maharashtra,Maharashtra PC 23,Candidate 4 (INC),INC,INC,UPA,157053,21.55,728646,73.0,False,4,0,0,2014
Maharashtra,Maharashtra PC 24,Candidate 1 (SP),SP,SP,,254778,33.83,753071,66.2,True,1,9229,1.23,2014
Maharashtra,Maharashtra PC 24,Candidate 2 (INC),INC,INC,UPA,245549,32.61,753071,70.7,False,2,0,0,2014
Maharashtra,Maharashtra PC 24,Candidate 3 (BJP),BJP,BJP,NDA,195644,25.98,753071,62.9,False,3,0,0,2014
Maharashtra,Maharashtra PC 24,Candidate 4 (IND),IND,IND,,57099,7.58,753071,56.4,False,4,0,0,2014
Maharashtra,Maharashtra PC 25,Candidate 1 (BJP),BJP,BJP,NDA,121347,29.67,409009,55.3,True,1,16989,4.15,2014
Maharashtra,Maharashtra PC 25,Candidate 2 (TMC),TMC,TMC,,104358,25.52,409009,61.2,False,2,0,0,2014
Maharashtra,Maharashtra PC 25,Candidate 3 (AIADMK),AIADMK,AIADMK,,97478,23.83,409009,59.2,False,3,0,0,2014
Maharashtra,Maharashtra PC 25,Candidate 4 (JDU),JDU,JDU,,85824,20.98,409009,63.8,False,4,0,0,2014
Maharashtra,Maharashtra PC 26,Candidate 1 (BRS),BRS,BRS,,251650,28.34,887870,71.2,True,1,17715,2.0,2014
Maharashtra,Maharashtra PC 26,Candidate 2 (BJP),BJP,BJP,NDA,233935,26.35,887870,77.2,False,2,0,0,2014
Maharashtra,Maharashtra PC 26,Candidate 3 (JDU),JDU,JDU,,214481,24.16,887870,58.5,False,3,0,0,2014
Maharashtra,Maharashtra PC 26,Candidate 4 (INC),INC,INC,UPA,187801,21.15,887870,65.7,False,4,0,0,2014
Maharashtra,Maharashtra PC 27,Candidate 1 (INC),INC,INC,UPA,273770,47.23,579654,63.2,True,1,138461,23.89,2014
Maharashtra,Maharashtra PC 27,Candidate 2 (BJP),BJP,BJP,NDA,135309,23.34,579654,62.7,False,2,0,0,2014
Maharashtra,Maharashtra PC 27,Candidate 3 (TMC),TMC,TMC,,120497,20.79,579654,68.9,False,3,0,0,2014
Maharashtra,Maharashtra PC 27,Candidate 4 (OTH),OTH,OTH,,50077,8.64,579654,63.5,False,4,0,0,2014
Maharashtra,Maharashtra PC 28,Candidate 1 (BJP),BJP,BJP,NDA,189484,35.14,539302,59.9,True,1,36314,6.73,2014
Maharashtra,Maharashtra PC 28,Candidate 2 (DMK),DMK,DMK,,153170,28.4,539302,60.6,False,2,0,0,2014
Maharashtra,Maharashtra PC 28,Candidate 3 (OTH),OTH,OTH,,121563,22.54,539302,68.7,False,3,0,0,2014
Maharashtra,Maharashtra PC 28,Candidate 4 (INC),INC,INC,UPA,75083,13.92,539302,70.3,False,4,0,0,2014
Maharashtra,Maharashtra PC 29,Candidate 1 (BJP),BJP,BJP,NDA,353507,45.49,777187,69.1,True,1,135976,17.5,2014
Maharashtra,Maharashtra PC 29,Candidate 2 (SP),SP,SP,,217531,27.99,777187,68.3,False,2,0,0,2014
Maharashtra,Maharashtra PC 29,Candidate 3 (DMK),DMK,DMK,,206147,26.52,777187,62.6,False,3,0,0,2014
Maharashtra,Maharashtra PC 30,Candidate 1 (BJP),BJP,BJP,NDA,484221,45.38,1067094,62.5,True,1,108166,10.14,2014
Maharashtra,Maharashtra PC 30,Candidate 2 (INC),INC,INC,UPA,376055,35.24,1067094,73.6,False,2,0,0,2014
Maharashtra,Maharashtra PC 30,Candidate 3 (DMK),DMK,DMK,,206816,19.38,1067094,59.2,False,3,0,0,2014
Maharashtra,Maharashtra PC 31,Candidate 1 (TMC),TMC,TMC,,435584,37.04,1175938,66.1,True,1,14502,1.23,2014
Maharashtra,Maharashtra PC 31,Candidate 2 (OTH),OTH,OTH,,421082,35.81,1175938,57.3,False,2,0,0,2014
Maharashtra,Maharashtra PC 31,Candidate 3 (BJP),BJP,BJP,NDA,319270,27.15,1175938,76.1,False,3,0,0,2014
Maharashtra,Maharashtra PC 32,Candidate 1 (BJP),BJP,BJP,NDA,154893,30.5,507788,77.6,True,1,405,0.08,2014
Maharashtra,Maharashtra PC 32,Candidate 2 (TMC),TMC,TMC,,154488,30.42,507788,73.9,False,2,0,0,2014
Maharashtra,Maharashtra PC 32,Candidate 3 (BRS),BRS,BRS,,141826,27.93,507788,70.3,False,3,0,0,2014
Maharashtra,Maharashtra PC 32,Candidate 4 (OTH),OTH,OTH,,56579,11.14,507788,55.0,False,4,0,0,2014
Maharashtra,Maharashtra PC 33,Candidate 1 (INC),INC,INC,UPA,397679,33.47,1188259,63.9,True,1,38177,3.21,2014
Maharashtra,Maharashtra PC 33,Candidate 2 (BJP),BJP,BJP,NDA,359502,30.25,1188259,71.5,False,2,0,0,2014
Maharashtra,Maharashtra PC 33,Candidate 3 (SP),SP,SP,,296096,24.92,1188259,74.7,False,3,0,0,2014
Maharashtra,Maharashtra PC 33,Candidate 4 (DMK),DMK,DMK,,72870,6.13,1188259,59.4,False,4,0,0,2014
Maharashtra,Maharashtra PC 33,Candidate 5 (BRS),BRS,BRS,,62110,5.23,1188259,72.8,False,5,0,0,2014
Maharashtra,Maharashtra PC 34,Candidate 1 (DMK),DMK,DMK,,185637,24.01,773237,67.0,True,1,23713,3.07,2014
Maharashtra,Maharashtra PC 34,Candidate 2 (AIADMK),AIADMK,AIADMK,,161924,20.94,773237,60.8,False,2,0,0,2014
Maharashtra,Maharashtra PC 34,Candidate 3 (INC),INC,INC,UPA,152431,19.71,773237,59.8,False,3,0,0,2014
Maharashtra,Maharashtra PC 34,Candidate 4 (TDP),TDP,TDP,NDA,119092,15.4,773237,55.9,False,4,0,0,2014
Maharashtra,Maharashtra PC 34,Candidate 5 (BJP),BJP,BJP,NDA,96455,12.47,773237,69.0,False,5,0,0,2014
Maharashtra,Maharashtra PC 34,Candidate 6 (SP),SP,SP,,57695,7.46,773237,64.5,False,6,0,0,2014
Maharashtra,Maharashtra PC 35,Candidate 1 (TMC),TMC,TMC,,224169,28.04,799563,67.2,True,1,43471,5.44,2014
Maharashtra,Maharashtra PC 35,Candidate 2 (INC),INC,INC,UPA,180698,22.6,799563,65.4,False,2,0,0,2014
Maharashtra,Maharashtra PC 35,Candidate 3 (IND),IND,IND,,178352,22.31,799563,67.7,False,3,0,0,2014
Maharashtra,Maharashtra PC 35,Candidate 4 (OTH),OTH,OTH,,119050,14.89,799563,58.0,False,4,0,0,2014
Maharashtra,Maharashtra PC 35,Candidate 5 (BJP),BJP,BJP,NDA,97290,12.17,799563,74.7,False,5,0,0,2014
Maharashtra,Maharashtra PC 36,Candidate 1 (BJP),BJP,BJP,NDA,327497,30.95,1058179,66.2,True,1,14841,1.4,2014
Maharashtra,Maharashtra PC 36,Candidate 2 (BRS),BRS,BRS,,312656,29.55,1058179,62.7,False,2,0,0,2014
Maharashtra,Maharashtra PC 36,Candidate 3 (AIADMK),AIADMK,AIADMK,,255345,24.13,1058179,68.7,False,3,0,0,2014
Maharashtra,Maharashtra PC 36,Candidate 4 (OTH),OTH,OTH,,108010,10.21,1058179,71.8,False,4,0,0,2014
Maharashtra,Maharashtra PC 36,Candidate 5 (IND),IND,IND,,54669,5.17,1058179,63.8,False,5,0,0,2014
Maharashtra,Maharashtra PC 37,Candidate 1 (TMC),TMC,TMC,,327822,53.39,614042,73.9,True,1,203392,33.12,2014
Maharashtra,Maharashtra PC 37,Candidate 2 (BJP),BJP,BJP,NDA,124430,20.26,614042,62.6,False,2,0,0,2014
Maharashtra,Maharashtra PC 37,Candidate 3 (INC),INC,INC,UPA,101065,16.46,614042,65.3,False,3,0,0,2014
Maharashtra,Maharashtra PC 37,Candidate 4 (SP),SP,SP,,60723,9.89,614042,68.9,False,4,0,0,2014
Maharashtra,Maharashtra PC 38,Candidate 1 (BJP),BJP,BJP,NDA,557782,49.83,1119436,76.4,True,1,150937,13.48,2014
Maharashtra,Maharashtra PC 38,Candidate 2 (BRS),BRS,BRS,,406845,36.34,1119436,58.9,False,2,0,0,2014
Maharashtra,Maharashtra PC 38,Candidate 3 (SP),SP,SP,,154807,13.83,1119436,65.8,False,3,0,0,2014
Maharashtra,Maharashtra PC 39,Candidate 1 (BSP),BSP,BSP,,225128,26.59,846678,77.8,True,1,5331,0.63,2014
Maharashtra,Maharashtra PC 39,Candidate 2 (BJP),BJP,BJP,NDA,219797,25.96,846678,58.4,False,2,0,0,2014
Maharashtra,Maharashtra PC 39,Candidate 3 (JDU),JDU,JDU,,208013,24.57,846678,69.4,False,3,0,0,2014
Maharashtra,Maharashtra PC 39,Candidate 4 (INC),INC,INC,UPA,193738,22.88,846678,57.7,False,4,0,0,2014
Maharashtra,Maharashtra PC 40,Candidate 1 (TMC),TMC,TMC,,218819,32.07,682306,57.9,True,1,26089,3.82,2014
Maharashtra,Maharashtra PC 40,Candidate 2 (OTH),OTH,OTH,,192730,28.25,682306,63.7,False,2,0,0,2014
Maharashtra,Maharashtra PC 40,Candidate 3 (BJP),BJP,BJP,NDA,183629,26.91,682306,61.4,False,3,0,0,2014
Maharashtra,Maharashtra PC 40,Candidate 4 (INC),INC,INC,UPA,87126,12.77,682306,65.5,False,4,0,0,2014
Maharashtra,Maharashtra PC 41,Candidate 1 (OTH),OTH,OTH,,199452,26.28,759046,67.0,True,1,10193,1.34,2014
Maharashtra,Maharashtra PC 41,Candidate 2 (SP),SP,SP,,189259,24.93,759046,60.3,False,2,0,0,2014
Maharashtra,Maharashtra PC 41,Candidate 3 (DMK),DMK,DMK,,173805,22.9,759046,64.2,False,3,0,0,2014
Maharashtra,Maharashtra PC 41,Candidate 4 (BJP),BJP,BJP,NDA,110119,14.51,759046,73.8,False,4,0,0,2014
Maharashtra,Maharashtra PC 41,Candidate 5 (AIADMK),AIADMK,AIADMK,,46916,6.18,759046,60.7,False,5,0,0,2014
Maharashtra,Maharashtra PC 41,Candidate 6 (TMC),TMC,TMC,,39491,5.2,759046,77.2,False,6,0,0,2014
Maharashtra,Maharashtra PC 42,Candidate 1 (INC),INC,INC,UPA,130582,27.01,483449,74.8,True,1,9117,1.89,2014
Maharashtra,Maharashtra PC 42,Candidate 2 (DMK),DMK,DMK,,121465,25.12,483449,57.7,False,2,0,0,2014
Maharashtra,Maharashtra PC 42,Candidate 3 (BSP),BSP,BSP,,120401,24.9,483449,57.2,False,3,0,0,2014
Maharashtra,Maharashtra PC 42,Candidate 4 (BJP),BJP,BJP,NDA,110999,22.96,483449,73.5,False,4,0,0,2014
Maharashtra,Maharashtra PC 43,Candidate 1 (DMK),DMK,DMK,,247642,31.87,777038,74.1,True,1,15050,1.94,2014
Maharashtra,Maharashtra PC 43,Candidate 2 (OTH),OTH,OTH,,232592,29.93,777038,75.2,False,2,0,0,2014
Maharashtra,Maharashtra PC 43,Candidate 3 (BSP),BSP,BSP,,215507,27.73,777038,59.7,False,3,0,0,2014
Maharashtra,Maharashtra PC 43,Candidate 4 (BJP),BJP,BJP,NDA,81294,10.46,777038,70.4,False,4,0,0,2014
Maharashtra,Maharashtra PC 44,Candidate 1 (INC),INC,INC,UPA,479752,43.74,1096837,72.0,True,1,140798,12.84,2014
Maharashtra,Maharashtra PC 44,Candidate 2 (TMC),TMC,TMC,,338954,30.9,1096837,74.7,False,2,0,0,2014
Maharashtra,Maharashtra PC 44,Candidate 3 (BJP),BJP,BJP,NDA,174376,15.9,1096837,63.5,False,3,0,0,2014
Maharashtra,Maharashtra PC 44,Candidate 4 (OTH),OTH,OTH,,103754,9.46,1096837,78.0,False,4,0,0,2014
Maharashtra,Maharashtra PC 45,Candidate 1 (BJP),BJP,BJP,NDA,411872,36.34,1133424,70.3,True,1,47362,4.18,2014
Maharashtra,Maharashtra PC 45,Candidate 2 (OTH),OTH,OTH,,364510,32.16,1133424,60.1,False,2,0,0,2014
Maharashtra,Maharashtra PC 45,Candidate 3 (BRS),BRS,BRS,,357041,31.5,1133424,66.1,False,3,0,0,2014
Maharashtra,Maharashtra PC 46,Candidate 1 (OTH),OTH,OTH,,147585,29.51,500201,65.6,True,1,20658,4.13,2014
Maharashtra,Maharashtra PC 46,Candidate 2 (TMC),TMC,TMC,,126927,25.38,500201,60.3,False,2,0,0,2014
Maharashtra,Maharashtra PC 46,Candidate 3 (BRS),BRS,BRS,,118785,23.75,500201,63.6,False,3,0,0,2014
Maharashtra,Maharashtra PC 46,Candidate 4 (IND),IND,IND,,81332,16.26,500201,77.0,False,4,0,0,2014
Maharashtra,Maharashtra PC 46,Candidate 5 (INC),INC,INC,UPA,25570,5.11,500201,72.1,False,5,0,0,2014
Maharashtra,Maharashtra PC 47,Candidate 1 (SP),SP,SP,,105585,25.25,418090,58.8,True,1,1384,0.33,2014
Maharashtra,Maharashtra PC 47,Candidate 2 (OTH),OTH,OTH,,104201,24.92,418090,55.3,False,2,0,0,2014
Maharashtra,Maharashtra PC 47,Candidate 3 (INC),INC,INC,UPA,101412,24.26,418090,56.8,False,3,0,0,2014
Maharashtra,Maharashtra PC 47,Candidate 4 (AIADMK),AIADMK,AIADMK,,64745,15.49,418090,56.6,False,4,0,0,2014
Maharashtra,Maharashtra PC 47,Candidate 5 (BJP),BJP,BJP,NDA,42145,10.08,418090,67.4,False,5,0,0,2014
Maharashtra,Maharashtra PC 48,Candidate 1 (TDP),TDP,TDP,NDA,200592,26.33,761978,63.4,True,1,5428,0.71,2014
Maharashtra,Maharashtra PC 48,Candidate 2 (AIADMK),AIADMK,AIADMK,,195164,25.61,761978,69.8,False,2,0,0,2014
Maharashtra,Maharashtra PC 48,Candidate 3 (IND),IND,IND,,137155,18.0,761978,72.3,False,3,0,0,2014
Maharashtra,Maharashtra PC 48,Candidate 4 (BJP),BJP,BJP,NDA,120063,15.76,761978,61.0,False,4,0,0,2014
Maharashtra,Maharashtra PC 48,Candidate 5 (BRS),BRS,BRS,,109001,14.31,761978,72.5,False,5,0,0,2014
West Bengal,West Bengal PC 1,Candidate 1 (IND),IND,IND,,254101,23.71,1071605,62.6,True,1,14993,1.4,2014
West Bengal,West Bengal PC 1,Candidate 2 (TMC),TMC,TMC,,239108,22.31,1071605,66.8,False,2,0,0,2014
West Bengal,West Bengal PC 1,Candidate 3 (TDP),TDP,TDP,NDA,232301,21.68,1071605,63.7,False,3,0,0,2014
West Bengal,West Bengal PC 1,Candidate 4 (BJP),BJP,BJP,NDA,195749,18.27,1071605,73.3,False,4,0,0,2014
West Bengal,West Bengal PC 1,Candidate 5 (INC),INC,INC,UPA,150343,14.03,1071605,57.1,False,5,0,0,2014
West Bengal,West Bengal PC 2,Candidate 1 (SP),SP,SP,,219838,44.95,489079,58.5,True,1,72008,14.72,2014
West Bengal,West Bengal PC 2,Candidate 2 (OTH),OTH,OTH,,147830,30.23,489079,63.1,False,2,0,0,2014
West Bengal,West Bengal PC 2,Candidate 3 (TMC),TMC,TMC,,90712,18.55,489079,75.7,False,3,0,0,2014
West Bengal,West Bengal PC 2,Candidate 4 (BRS),BRS,BRS,,30696,6.28,489079,60.3,False,4,0,0,2014
West Bengal,West Bengal PC 3,Candidate 1 (OTH),OTH,OTH,,203992,47.68,427799,76.3,True,1,37350,8.73,2014
West Bengal,West Bengal PC 3,Candidate 2 (BJP),BJP,BJP,NDA,166642,38.95,427799,66.4,False,2,0,0,2014
West Bengal,West Bengal PC 3,Candidate 3 (DMK),DMK,DMK,,57163,13.36,427799,56.6,False,3,0,0,2014
West Bengal,West Bengal PC 4,Candidate 1 (BJP),BJP,BJP,NDA,661182,58.72,1125932,62.6,True,1,196433,17.45,2014
West Bengal,West Bengal PC 4,Candidate 2 (AIADMK),AIADMK,AIADMK,,464749,41.28,1125932,71.3,False,2,0,0,2014
West Bengal,West Bengal PC 5,Candidate 1 (JDU),JDU,JDU,,223106,25.29,882102,77.5,True,1,16768,1.9,2014
West Bengal,West Bengal PC 5,Candidate 2 (AIADMK),AIADMK,AIADMK,,206338,23.39,882102,59.0,False,2,0,0,2014
West Bengal,West Bengal PC 5,Candidate 3 (OTH),OTH,OTH,,168565,19.11,882102,58.5,False,3,0,0,2014
West Bengal,West Bengal PC 5,Candidate 4 (INC),INC,INC,UPA,146891,16.65,882102,69.1,False,4,0,0,2014
West Bengal,West Bengal PC 5,Candidate 5 (SP),SP,SP,,137200,15.55,882102,60.8,False,5,0,0,2014
West Bengal,West Bengal PC 6,Candidate 1 (BJP),BJP,BJP,NDA,304665,33.03,922516,61.7,True,1,60347,6.54,2014
West Bengal,West Bengal PC 6,Candidate 2 (INC),INC,INC,UPA,244318,26.48,922516,70.0,False,2,0,0,2014
West Bengal,West Bengal PC 6,Candidate 3 (DMK),DMK,DMK,,224602,24.35,922516,76.9,False,3,0,0,2014
West Bengal,West Bengal PC 6,Candidate 4 (AIADMK),AIADMK,AIADMK,,148929,16.14,922516,74.7,False,4,0,0,2014
West Bengal,West Bengal PC 7,Candidate 1 (BJP),BJP,BJP,NDA,257876,35.21,732479,57.0,True,1,1305,0.18,2014
West Bengal,West Bengal PC 7,Candidate 2 (INC),INC,INC,UPA,256571,35.03,732479,70.3,False,2,0,0,2014
West Bengal,West Bengal PC 7,Candidate 3 (OTH),OTH,OTH,,218031,29.77,732479,77.9,False,3,0,0,2014
West Bengal,West Bengal PC 8,Candidate 1 (AIADMK),AIADMK,AIADMK,,215185,40.77,527829,67.1,True,1,59883,11.35,2014
West Bengal,West Bengal PC 8,Candidate 2 (TMC),TMC,TMC,,155302,29.42,527829,61.9,False,2,0,0,2014
West Bengal,West Bengal PC 8,Candidate 3 (BJP),BJP,BJP,NDA,94224,17.85,527829,56.8,False,3,0,0,2014
West Bengal,West Bengal PC 8,Candidate 4 (OTH),OTH,OTH,,63117,11.96,527829,65.8,False,4,0,0,2014
West Bengal,West Bengal PC 9,Candidate 1 (INC),INC,INC,UPA,156094,37.75,413459,56.1,True,1,25679,6.21,2014
West Bengal,West Bengal PC 9,Candidate 2 (TMC),TMC,TMC,,130415,31.54,413459,72.2,False,2,0,0,2014
West Bengal,West Bengal PC 9,Candidate 3 (BJP),BJP,BJP,NDA,126948,30.7,413459,71.1,False,3,0,0,2014
West Bengal,West Bengal PC 10,Candidate 1 (INC),INC,INC,UPA,339152,46.87,723549,58.7,True,1,116994,16.17,2014
West Bengal,West Bengal PC 10,Candidate 2 (BJP),BJP,BJP,NDA,222158,30.7,723549,58.8,False,2,0,0,2014
West Bengal,West Bengal PC 10,Candidate 3 (TDP),TDP,TDP,NDA,162238,22.42,723549,60.9,False,3,0,0,2014
West Bengal,West Bengal PC 11,Candidate 1 (INC),INC,INC,UPA,194391,32.29,602012,61.9,True,1,3590,0.6,2014
West Bengal,West Bengal PC 11,Candidate 2 (TMC),TMC,TMC,,190801,31.69,602012,64.5,False,2,0,0,2014
West Bengal,West Bengal PC 11,Candidate 3 (BJP),BJP,BJP,NDA,183673,30.51,602012,62.9,False,3,0,0,2014
West Bengal,West Bengal PC 11,Candidate 4 (JDU),JDU,JDU,,33146,5.51,602012,58.1,False,4,0,0,2014
West Bengal,West Bengal PC 12,Candidate 1 (TMC),TMC,TMC,,204322,29.25,698475,66.2,True,1,24382,3.49,2014
West Bengal,West Bengal PC 12,Candidate 2 (IND),IND,IND,,179940,25.76,698475,71.8,False,2,0,0,2014
West Bengal,West Bengal PC 12,Candidate 3 (AIADMK),AIADMK,AIADMK,,161903,23.18,698475,77.7,False,3,0,0,2014
West Bengal,West Bengal PC 12,Candidate 4 (DMK),DMK,DMK,,76192,10.91,698475,78.0,False,4,0,0,2014
West Bengal,West Bengal PC 12,Candidate 5 (BJP),BJP,BJP,NDA,46838,6.71,698475,55.2,False,5,0,0,2014
West Bengal,West Bengal PC 12,Candidate 6 (SP),SP,SP,,29277,4.19,698475,71.6,False,6,0,0,2014
West Bengal,West Bengal PC 13,Candidate 1 (BJP),BJP,BJP,NDA,401784,36.07,1113847,68.4,True,1,139196,12.5,2014
West Bengal,West Bengal PC 13,Candidate 2 (TMC),TMC,TMC,,262588,23.57,1113847,71.7,False,2,0,0,2014
West Bengal,West Bengal PC 13,Candidate 3 (SP),SP,SP,,254403,22.84,1113847,63.5,False,3,0,0,2014
West Bengal,West Bengal PC 13,Candidate 4 (AIADMK),AIADMK,AIADMK,,195070,17.51,1113847,60.6,False,4,0,0,2014
West Bengal,West Bengal PC 14,Candidate 1 (BRS),BRS,BRS,,308416,40.11,768924,69.5,True,1,56473,7.34,2014
West Bengal,West Bengal PC 14,Candidate 2 (BJP),BJP,BJP,NDA,251943,32.77,768924,56.5,False,2,0,0,2014
West Bengal,West Bengal PC 14,Candidate 3 (TMC),TMC,TMC,,115062,14.96,768924,62.5,False,3,0,0,2014
West Bengal,West Bengal PC 14,Candidate 4 (JDU),JDU,JDU,,93501,12.16,768924,66.2,False,4,0,0,2014
West Bengal,West Bengal PC 15,Candidate 1 (INC),INC,INC,UPA,328881,29.61,1110887,57.8,True,1,3898,0.35,2014
West Bengal,West Bengal PC 15,Candidate 2 (TMC),TMC,TMC,,324983,29.25,1110887,63.5,False,2,0,0,2014
West Bengal,West Bengal PC 15,Candidate 3 (BJP),BJP,BJP,NDA,235997,21.24,1110887,58.6,False,3,0,0,2014
West Bengal,West Bengal PC 15,Candidate 4 (AIADMK),AIADMK,AIADMK,,221024,19.9,1110887,77.8,False,4,0,0,2014
West Bengal,West Bengal PC 16,Candidate 1 (BJP),BJP,BJP,NDA,270341,35.2,767939,66.5,True,1,20718,2.7,2014
West Bengal,West Bengal PC 16,Candidate 2 (DMK),DMK,DMK,,249623,32.51,767939,65.0,False,2,0,0,2014
West Bengal,West Bengal PC 16,Candidate 3 (INC),INC,INC,UPA,106692,13.89,767939,70.6,False,3,0,0,2014
West Bengal,West Bengal PC 16,Candidate 4 (TMC),TMC,TMC,,95190,12.4,767939,70.1,False,4,0,0,2014
West Bengal,West Bengal PC 16,Candidate 5 (BSP),BSP,BSP,,46090,6.0,767939,66.8,False,5,0,0,2014
West Bengal,West Bengal PC 17,Candidate 1 (TMC),TMC,TMC,,221283,28.09,787722,63.7,True,1,4971,0.63,2014
West Bengal,West Bengal PC 17,Candidate 2 (BJP),BJP,BJP,NDA,216312,27.46,787722,60.1,False,2,0,0,2014
West Bengal,West Bengal PC 17,Candidate 3 (DMK),DMK,DMK,,175489,22.28,787722,76.9,False,3,0,0,2014
West Bengal,West Bengal PC 17,Candidate 4 (BSP),BSP,BSP,,125966,15.99,787722,62.8,False,4,0,0,2014
West Bengal,West Bengal PC 17,Candidate 5 (BRS),BRS,BRS,,48669,6.18,787722,66.5,False,5,0,0,2014
West Bengal,West Bengal PC 18,Candidate 1 (OTH),OTH,OTH,,217810,36.54,596130,77.7,True,1,21838,3.66,2014
West Bengal,West Bengal PC 18,Candidate 2 (TMC),TMC,TMC,,195972,32.87,596130,67.2,False,2,0,0,2014
West Bengal,West Bengal PC 18,Candidate 3 (BJP),BJP,BJP,NDA,182346,30.59,596130,60.5,False,3,0,0,2014
West Bengal,West Bengal PC 19,Candidate 1 (TMC),TMC,TMC,,657361,76.06,864297,59.0,True,1,450426,52.11,2014
West Bengal,West Bengal PC 19,Candidate 2 (BJP),BJP,BJP,NDA,206935,23.94,864297,74.6,False,2,0,0,2014
West Bengal,West Bengal PC 20,Candidate 1 (TDP),TDP,TDP,NDA,336499,33.99,989984,65.6,True,1,13103,1.32,2014
West Bengal,West Bengal PC 20,Candidate 2 (BRS),BRS,BRS,,323396,32.67,989984,73.2,False,2,0,0,2014
West Bengal,West Bengal PC 20,Candidate 3 (INC),INC,INC,UPA,273585,27.64,989984,71.1,False,3,0,0,2014
West Bengal,West Bengal PC 20,Candidate 4 (BJP),BJP,BJP,NDA,56502,5.71,989984,77.0,False,4,0,0,2014
West Bengal,West Bengal PC 21,Candidate 1 (BJP),BJP,BJP,NDA,402506,33.65,1196272,64.4,True,1,98361,8.22,2014
West Bengal,West Bengal PC 21,Candidate 2 (SP),SP,SP,,304145,25.42,1196272,59.7,False,2,0,0,2014
West Bengal,West Bengal PC 21,Candidate 3 (IND),IND,IND,,248403,20.76,1196272,77.2,False,3,0,0,2014
West Bengal,West Bengal PC 21,Candidate 4 (OTH),OTH,OTH,,241216,20.16,1196272,67.4,False,4,0,0,2014
West Bengal,West Bengal PC 22,Candidate 1 (BJP),BJP,BJP,NDA,374692,35.75,1048051,67.8,True,1,20555,1.96,2014
West Bengal,West Bengal PC 22,Candidate 2 (DMK),DMK,DMK,,354137,33.79,1048051,69.9,False,2,0,0,2014
West Bengal,West Bengal PC 22,Candidate 3 (TMC),TMC,TMC,,319221,30.46,1048051,59.5,False,3,0,0,2014
West Bengal,West Bengal PC 23,Candidate 1 (TMC),TMC,TMC,,186458,37.98,490925,62.2,True,1,84158,17.14,2014
West Bengal,West Bengal PC 23,Candidate 2 (BSP),BSP,BSP,,102300,20.84,490925,57.4,False,2,0,0,2014
West Bengal,West Bengal PC 23,Candidate 3 (OTH),OTH,OTH,,87637,17.85,490925,64.6,False,3,0,0,2014
West Bengal,West Bengal PC 23,Candidate 4 (BJP),BJP,BJP,NDA,85253,17.37,490925,74.3,False,4,0,0,2014
West Bengal,West Bengal PC 23,Candidate 5 (INC),INC,INC,UPA,29275,5.96,490925,59.5,False,5,0,0,2014
West Bengal,West Bengal PC 24,Candidate 1 (BJP),BJP,BJP,NDA,97699,22.01,443955,73.6,True,1,1099,0.25,2014
West Bengal,West Bengal PC 24,Candidate 2 (OTH),OTH,OTH,,96600,21.76,443955,61.5,False,2,0,0,2014
West Bengal,West Bengal PC 24,Candidate 3 (AIADMK),AIADMK,AIADMK,,93121,20.98,443955,67.5,False,3,0,0,2014
West Bengal,West Bengal PC 24,Candidate 4 (INC),INC,INC,UPA,79661,17.94,443955,74.8,False,4,0,0,2014
West Bengal,West Bengal PC 24,Candidate 5 (TDP),TDP,TDP,NDA,76871,17.32,443955,66.4,False,5,0,0,2014
West Bengal,West Bengal PC 25,Candidate 1 (TMC),TMC,TMC,,377245,50.87,741547,72.4,True,1,12944,1.75,2014
West Bengal,West Bengal PC 25,Candidate 2 (BJP),BJP,BJP,NDA,364301,49.13,741547,65.4,False,2,0,0,2014
West Bengal,West Bengal PC 26,Candidate 1 (INC),INC,INC,UPA,336441,35.0,961190,64.2,True,1,67213,6.99,2014
West Bengal,West Bengal PC 26,Candidate 2 (SP),SP,SP,,269228,28.01,961190,67.8,False,2,0,0,2014
West Bengal,West Bengal PC 26,Candidate 3 (TDP),TDP,TDP,NDA,224965,23.4,961190,71.1,False,3,0,0,2014
West Bengal,West Bengal PC 26,Candidate 4 (BJP),BJP,BJP,NDA,130555,13.58,961190,75.6,False,4,0,0,2014
West Bengal,West Bengal PC 27,Candidate 1 (BJP),BJP,BJP,NDA,182686,28.02,652050,61.8,True,1,24241,3.72,2014
West Bengal,West Bengal PC 27,Candidate 2 (INC),INC,INC,UPA,158445,24.3,652050,77.8,False,2,0,0,2014
West Bengal,West Bengal PC 27,Candidate 3 (OTH),OTH,OTH,,148041,22.7,652050,66.7,False,3,0,0,2014
West Bengal,West Bengal PC 27,Candidate 4 (BSP),BSP,BSP,,137004,21.01,652050,55.4,False,4,0,0,2014
West Bengal,West Bengal PC 27,Candidate 5 (TDP),TDP,TDP,NDA,25871,3.97,652050,56.6,False,5,0,0,2014
West Bengal,West Bengal PC 28,Candidate 1 (JDU),JDU,JDU,,136097,18.93,719034,67.9,True,1,5917,0.82,2014
West Bengal,West Bengal PC 28,Candidate 2 (INC),INC,INC,UPA,130180,18.1,719034,63.6,False,2,0,0,2014
West Bengal,West Bengal PC 28,Candidate 3 (OTH),OTH,OTH,,125042,17.39,719034,73.0,False,3,0,0,2014
West Bengal,West Bengal PC 28,Candidate 4 (TDP),TDP,TDP,NDA,123891,17.23,719034,69.8,False,4,0,0,2014
West Bengal,West Bengal PC 28,Candidate 5 (AIADMK),AIADMK,AIADMK,,111130,15.46,719034,74.9,False,5,0,0,2014
West Bengal,West Bengal PC 28,Candidate 6 (DMK),DMK,DMK,,92691,12.89,719034,72.8,False,6,0,0,2014
West Bengal,West Bengal PC 29,Candidate 1 (BJP),BJP,BJP,NDA,578538,61.6,939139,62.0,True,1,217938,23.21,2014
West Bengal,West Bengal PC 29,Candidate 2 (AIADMK),AIADMK,AIADMK,,360600,38.4,939139,58.7,False,2,0,0,2014
West Bengal,West Bengal PC 30,Candidate 1 (BJP),BJP,BJP,NDA,221336,25.75,859656,64.8,True,1,1534,0.18,2014
West Bengal,West Bengal PC 30,Candidate 2 (SP),SP,SP,,219802,25.57,859656,76.6,False,2,0,0,2014
West Bengal,West Bengal PC 30,Candidate 3 (BSP),BSP,BSP,,195357,22.73,859656,68.0,False,3,0,0,2014
West Bengal,West Bengal PC 30,Candidate 4 (AIADMK),AIADMK,AIADMK,,140245,16.31,859656,64.7,False,4,0,0,2014
West Bengal,West Bengal PC 30,Candidate 5 (INC),INC,INC,UPA,82913,9.65,859656,73.4,False,5,0,0,2014
West Bengal,West Bengal PC 31,Candidate 1 (BJP),BJP,BJP,NDA,334114,34.43,970353,62.8,True,1,9753,1.01,2014
West Bengal,West Bengal PC 31,Candidate 2 (OTH),OTH,OTH,,324361,33.43,970353,71.9,False,2,0,0,2014
West Bengal,West Bengal PC 31,Candidate 3 (INC),INC,INC,UPA,311877,32.14,970353,64.3,False,3,0,0,2014
West Bengal,West Bengal PC 32,Candidate 1 (DMK),DMK,DMK,,131539,26.0,505962,69.7,True,1,7336,1.45,2014
West Bengal,West Bengal PC 32,Candidate 2 (AIADMK),AIADMK,AIADMK,,124203,24.55,505962,55.9,False,2,0,0,2014
West Bengal,West Bengal PC 32,Candidate 3 (BSP),BSP,BSP,,115595,22.85,505962,56.6,False,3,0,0,2014
West Bengal,West Bengal PC 32,Candidate 4 (BJP),BJP,BJP,NDA,92101,18.2,505962,63.7,False,4,0,0,2014
West Bengal,West Bengal PC 32,Candidate 5 (TMC),TMC,TMC,,42521,8.4,505962,73.5,False,5,0,0,2014
West Bengal,West Bengal PC 33,Candidate 1 (AIADMK),AIADMK,AIADMK,,194671,36.66,531030,71.1,True,1,40073,7.55,2014
West Bengal,West Bengal PC 33,Candidate 2 (TDP),TDP,TDP,NDA,154598,29.11,531030,71.4,False,2,0,0,2014
West Bengal,West Bengal PC 33,Candidate 3 (BRS),BRS,BRS,,104546,19.69,531030,73.8,False,3,0,0,2014
West Bengal,West Bengal PC 33,Candidate 4 (BJP),BJP,BJP,NDA,55976,10.54,531030,61.8,False,4,0,0,2014
West Bengal,West Bengal PC 33,Candidate 5 (OTH),OTH,OTH,,21236,4.0,531030,59.4,False,5,0,0,2014
West Bengal,West Bengal PC 34,Candidate 1 (TDP),TDP,TDP,NDA,289020,32.69,884205,72.9,True,1,72582,8.21,2014
West Bengal,West Bengal PC 34,Candidate 2 (BJP),BJP,BJP,NDA,216438,24.48,884205,68.3,False,2,0,0,2014
West Bengal,West Bengal PC 34,Candidate 3 (TMC),TMC,TMC,,156912,17.75,884205,64.7,False,3,0,0,2014
West Bengal,West Bengal PC 34,Candidate 4 (JDU),JDU,JDU,,144053,16.29,884205,59.4,False,4,0,0,2014
West Bengal,West Bengal PC 34,Candidate 5 (AIADMK),AIADMK,AIADMK,,77779,8.8,884205,76.9,False,5,0,0,2014
West Bengal,West Bengal PC 35,Candidate 1 (BJP),BJP,BJP,NDA,135306,23.22,582819,74.2,True,1,4796,0.82,2014
West Bengal,West Bengal PC 35,Candidate 2 (OTH),OTH,OTH,,130510,22.39,582819,65.3,False,2,0,0,2014
West Bengal,West Bengal PC 35,Candidate 3 (AIADMK),AIADMK,AIADMK,,127153,21.82,582819,63.8,False,3,0,0,2014
West Bengal,West Bengal PC 35,Candidate 4 (BSP),BSP,BSP,,100221,17.2,582819,57.8,False,4,0,0,2014
West Bengal,West Bengal PC 35,Candidate 5 (TMC),TMC,TMC,,89627,15.38,582819,69.9,False,5,0,0,2014
West Bengal,West Bengal PC 36,Candidate 1 (TMC),TMC,TMC,,205504,32.38,634647,77.9,True,1,57817,9.11,2014
West Bengal,West Bengal PC 36,Candidate 2 (AIADMK),AIADMK,AIADMK,,147687,23.27,634647,73.9,False,2,0,0,2014
West Bengal,West Bengal PC 36,Candidate 3 (IND),IND,IND,,146155,23.03,634647,59.1,False,3,0,0,2014
West Bengal,West Bengal PC 36,Candidate 4 (BJP),BJP,BJP,NDA,135299,21.32,634647,65.7,False,4,0,0,2014
West Bengal,West Bengal PC 37,Candidate 1 (TMC),TMC,TMC,,344131,69.05,498407,58.4,True,1,240376,48.23,2014
West Bengal,West Bengal PC 37,Candidate 2 (BSP),BSP,BSP,,103755,20.82,498407,61.3,False,2,0,0,2014
West Bengal,West Bengal PC 37,Candidate 3 (BJP),BJP,BJP,NDA,50519,10.14,498407,75.9,False,3,0,0,2014
West Bengal,West Bengal PC 38,Candidate 1 (BJP),BJP,BJP,NDA,474507,49.92,950549,59.5,True,1,226274,23.8,2014
West Bengal,West Bengal PC 38,Candidate 2 (OTH),OTH,OTH,,248233,26.11,950549,65.4,False,2,0,0,2014
West Bengal,West Bengal PC 38,Candidate 3 (SP),SP,SP,,149872,15.77,950549,72.2,False,3,0,0,2014
West Bengal,West Bengal PC 38,Candidate 4 (JDU),JDU,JDU,,77935,8.2,950549,69.9,False,4,0,0,2014
West Bengal,West Bengal PC 39,Candidate 1 (BSP),BSP,BSP,,280180,33.06,847454,61.9,True,1,27335,3.23,2014
West Bengal,West Bengal PC 39,Candidate 2 (OTH),OTH,OTH,,252845,29.84,847454,62.4,False,2,0,0,2014
West Bengal,West Bengal PC 39,Candidate 3 (BJP),BJP,BJP,NDA,201153,23.74,847454,57.5,False,3,0,0,2014
West Bengal,West Bengal PC 39,Candidate 4 (DMK),DMK,DMK,,76559,9.03,847454,72.9,False,4,0,0,2014
West Bengal,West Bengal PC 39,Candidate 5 (JDU),JDU,JDU,,36714,4.33,847454,58.4,False,5,0,0,2014
West Bengal,West Bengal PC 40,Candidate 1 (AIADMK),AIADMK,AIADMK,,123656,22.27,555155,62.0,True,1,1206,0.22,2014
West Bengal,West Bengal PC 40,Candidate 2 (BJP),BJP,BJP,NDA,122450,22.06,555155,73.8,False,2,0,0,2014
West Bengal,West Bengal PC 40,Candidate 3 (DMK),DMK,DMK,,102702,18.5,555155,73.6,False,3,0,0,2014
West Bengal,West Bengal PC 40,Candidate 4 (BSP),BSP,BSP,,99128,17.86,555155,70.7,False,4,0,0,2014
West Bengal,West Bengal PC 40,Candidate 5 (TDP),TDP,TDP,NDA,85657,15.43,555155,68.5,False,5,0,0,2014
West Bengal,West Bengal PC 40,Candidate 6 (OTH),OTH,OTH,,21559,3.88,555155,55.9,False,6,0,0,2014
West Bengal,West Bengal PC 41,Candidate 1 (BJP),BJP,BJP,NDA,226144,25.26,895439,68.5,True,1,4182,0.47,2014
West Bengal,West Bengal PC 41,Candidate 2 (SP),SP,SP,,221962,24.79,895439,73.6,False,2,0,0,2014
West Bengal,West Bengal PC 41,Candidate 3 (INC),INC,INC,UPA,207892,23.22,895439,59.2,False,3,0,0,2014
West Bengal,West Bengal PC 41,Candidate 4 (DMK),DMK,DMK,,151775,16.95,895439,55.7,False,4,0,0,2014
West Bengal,West Bengal PC 41,Candidate 5 (OTH),OTH,OTH,,87664,9.79,895439,59.1,False,5,0,0,2014
West Bengal,West Bengal PC 42,Candidate 1 (INC),INC,INC,UPA,222325,30.89,719756,55.1,True,1,3523,0.49,2014
West Bengal,West Bengal PC 42,Candidate 2 (BJP),BJP,BJP,NDA,218802,30.4,719756,64.6,False,2,0,0,2014
West Bengal,West Bengal PC 42,Candidate 3 (SP),SP,SP,,164290,22.83,719756,65.8,False,3,0,0,2014
West Bengal,West Bengal PC 42,Candidate 4 (BRS),BRS,BRS,,114338,15.89,719756,69.6,False,4,0,0,2014
Bihar,Bihar PC 1,Candidate 1 (SP),SP,SP,,159860,29.92,534320,56.8,True,1,15168,2.84,2014
Bihar,Bihar PC 1,Candidate 2 (INC),INC,INC,UPA,144692,27.08,534320,58.8,False,2,0,0,2014
Bihar,Bihar PC 1,Candidate 3 (BRS),BRS,BRS,,124077,23.22,534320,70.5,False,3,0,0,2014
Bihar,Bihar PC 1,Candidate 4 (OTH),OTH,OTH,,42592,7.97,534320,70.6,False,4,0,0,2014
Bihar,Bihar PC 1,Candidate 5 (BJP),BJP,BJP,NDA,35216,6.59,534320,77.4,False,5,0,0,2014
Bihar,Bihar PC 1,Candidate 6 (AIADMK),AIADMK,AIADMK,,27880,5.22,534320,65.0,False,6,0,0,2014
Bihar,Bihar PC 2,Candidate 1 (OTH),OTH,OTH,,432199,47.7,906013,58.0,True,1,57780,6.38,2014
Bihar,Bihar PC 2,Candidate 2 (BJP),BJP,BJP,NDA,374419,41.33,906013,66.2,False,2,0,0,2014
Bihar,Bihar PC 2,Candidate 3 (JDU),JDU,JDU,,99393,10.97,906013,59.2,False,3,0,0,2014
Bihar,Bihar PC 3,Candidate 1 (AIADMK),AIADMK,AIADMK,,400202,36.3,1102336,68.4,True,1,27478,2.49,2014
Bihar,Bihar PC 3,Candidate 2 (BJP),BJP,BJP,NDA,372724,33.81,1102336,76.6,False,2,0,0,2014
Bihar,Bihar PC 3,Candidate 3 (INC),INC,INC,UPA,181823,16.49,1102336,59.9,False,3,0,0,2014
Bihar,Bihar PC 3,Candidate 4 (TDP),TDP,TDP,NDA,147586,13.39,1102336,71.5,False,4,0,0,2014
Bihar,Bihar PC 4,Candidate 1 (SP),SP,SP,,197306,30.16,654194,62.2,True,1,8658,1.32,2014
Bihar,Bihar PC 4,Candidate 2 (TMC),TMC,TMC,,188648,28.84,654194,76.4,False,2,0,0,2014
Bihar,Bihar PC 4,Candidate 3 (INC),INC,INC,UPA,155311,23.74,654194,68.1,False,3,0,0,2014
Bihar,Bihar PC 4,Candidate 4 (BJP),BJP,BJP,NDA,112927,17.26,654194,75.0,False,4,0,0,2014
Bihar,Bihar PC 5,Candidate 1 (OTH),OTH,OTH,,319345,32.31,988504,68.8,True,1,78255,7.92,2014
Bihar,Bihar PC 5,Candidate 2 (IND),IND,IND,,241090,24.39,988504,63.0,False,2,0,0,2014
Bihar,Bihar PC 5,Candidate 3 (BSP),BSP,BSP,,197547,19.98,988504,77.0,False,3,0,0,2014
Bihar,Bihar PC 5,Candidate 4 (INC),INC,INC,UPA,159314,16.12,988504,76.0,False,4,0,0,2014
Bihar,Bihar PC 5,Candidate 5 (TMC),TMC,TMC,,71206,7.2,988504,56.5,False,5,0,0,2014
Bihar,Bihar PC 6,Candidate 1 (OTH),OTH,OTH,,158309,32.16,492247,71.1,True,1,30445,6.18,2014
Bihar,Bihar PC 6,Candidate 2 (BRS),BRS,BRS,,127864,25.98,492247,68.5,False,2,0,0,2014
Bihar,Bihar PC 6,Candidate 3 (BJP),BJP,BJP,NDA,121061,24.59,492247,72.0,False,3,0,0,2014
Bihar,Bihar PC 6,Candidate 4 (DMK),DMK,DMK,,85010,17.27,492247,69.0,False,4,0,0,2014
Bihar,Bihar PC 7,Candidate 1 (BJP),BJP,BJP,NDA,173910,40.61,428281,66.2,True,1,69564,16.24,2014
Bihar,Bihar PC 7,Candidate 2 (OTH),OTH,OTH,,104346,24.36,428281,71.0,False,2,0,0,2014
Bihar,Bihar PC 7,Candidate 3 (DMK),DMK,DMK,,77678,18.14,428281,56.1,False,3,0,0,2014
Bihar,Bihar PC 7,Candidate 4 (BRS),BRS,BRS,,72345,16.89,428281,61.8,False,4,0,0,2014
Bihar,Bihar PC 8,Candidate 1 (BJP),BJP,BJP,NDA,171439,19.87,862622,69.8,True,1,19410,2.25,2014
Bihar,Bihar PC 8,Candidate 2 (SP),SP,SP,,152029,17.62,862622,69.4,False,2,0,0,2014
Bihar,Bihar PC 8,Candidate 3 (BSP),BSP,BSP,,144031,16.7,862622,61.5,False,3,0,0,2014
Bihar,Bihar PC 8,Candidate 4 (INC),INC,INC,UPA,140339,16.27,862622,68.1,False,4,0,0,2014
Bihar,Bihar PC 8,Candidate 5 (JDU),JDU,JDU,,132155,15.32,862622,65.8,False,5,0,0,2014
Bihar,Bihar PC 8,Candidate 6 (TDP),TDP,TDP,NDA,122626,14.22,862622,77.5,False,6,0,0,2014
Bihar,Bihar PC 9,Candidate 1 (INC),INC,INC,UPA,459252,43.91,1045852,57.5,True,1,4477,0.43,2014
Bihar,Bihar PC 9,Candidate 2 (BJP),BJP,BJP,NDA,454775,43.48,1045852,70.1,False,2,0,0,2014
Bihar,Bihar PC 9,Candidate 3 (AIADMK),AIADMK,AIADMK,,131823,12.6,1045852,67.1,False,3,0,0,2014
Bihar,Bihar PC 10,Candidate 1 (TMC),TMC,TMC,,374346,63.38,590616,62.9,True,1,235302,39.84,2014
Bihar,Bihar PC 10,Candidate 2 (BJP),BJP,BJP,NDA,139044,23.54,590616,65.1,False,2,0,0,2014
Bihar,Bihar PC 10,Candidate 3 (OTH),OTH,OTH,,77225,13.08,590616,69.8,False,3,0,0,2014
Bihar,Bihar PC 11,Candidate 1 (INC),INC,INC,UPA,274854,54.18,507272,56.6,True,1,74218,14.63,2014
Bihar,Bihar PC 11,Candidate 2 (AIADMK),AIADMK,AIADMK,,200636,39.55,507272,68.9,False,2,0,0,2014
Bihar,Bihar PC 11,Candidate 3 (BJP),BJP,BJP,NDA,31780,6.26,507272,62.5,False,3,0,0,2014
Bihar,Bihar PC 12,Candidate 1 (OTH),OTH,OTH,,206294,29.78,692743,70.0,True,1,32109,4.64,2014
Bihar,Bihar PC 12,Candidate 2 (SP),SP,SP,,174185,25.14,692743,75.1,False,2,0,0,2014
Bihar,Bihar PC 12,Candidate 3 (TMC),TMC,TMC,,159527,23.03,692743,57.5,False,3,0,0,2014
Bihar,Bihar PC 12,Candidate 4 (TDP),TDP,TDP,NDA,126335,18.24,692743,69.3,False,4,0,0,2014
Bihar,Bihar PC 12,Candidate 5 (BJP),BJP,BJP,NDA,26400,3.81,692743,77.8,False,5,0,0,2014
Bihar,Bihar PC 13,Candidate 1 (BRS),BRS,BRS,,263766,31.04,849651,61.3,True,1,23296,2.74,2014
Bihar,Bihar PC 13,Candidate 2 (OTH),OTH,OTH,,240470,28.3,849651,74.0,False,2,0,0,2014
Bihar,Bihar PC 13,Candidate 3 (JDU),JDU,JDU,,225013,26.48,849651,64.1,False,3,0,0,2014
Bihar,Bihar PC 13,Candidate 4 (BJP),BJP,BJP,NDA,120401,14.17,849651,68.7,False,4,0,0,2014
Bihar,Bihar PC 14,Candidate 1 (AIADMK),AIADMK,AIADMK,,186619,21.31,875575,55.5,True,1,3276,0.37,2014
Bihar,Bihar PC 14,Candidate 2 (OTH),OTH,OTH,,183343,20.94,875575,63.7,False,2,0,0,2014
Bihar,Bihar PC 14,Candidate 3 (JDU),JDU,JDU,,156090,17.83,875575,71.2,False,3,0,0,2014
Bihar,Bihar PC 14,Candidate 4 (IND),IND,IND,,155883,17.8,875575,68.8,False,4,0,0,2014
Bihar,Bihar PC 14,Candidate 5 (BJP),BJP,BJP,NDA,145199,16.58,875575,61.3,False,5,0,0,2014
Bihar,Bihar PC 14,Candidate 6 (INC),INC,INC,UPA,48438,5.53,875575,67.1,False,6,0,0,2014
Bihar,Bihar PC 15,Candidate 1 (OTH),OTH,OTH,,470324,49.28,954397,68.7,True,1,42109,4.41,2014
Bihar,Bihar PC 15,Candidate 2 (SP),SP,SP,,428215,44.87,954397,65.7,False,2,0,0,2014
Bihar,Bihar PC 15,Candidate 3 (BJP),BJP,BJP,NDA,55857,5.85,954397,72.1,False,3,0,0,2014
Bihar,Bihar PC 16,Candidate 1 (INC),INC,INC,UPA,469050,47.85,980258,69.5,True,1,57981,5.91,2014
Bihar,Bihar PC 16,Candidate 2 (BJP),BJP,BJP,NDA,411069,41.93,980258,74.0,False,2,0,0,2014
Bihar,Bihar PC 16,Candidate 3 (TMC),TMC,TMC,,100137,10.22,980258,76.2,False,3,0,0,2014
Bihar,Bihar PC 17,Candidate 1 (INC),INC,INC,UPA,189598,37.68,503124,77.9,True,1,43304,8.61,2014
Bihar,Bihar PC 17,Candidate 2 (BJP),BJP,BJP,NDA,146294,29.08,503124,61.5,False,2,0,0,2014
Bihar,Bihar PC 17,Candidate 3 (DMK),DMK,DMK,,114267,22.71,503124,56.0,False,3,0,0,2014
Bihar,Bihar PC 17,Candidate 4 (TMC),TMC,TMC,,52963,10.53,503124,56.0,False,4,0,0,2014
Bihar,Bihar PC 18,Candidate 1 (BJP),BJP,BJP,NDA,467850,40.06,1167951,63.4,True,1,87756,7.51,2014
Bihar,Bihar PC 18,Candidate 2 (JDU),JDU,JDU,,380094,32.54,1167951,60.5,False,2,0,0,2014
Bihar,Bihar PC 18,Candidate 3 (INC),INC,INC,UPA,173291,14.84,1167951,61.7,False,3,0,0,2014
Bihar,Bihar PC 18,Candidate 4 (SP),SP,SP,,146713,12.56,1167951,77.5,False,4,0,0,2014
Bihar,Bihar PC 19,Candidate 1 (BJP),BJP,BJP,NDA,857212,81.08,1057235,61.2,True,1,657190,62.16,2014
Bihar,Bihar PC 19,Candidate 2 (TMC),TMC,TMC,,200022,18.92,1057235,76.7,False,2,0,0,2014
Bihar,Bihar PC 20,Candidate 1 (BJP),BJP,BJP,NDA,338761,54.08,626407,70.4,True,1,152365,24.32,2014
Bihar,Bihar PC 20,Candidate 2 (TDP),TDP,TDP,NDA,186396,29.76,626407,60.4,False,2,0,0,2014
Bihar,Bihar PC 20,Candidate 3 (IND),IND,IND,,101248,16.16,626407,72.0,False,3,0,0,2014
Bihar,Bihar PC 21,Candidate 1 (TDP),TDP,TDP,NDA,207567,28.26,734429,60.4,True,1,739,0.1,2014
Bihar,Bihar PC 21,Candidate 2 (IND),IND,IND,,206828,28.16,734429,64.3,False,2,0,0,2014
Bihar,Bihar PC 21,Candidate 3 (OTH),OTH,OTH,,144297,19.65,734429,75.6,False,3,0,0,2014
Bihar,Bihar PC 21,Candidate 4 (BJP),BJP,BJP,NDA,110385,15.03,734429,69.5,False,4,0,0,2014
Bihar,Bihar PC 21,Candidate 5 (JDU),JDU,JDU,,65348,8.9,734429,59.9,False,5,0,0,2014
Bihar,Bihar PC 22,Candidate 1 (AIADMK),AIADMK,AIADMK,,362094,30.64,1181891,56.3,True,1,33160,2.81,2014
Bihar,Bihar PC 22,Candidate 2 (INC),INC,INC,UPA,328934,27.83,1181891,56.9,False,2,0,0,2014
Bihar,Bihar PC 22,Candidate 3 (TMC),TMC,TMC,,316150,26.75,1181891,64.1,False,3,0,0,2014
Bihar,Bihar PC 22,Candidate 4 (BJP),BJP,BJP,NDA,174711,14.78,1181891,73.8,False,4,0,0,2014
Bihar,Bihar PC 23,Candidate 1 (BRS),BRS,BRS,,251923,40.65,619725,77.0,True,1,6656,1.07,2014
Bihar,Bihar PC 23,Candidate 2 (BJP),BJP,BJP,NDA,245267,39.58,619725,65.0,False,2,0,0,2014
Bihar,Bihar PC 23,Candidate 3 (TMC),TMC,TMC,,122534,19.77,619725,70.7,False,3,0,0,2014
Bihar,Bihar PC 24,Candidate 1 (BJP),BJP,BJP,NDA,247904,31.73,781203,57.1,True,1,12389,1.59,2014
Bihar,Bihar PC 24,Candidate 2 (INC),INC,INC,UPA,235515,30.15,781203,55.6,False,2,0,0,2014
Bihar,Bihar PC 24,Candidate 3 (OTH),OTH,OTH,,155669,19.93,781203,60.5,False,3,0,0,2014
Bihar,Bihar PC 24,Candidate 4 (TMC),TMC,TMC,,142114,18.19,781203,55.7,False,4,0,0,2014
Bihar,Bihar PC 25,Candidate 1 (SP),SP,SP,,149469,30.9,483787,75.1,True,1,2170,0.45,2014
Bihar,Bihar PC 25,Candidate 2 (BJP),BJP,BJP,NDA,147299,30.45,483787,71.5,False,2,0,0,2014
Bihar,Bihar PC 25,Candidate 3 (AIADMK),AIADMK,AIADMK,,142410,29.44,483787,69.2,False,3,0,0,2014
Bihar,Bihar PC 25,Candidate 4 (BRS),BRS,BRS,,44607,9.22,483787,75.7,False,4,0,0,2014
Bihar,Bihar PC 26,Candidate 1 (TMC),TMC,TMC,,210335,27.78,757247,57.0,True,1,5985,0.79,2014
Bihar,Bihar PC 26,Candidate 2 (JDU),JDU,JDU,,204350,26.99,757247,62.4,False,2,0,0,2014
Bihar,Bihar PC 26,Candidate 3 (BJP),BJP,BJP,NDA,140965,18.62,757247,63.2,False,3,0,0,2014
Bihar,Bihar PC 26,Candidate 4 (OTH),OTH,OTH,,114072,15.06,757247,62.2,False,4,0,0,2014
Bihar,Bihar PC 26,Candidate 5 (TDP),TDP,TDP,NDA,87523,11.56,757247,71.5,False,5,0,0,2014
Bihar,Bihar PC 27,Candidate 1 (SP),SP,SP,,220682,23.94,921857,77.2,True,1,16761,1.82,2014
Bihar,Bihar PC 27,Candidate 2 (OTH),OTH,OTH,,203921,22.12,921857,65.1,False,2,0,0,2014
Bihar,Bihar PC 27,Candidate 3 (BJP),BJP,BJP,NDA,171344,18.59,921857,77.6,False,3,0,0,2014
Bihar,Bihar PC 27,Candidate 4 (TMC),TMC,TMC,,165529,17.96,921857,57.0,False,4,0,0,2014
Bihar,Bihar PC 27,Candidate 5 (INC),INC,INC,UPA,160379,17.4,921857,69.8,False,5,0,0,2014
Bihar,Bihar PC 28,Candidate 1 (SP),SP,SP,,219198,51.79,423275,78.0,True,1,15122,3.57,2014
Bihar,Bihar PC 28,Candidate 2 (BJP),BJP,BJP,NDA,204076,48.21,423275,74.3,False,2,0,0,2014
Bihar,Bihar PC 29,Candidate 1 (BJP),BJP,BJP,NDA,461192,41.93,1099785,57.5,True,1,128120,11.65,2014
Bihar,Bihar PC 29,Candidate 2 (INC),INC,INC,UPA,333072,30.29,1099785,70.8,False,2,0,0,2014
Bihar,Bihar PC 29,Candidate 3 (TMC),TMC,TMC,,305520,27.78,1099785,71.6,False,3,0,0,2014
Bihar,Bihar PC 30,Candidate 1 (BJP),BJP,BJP,NDA,186747,30.23,617745,76.6,True,1,8737,1.41,2014
Bihar,Bihar PC 30,Candidate 2 (TMC),TMC,TMC,,178010,28.82,617745,62.7,False,2,0,0,2014
Bihar,Bihar PC 30,Candidate 3 (OTH),OTH,OTH,,91846,14.87,617745,72.2,False,3,0,0,2014
Bihar,Bihar PC 30,Candidate 4 (JDU),JDU,JDU,,83561,13.53,617745,73.8,False,4,0,0,2014
Bihar,Bihar PC 30,Candidate 5 (BRS),BRS,BRS,,40584,6.57,617745,72.2,False,5,0,0,2014
Bihar,Bihar PC 30,Candidate 6 (INC),INC,INC,UPA,36994,5.99,617745,61.9,False,6,0,0,2014
Bihar,Bihar PC 31,Candidate 1 (AIADMK),AIADMK,AIADMK,,366157,51.88,705739,74.6,True,1,26576,3.77,2014
Bihar,Bihar PC 31,Candidate 2 (BJP),BJP,BJP,NDA,339581,48.12,705739,75.5,False,2,0,0,2014
Bihar,Bihar PC 32,Candidate 1 (DMK),DMK,DMK,,189754,46.9,404578,73.9,True,1,62531,15.46,2014
Bihar,Bihar PC 32,Candidate 2 (INC),INC,INC,UPA,127223,31.45,404578,63.2,False,2,0,0,2014
Bihar,Bihar PC 32,Candidate 3 (BJP),BJP,BJP,NDA,87599,21.65,404578,55.7,False,3,0,0,2014
Bihar,Bihar PC 33,Candidate 1 (SP),SP,SP,,173592,33.71,514896,75.1,True,1,12772,2.48,2014
Bihar,Bihar PC 33,Candidate 2 (TMC),TMC,TMC,,160820,31.23,514896,62.0,False,2,0,0,2014
Bihar,Bihar PC 33,Candidate 3 (BRS),BRS,BRS,,144273,28.02,514896,64.1,False,3,0,0,2014
Bihar,Bihar PC 33,Candidate 4 (BJP),BJP,BJP,NDA,36209,7.03,514896,67.0,False,4,0,0,2014
Bihar,Bihar PC 34,Candidate 1 (AIADMK),AIADMK,AIADMK,,185212,31.04,596784,71.0,True,1,21207,3.55,2014
Bihar,Bihar PC 34,Candidate 2 (BJP),BJP,BJP,NDA,164005,27.48,596784,61.4,False,2,0,0,2014
Bihar,Bihar PC 34,Candidate 3 (INC),INC,INC,UPA,122717,20.56,596784,75.9,False,3,0,0,2014
Bihar,Bihar PC 34,Candidate 4 (TMC),TMC,TMC,,76656,12.84,596784,66.7,False,4,0,0,2014
Bihar,Bihar PC 34,Candidate 5 (DMK),DMK,DMK,,48192,8.08,596784,69.6,False,5,0,0,2014
Bihar,Bihar PC 35,Candidate 1 (TMC),TMC,TMC,,288770,32.19,897070,55.0,True,1,17818,1.99,2014
Bihar,Bihar PC 35,Candidate 2 (INC),INC,INC,UPA,270952,30.2,897070,63.8,False,2,0,0,2014
Bihar,Bihar PC 35,Candidate 3 (OTH),OTH,OTH,,214168,23.87,897070,72.6,False,3,0,0,2014
Bihar,Bihar PC 35,Candidate 4 (BJP),BJP,BJP,NDA,123178,13.73,897070,61.0,False,4,0,0,2014
Bihar,Bihar PC 36,Candidate 1 (BJP),BJP,BJP,NDA,234024,33.72,693969,59.6,True,1,50661,7.3,2014
Bihar,Bihar PC 36,Candidate 2 (SP),SP,SP,,183363,26.42,693969,61.9,False,2,0,0,2014
Bihar,Bihar PC 36,Candidate 3 (OTH),OTH,OTH,,178300,25.69,693969,73.4,False,3,0,0,2014
Bihar,Bihar PC 36,Candidate 4 (TDP),TDP,TDP,NDA,98281,14.16,693969,73.7,False,4,0,0,2014
Bihar,Bihar PC 37,Candidate 1 (BSP),BSP,BSP,,324515,37.72,860279,63.7,True,1,27186,3.16,2014
Bihar,Bihar PC 37,Candidate 2 (SP),SP,SP,,297329,34.56,860279,72.5,False,2,0,0,2014
Bihar,Bihar PC 37,Candidate 3 (BJP),BJP,BJP,NDA,156790,18.23,860279,59.6,False,3,0,0,2014
Bihar,Bihar PC 37,Candidate 4 (TDP),TDP,TDP,NDA,81643,9.49,860279,59.5,False,4,0,0,2014
Bihar,Bihar PC 38,Candidate 1 (TDP),TDP,TDP,NDA,276303,24.71,1118213,59.2,True,1,9025,0.81,2014
Bihar,Bihar PC 38,Candidate 2 (INC),INC,INC,UPA,267278,23.9,1118213,70.9,False,2,0,0,2014
Bihar,Bihar PC 38,Candidate 3 (BJP),BJP,BJP,NDA,248909,22.26,1118213,70.4,False,3,0,0,2014
Bihar,Bihar PC 38,Candidate 4 (OTH),OTH,OTH,,205591,18.39,1118213,65.5,False,4,0,0,2014
Bihar,Bihar PC 38,Candidate 5 (AIADMK),AIADMK,AIADMK,,120130,10.74,1118213,55.6,False,5,0,0,2014
Bihar,Bihar PC 39,Candidate 1 (BJP),BJP,BJP,NDA,647332,56.86,1138455,71.2,True,1,341200,29.97,2014
Bihar,Bihar PC 39,Candidate 2 (INC),INC,INC,UPA,306132,26.89,1138455,60.9,False,2,0,0,2014
Bihar,Bihar PC 39,Candidate 3 (TMC),TMC,TMC,,184989,16.25,1138455,62.2,False,3,0,0,2014
Bihar,Bihar PC 40,Candidate 1 (IND),IND,IND,,166770,21.92,760714,59.6,True,1,6111,0.8,2014
Bihar,Bihar PC 40,Candidate 2 (TMC),TMC,TMC,,160659,21.12,760714,65.6,False,2,0,0,2014
Bihar,Bihar PC 40,Candidate 3 (BJP),BJP,BJP,NDA,157552,20.71,760714,58.9,False,3,0,0,2014
Bihar,Bihar PC 40,Candidate 4 (SP),SP,SP,,155251,20.41,760714,58.4,False,4,0,0,2014
Bihar,Bihar PC 40,Candidate 5 (AIADMK),AIADMK,AIADMK,,120480,15.84,760714,57.8,False,5,0,0,2014
Tamil Nadu,Tamil Nadu PC 1,Candidate 1 (BJP),BJP,BJP,NDA,208238,30.13,691101,61.1,True,1,9759,1.41,2014
Tamil Nadu,Tamil Nadu PC 1,Candidate 2 (OTH),OTH,OTH,,198479,28.72,691101,59.0,False,2,0,0,2014
Tamil Nadu,Tamil Nadu PC 1,Candidate 3 (INC),INC,INC,UPA,196192,28.39,691101,61.7,False,3,0,0,2014
Tamil Nadu,Tamil Nadu PC 1,Candidate 4 (AIADMK),AIADMK,AIADMK,,44291,6.41,691101,68.3,False,4,0,0,2014
Tamil Nadu,Tamil Nadu PC 1,Candidate 5 (TDP),TDP,TDP,NDA,43898,6.35,691101,66.7,False,5,0,0,2014
Tamil Nadu,Tamil Nadu PC 2,Candidate 1 (BRS),BRS,BRS,,370045,33.62,1100762,71.7,True,1,54155,4.92,2014
Tamil Nadu,Tamil Nadu PC 2,Candidate 2 (BJP),BJP,BJP,NDA,315890,28.7,1100762,73.9,False,2,0,0,2014
Tamil Nadu,Tamil Nadu PC 2,Candidate 3 (DMK),DMK,DMK,,184668,16.78,1100762,70.0,False,3,0,0,2014
Tamil Nadu,Tamil Nadu PC 2,Candidate 4 (SP),SP,SP,,83872,7.62,1100762,74.2,False,4,0,0,2014
Tamil Nadu,Tamil Nadu PC 2,Candidate 5 (OTH),OTH,OTH,,83046,7.54,1100762,56.4,False,5,0,0,2014
Tamil Nadu,Tamil Nadu PC 2,Candidate 6 (IND),IND,IND,,63238,5.74,1100762,59.1,False,6,0,0,2014
Tamil Nadu,Tamil Nadu PC 3,Candidate 1 (BJP),BJP,BJP,NDA,273693,42.69,641123,64.1,True,1,4523,0.71,2014
Tamil Nadu,Tamil Nadu PC 3,Candidate 2 (INC),INC,INC,UPA,269170,41.98,641123,74.4,False,2,0,0,2014
Tamil Nadu,Tamil Nadu PC 3,Candidate 3 (IND),IND,IND,,98259,15.33,641123,72.8,False,3,0,0,2014
Tamil Nadu,Tamil Nadu PC 4,Candidate 1 (SP),SP,SP,,165182,24.6,671577,55.3,True,1,819,0.12,2014
Tamil Nadu,Tamil Nadu PC 4,Candidate 2 (BRS),BRS,BRS,,164363,24.47,671577,61.1,False,2,0,0,2014
Tamil Nadu,Tamil Nadu PC 4,Candidate 3 (BJP),BJP,BJP,NDA,140289,20.89,671577,64.8,False,3,0,0,2014
Tamil Nadu,Tamil Nadu PC 4,Candidate 4 (TDP),TDP,TDP,NDA,107629,16.03,671577,75.2,False,4,0,0,2014
Tamil Nadu,Tamil Nadu PC 4,Candidate 5 (DMK),DMK,DMK,,94111,14.01,671577,62.2,False,5,0,0,2014
Tamil Nadu,Tamil Nadu PC 5,Candidate 1 (BJP),BJP,BJP,NDA,363589,47.42,766742,71.6,True,1,67006,8.74,2014
Tamil Nadu,Tamil Nadu PC 5,Candidate 2 (TMC),TMC,TMC,,296583,38.68,766742,76.0,False,2,0,0,2014
Tamil Nadu,Tamil Nadu PC 5,Candidate 3 (OTH),OTH,OTH,,106569,13.9,766742,56.1,False,3,0,0,2014
Tamil Nadu,Tamil Nadu PC 6,Candidate 1 (INC),INC,INC,UPA,357337,43.66,818459,70.3,True,1,93408,11.41,2014
Tamil Nadu,Tamil Nadu PC 6,Candidate 2 (TMC),TMC,TMC,,263929,32.25,818459,57.3,False,2,0,0,2014
Tamil Nadu,Tamil Nadu PC 6,Candidate 3 (BJP),BJP,BJP,NDA,197191,24.09,818459,74.0,False,3,0,0,2014
Tamil Nadu,Tamil Nadu PC 7,Candidate 1 (IND),IND,IND,,220662,38.09,579286,74.5,True,1,31431,5.43,2014
Tamil Nadu,Tamil Nadu PC 7,Candidate 2 (INC),INC,INC,UPA,189231,32.67,579286,71.2,False,2,0,0,2014
Tamil Nadu,Tamil Nadu PC 7,Candidate 3 (BJP),BJP,BJP,NDA,85792,14.81,579286,76.5,False,3,0,0,2014
Tamil Nadu,Tamil Nadu PC 7,Candidate 4 (AIADMK),AIADMK,AIADMK,,83598,14.43,579286,76.9,False,4,0,0,2014
Tamil Nadu,Tamil Nadu PC 8,Candidate 1 (BJP),BJP,BJP,NDA,304317,27.18,1119529,73.7,True,1,34048,3.04,2014
Tamil Nadu,Tamil Nadu PC 8,Candidate 2 (IND),IND,IND,,270269,24.14,1119529,75.7,False,2,0,0,2014
Tamil Nadu,Tamil Nadu PC 8,Candidate 3 (BSP),BSP,BSP,,257576,23.01,1119529,71.4,False,3,0,0,2014
Tamil Nadu,Tamil Nadu PC 8,Candidate 4 (TDP),TDP,TDP,NDA,236390,21.12,1119529,61.4,False,4,0,0,2014
Tamil Nadu,Tamil Nadu PC 8,Candidate 5 (SP),SP,SP,,50974,4.55,1119529,76.1,False,5,0,0,2014
Tamil Nadu,Tamil Nadu PC 9,Candidate 1 (BRS),BRS,BRS,,267217,35.99,742380,58.5,True,1,22633,3.05,2014
Tamil Nadu,Tamil Nadu PC 9,Candidate 2 (BJP),BJP,BJP,NDA,244584,32.95,742380,77.5,False,2,0,0,2014
Tamil Nadu,Tamil Nadu PC 9,Candidate 3 (OTH),OTH,OTH,,137288,18.49,742380,72.7,False,3,0,0,2014
Tamil Nadu,Tamil Nadu PC 9,Candidate 4 (TMC),TMC,TMC,,93289,12.57,742380,74.5,False,4,0,0,2014
Tamil Nadu,Tamil Nadu PC 10,Candidate 1 (TDP),TDP,TDP,NDA,406933,51.12,795983,66.8,True,1,198063,24.88,2014
Tamil Nadu,Tamil Nadu PC 10,Candidate 2 (OTH),OTH,OTH,,208870,26.24,795983,69.7,False,2,0,0,2014
Tamil Nadu,Tamil Nadu PC 10,Candidate 3 (BJP),BJP,BJP,NDA,180178,22.64,795983,74.9,False,3,0,0,2014
Tamil Nadu,Tamil Nadu PC 11,Candidate 1 (BJP),BJP,BJP,NDA,378738,49.91,758905,69.1,True,1,159018,20.95,2014
Tamil Nadu,Tamil Nadu PC 11,Candidate 2 (TMC),TMC,TMC,,219720,28.95,758905,73.5,False,2,0,0,2014
Tamil Nadu,Tamil Nadu PC 11,Candidate 3 (INC),INC,INC,UPA,160445,21.14,758905,72.1,False,3,0,0,2014
Tamil Nadu,Tamil Nadu PC 12,Candidate 1 (INC),INC,INC,UPA,243474,33.83,719723,64.6,True,1,42418,5.89,2014
Tamil Nadu,Tamil Nadu PC 12,Candidate 2 (TMC),TMC,TMC,,201056,27.94,719723,58.2,False,2,0,0,2014
Tamil Nadu,Tamil Nadu PC 12,Candidate 3 (BJP),BJP,BJP,NDA,139536,19.39,719723,67.0,False,3,0,0,2014
Tamil Nadu,Tamil Nadu PC 12,Candidate 4 (DMK),DMK,DMK,,135655,18.85,719723,70.6,False,4,0,0,2014
Tamil Nadu,Tamil Nadu PC 13,Candidate 1 (DMK),DMK,DMK,,240098,54.48,440689,66.8,True,1,93656,21.25,2014
Tamil Nadu,Tamil Nadu PC 13,Candidate 2 (AIADMK),AIADMK,AIADMK,,146442,33.23,440689,57.5,False,2,0,0,2014
Tamil Nadu,Tamil Nadu PC 13,Candidate 3 (BJP),BJP,BJP,NDA,54147,12.29,440689,58.5,False,3,0,0,2014
Tamil Nadu,Tamil Nadu PC 14,Candidate 1 (BJP),BJP,BJP,NDA,315272,40.03,787577,59.9,True,1,40499,5.14,2014
Tamil Nadu,Tamil Nadu PC 14,Candidate 2 (TMC),TMC,TMC,,274773,34.89,787577,75.6,False,2,0,0,2014
Tamil Nadu,Tamil Nadu PC 14,Candidate 3 (AIADMK),AIADMK,AIADMK,,107634,13.67,787577,66.8,False,3,0,0,2014
Tamil Nadu,Tamil Nadu PC 14,Candidate 4 (BRS),BRS,BRS,,89896,11.41,787577,58.2,False,4,0,0,2014
Tamil Nadu,Tamil Nadu PC 15,Candidate 1 (BJP),BJP,BJP,NDA,151227,32.47,465759,65.9,True,1,5202,1.12,2014
Tamil Nadu,Tamil Nadu PC 15,Candidate 2 (DMK),DMK,DMK,,146025,31.35,465759,57.9,False,2,0,0,2014
Tamil Nadu,Tamil Nadu PC 15,Candidate 3 (BRS),BRS,BRS,,107825,23.15,465759,68.6,False,3,0,0,2014
Tamil Nadu,Tamil Nadu PC 15,Candidate 4 (SP),SP,SP,,60680,13.03,465759,58.3,False,4,0,0,2014
Tamil Nadu,Tamil Nadu PC 16,Candidate 1 (TMC),TMC,TMC,,349229,46.6,749493,55.3,True,1,160897,21.47,2014
Tamil Nadu,Tamil Nadu PC 16,Candidate 2 (TDP),TDP,TDP,NDA,188332,25.13,749493,67.1,False,2,0,0,2014
Tamil Nadu,Tamil Nadu PC 16,Candidate 3 (BJP),BJP,BJP,NDA,161208,21.51,749493,62.6,False,3,0,0,2014
Tamil Nadu,Tamil Nadu PC 16,Candidate 4 (OTH),OTH,OTH,,50722,6.77,749493,56.0,False,4,0,0,2014
Tamil Nadu,Tamil Nadu PC 17,Candidate 1 (SP),SP,SP,,124914,29.79,419361,57.6,True,1,14284,3.41,2014
Tamil Nadu,Tamil Nadu PC 17,Candidate 2 (OTH),OTH,OTH,,110630,26.38,419361,64.9,False,2,0,0,2014
Tamil Nadu,Tamil Nadu PC 17,Candidate 3 (TDP),TDP,TDP,NDA,96241,22.95,419361,73.0,False,3,0,0,2014
Tamil Nadu,Tamil Nadu PC 17,Candidate 4 (BJP),BJP,BJP,NDA,87574,20.88,419361,63.6,False,4,0,0,2014
Tamil Nadu,Tamil Nadu PC 18,Candidate 1 (TMC),TMC,TMC,,251707,32.78,767774,73.1,True,1,3860,0.5,2014
Tamil Nadu,Tamil Nadu PC 18,Candidate 2 (OTH),OTH,OTH,,247847,32.28,767774,59.6,False,2,0,0,2014
Tamil Nadu,Tamil Nadu PC 18,Candidate 3 (BJP),BJP,BJP,NDA,158476,20.64,767774,68.6,False,3,0,0,2014
Tamil Nadu,Tamil Nadu PC 18,Candidate 4 (SP),SP,SP,,109742,14.29,767774,69.2,False,4,0,0,2014
Tamil Nadu,Tamil Nadu PC 19,Candidate 1 (DMK),DMK,DMK,,314290,30.45,1032224,77.4,True,1,2550,0.25,2014
Tamil Nadu,Tamil Nadu PC 19,Candidate 2 (AIADMK),AIADMK,AIADMK,,311740,30.2,1032224,60.3,False,2,0,0,2014
Tamil Nadu,Tamil Nadu PC 19,Candidate 3 (BJP),BJP,BJP,NDA,248401,24.06,1032224,57.6,False,3,0,0,2014
Tamil Nadu,Tamil Nadu PC 19,Candidate 4 (INC),INC,INC,UPA,102083,9.89,1032224,77.8,False,4,0,0,2014
Tamil Nadu,Tamil Nadu PC 19,Candidate 5 (SP),SP,SP,,55707,5.4,1032224,77.0,False,5,0,0,2014
Tamil Nadu,Tamil Nadu PC 20,Candidate 1 (DMK),DMK,DMK,,318958,32.96,967771,61.0,True,1,1884,0.19,2014
Tamil Nadu,Tamil Nadu PC 20,Candidate 2 (BJP),BJP,BJP,NDA,317074,32.76,967771,59.8,False,2,0,0,2014
Tamil Nadu,Tamil Nadu PC 20,Candidate 3 (OTH),OTH,OTH,,142955,14.77,967771,69.3,False,3,0,0,2014
Tamil Nadu,Tamil Nadu PC 20,Candidate 4 (SP),SP,SP,,94904,9.81,967771,58.8,False,4,0,0,2014
Tamil Nadu,Tamil Nadu PC 20,Candidate 5 (BSP),BSP,BSP,,93877,9.7,967771,74.9,False,5,0,0,2014
Tamil Nadu,Tamil Nadu PC 21,Candidate 1 (BJP),BJP,BJP,NDA,266476,43.24,616252,71.8,True,1,17617,2.86,2014
Tamil Nadu,Tamil Nadu PC 21,Candidate 2 (OTH),OTH,OTH,,248859,40.38,616252,76.2,False,2,0,0,2014
Tamil Nadu,Tamil Nadu PC 21,Candidate 3 (INC),INC,INC,UPA,100916,16.38,616252,67.6,False,3,0,0,2014
Tamil Nadu,Tamil Nadu PC 22,Candidate 1 (TMC),TMC,TMC,,288841,33.12,872074,71.2,True,1,6811,0.78,2014
Tamil Nadu,Tamil Nadu PC 22,Candidate 2 (BJP),BJP,BJP,NDA,282030,32.34,872074,62.6,False,2,0,0,2014
Tamil Nadu,Tamil Nadu PC 22,Candidate 3 (BSP),BSP,BSP,,155885,17.88,872074,68.7,False,3,0,0,2014
Tamil Nadu,Tamil Nadu PC 22,Candidate 4 (AIADMK),AIADMK,AIADMK,,110663,12.69,872074,67.5,False,4,0,0,2014
Tamil Nadu,Tamil Nadu PC 22,Candidate 5 (SP),SP,SP,,34652,3.97,872074,77.9,False,5,0,0,2014
Tamil Nadu,Tamil Nadu PC 23,Candidate 1 (TMC),TMC,TMC,,174086,29.53,589612,63.2,True,1,45021,7.64,2014
Tamil Nadu,Tamil Nadu PC 23,Candidate 2 (BRS),BRS,BRS,,129065,21.89,589612,60.2,False,2,0,0,2014
Tamil Nadu,Tamil Nadu PC 23,Candidate 3 (OTH),OTH,OTH,,127289,21.59,589612,70.7,False,3,0,0,2014
Tamil Nadu,Tamil Nadu PC 23,Candidate 4 (SP),SP,SP,,63430,10.76,589612,61.2,False,4,0,0,2014
Tamil Nadu,Tamil Nadu PC 23,Candidate 5 (BJP),BJP,BJP,NDA,62555,10.61,589612,62.4,False,5,0,0,2014
Tamil Nadu,Tamil Nadu PC 23,Candidate 6 (INC),INC,INC,UPA,33184,5.63,589612,57.2,False,6,0,0,2014
Tamil Nadu,Tamil Nadu PC 24,Candidate 1 (BJP),BJP,BJP,NDA,280849,33.33,842513,75.7,True,1,88953,10.56,2014
Tamil Nadu,Tamil Nadu PC 24,Candidate 2 (SP),SP,SP,,191896,22.78,842513,72.6,False,2,0,0,2014
Tamil Nadu,Tamil Nadu PC 24,Candidate 3 (OTH),OTH,OTH,,185807,22.05,842513,77.0,False,3,0,0,2014
Tamil Nadu,Tamil Nadu PC 24,Candidate 4 (DMK),DMK,DMK,,120556,14.31,842513,75.4,False,4,0,0,2014
Tamil Nadu,Tamil Nadu PC 24,Candidate 5 (INC),INC,INC,UPA,63402,7.53,842513,64.0,False,5,0,0,2014
Tamil Nadu,Tamil Nadu PC 25,Candidate 1 (SP),SP,SP,,259564,23.97,1082905,57.2,True,1,6435,0.59,2014
Tamil Nadu,Tamil Nadu PC 25,Candidate 2 (BSP),BSP,BSP,,253129,23.38,1082905,59.0,False,2,0,0,2014
Tamil Nadu,Tamil Nadu PC 25,Candidate 3 (AIADMK),AIADMK,AIADMK,,179048,16.53,1082905,68.2,False,3,0,0,2014
Tamil Nadu,Tamil Nadu PC 25,Candidate 4 (BJP),BJP,BJP,NDA,171612,15.85,1082905,59.7,False,4,0,0,2014
Tamil Nadu,Tamil Nadu PC 25,Candidate 5 (DMK),DMK,DMK,,136281,12.58,1082905,74.6,False,5,0,0,2014
Tamil Nadu,Tamil Nadu PC 25,Candidate 6 (JDU),JDU,JDU,,83268,7.69,1082905,64.1,False,6,0,0,2014
Tamil Nadu,Tamil Nadu PC 26,Candidate 1 (BJP),BJP,BJP,NDA,424665,37.46,1133552,60.4,True,1,35520,3.13,2014
Tamil Nadu,Tamil Nadu PC 26,Candidate 2 (SP),SP,SP,,389145,34.33,1133552,68.2,False,2,0,0,2014
Tamil Nadu,Tamil Nadu PC 26,Candidate 3 (IND),IND,IND,,319740,28.21,1133552,63.5,False,3,0,0,2014
Tamil Nadu,Tamil Nadu PC 27,Candidate 1 (BJP),BJP,BJP,NDA,168644,34.78,484827,61.9,True,1,9524,1.96,2014
Tamil Nadu,Tamil Nadu PC 27,Candidate 2 (SP),SP,SP,,159120,32.82,484827,75.3,False,2,0,0,2014
Tamil Nadu,Tamil Nadu PC 27,Candidate 3 (OTH),OTH,OTH,,157062,32.4,484827,74.0,False,3,0,0,2014
Tamil Nadu,Tamil Nadu PC 28,Candidate 1 (BJP),BJP,BJP,NDA,500406,65.45,764542,60.4,True,1,302902,39.62,2014
Tamil Nadu,Tamil Nadu PC 28,Candidate 2 (OTH),OTH,OTH,,197504,25.83,764542,73.1,False,2,0,0,2014
Tamil Nadu,Tamil Nadu PC 28,Candidate 3 (INC),INC,INC,UPA,66630,8.72,764542,58.7,False,3,0,0,2014
Tamil Nadu,Tamil Nadu PC 29,Candidate 1 (BJP),BJP,BJP,NDA,316745,47.47,667194,65.7,True,1,67239,10.08,2014
Tamil Nadu,Tamil Nadu PC 29,Candidate 2 (AIADMK),AIADMK,AIADMK,,249506,37.4,667194,75.1,False,2,0,0,2014
Tamil Nadu,Tamil Nadu PC 29,Candidate 3 (TDP),TDP,TDP,NDA,58880,8.83,667194,72.5,False,3,0,0,2014
Tamil Nadu,Tamil Nadu PC 29,Candidate 4 (INC),INC,INC,UPA,42061,6.3,667194,57.3,False,4,0,0,2014
Tamil Nadu,Tamil Nadu PC 30,Candidate 1 (IND),IND,IND,,129263,25.03,516520,71.6,True,1,8023,1.55,2014
Tamil Nadu,Tamil Nadu PC 30,Candidate 2 (BJP),BJP,BJP,NDA,121240,23.47,516520,59.1,False,2,0,0,2014
Tamil Nadu,Tamil Nadu PC 30,Candidate 3 (BSP),BSP,BSP,,116705,22.59,516520,63.9,False,3,0,0,2014
Tamil Nadu,Tamil Nadu PC 30,Candidate 4 (INC),INC,INC,UPA,75168,14.55,516520,67.3,False,4,0,0,2014
Tamil Nadu,Tamil Nadu PC 30,Candidate 5 (SP),SP,SP,,74142,14.35,516520,56.5,False,5,0,0,2014
Tamil Nadu,Tamil Nadu PC 31,Candidate 1 (BJP),BJP,BJP,NDA,358857,60.11,596987,71.1,True,1,120728,20.22,2014
Tamil Nadu,Tamil Nadu PC 31,Candidate 2 (DMK),DMK,DMK,,238129,39.89,596987,57.4,False,2,0,0,2014
Tamil Nadu,Tamil Nadu PC 32,Candidate 1 (SP),SP,SP,,328251,30.58,1073512,60.3,True,1,9095,0.85,2014
Tamil Nadu,Tamil Nadu PC 32,Candidate 2 (TDP),TDP,TDP,NDA,319156,29.73,1073512,65.5,False,2,0,0,2014
Tamil Nadu,Tamil Nadu PC 32,Candidate 3 (OTH),OTH,OTH,,201230,18.75,1073512,71.8,False,3,0,0,2014
Tamil Nadu,Tamil Nadu PC 32,Candidate 4 (BJP),BJP,BJP,NDA,139879,13.03,1073512,74.7,False,4,0,0,2014
Tamil Nadu,Tamil Nadu PC 32,Candidate 5 (AIADMK),AIADMK,AIADMK,,84993,7.92,1073512,74.2,False,5,0,0,2014
Tamil Nadu,Tamil Nadu PC 33,Candidate 1 (TMC),TMC,TMC,,211975,49.1,431691,62.5,True,1,63677,14.75,2014
Tamil Nadu,Tamil Nadu PC 33,Candidate 2 (BJP),BJP,BJP,NDA,148298,34.35,431691,56.7,False,2,0,0,2014
Tamil Nadu,Tamil Nadu PC 33,Candidate 3 (TDP),TDP,TDP,NDA,71416,16.54,431691,69.4,False,3,0,0,2014
Tamil Nadu,Tamil Nadu PC 34,Candidate 1 (BRS),BRS,BRS,,201272,44.14,456020,60.6,True,1,6589,1.44,2014
Tamil Nadu,Tamil Nadu PC 34,Candidate 2 (SP),SP,SP,,194683,42.69,456020,68.7,False,2,0,0,2014
Tamil Nadu,Tamil Nadu PC 34,Candidate 3 (BJP),BJP,BJP,NDA,60064,13.17,456020,61.6,False,3,0,0,2014
Tamil Nadu,Tamil Nadu PC 35,Candidate 1 (BJP),BJP,BJP,NDA,177867,32.6,545659,68.9,True,1,4795,0.88,2014
Tamil Nadu,Tamil Nadu PC 35,Candidate 2 (JDU),JDU,JDU,,173072,31.72,545659,60.3,False,2,0,0,2014
Tamil Nadu,Tamil Nadu PC 35,Candidate 3 (INC),INC,INC,UPA,155257,28.45,545659,67.0,False,3,0,0,2014
Tamil Nadu,Tamil Nadu PC 35,Candidate 4 (IND),IND,IND,,39461,7.23,545659,74.3,False,4,0,0,2014
Tamil Nadu,Tamil Nadu PC 36,Candidate 1 (BJP),BJP,BJP,NDA,262534,35.75,734402,59.1,True,1,37124,5.05,2014
Tamil Nadu,Tamil Nadu PC 36,Candidate 2 (OTH),OTH,OTH,,225410,30.69,734402,61.4,False,2,0,0,2014
Tamil Nadu,Tamil Nadu PC 36,Candidate 3 (AIADMK),AIADMK,AIADMK,,182561,24.86,734402,58.2,False,3,0,0,2014
Tamil Nadu,Tamil Nadu PC 36,Candidate 4 (TMC),TMC,TMC,,63895,8.7,734402,60.2,False,4,0,0,2014
Tamil Nadu,Tamil Nadu PC 37,Candidate 1 (TMC),TMC,TMC,,472032,42.93,1099514,75.5,True,1,15700,1.43,2014
Tamil Nadu,Tamil Nadu PC 37,Candidate 2 (BJP),BJP,BJP,NDA,456332,41.5,1099514,75.9,False,2,0,0,2014
Tamil Nadu,Tamil Nadu PC 37,Candidate 3 (JDU),JDU,JDU,,171148,15.57,1099514,71.5,False,3,0,0,2014
Tamil Nadu,Tamil Nadu PC 38,Candidate 1 (AIADMK),AIADMK,AIADMK,,205140,30.45,673771,58.1,True,1,6488,0.96,2014
Tamil Nadu,Tamil Nadu PC 38,Candidate 2 (JDU),JDU,JDU,,198652,29.48,673771,57.3,False,2,0,0,2014
Tamil Nadu,Tamil Nadu PC 38,Candidate 3 (BJP),BJP,BJP,NDA,121878,18.09,673771,58.9,False,3,0,0,2014
Tamil Nadu,Tamil Nadu PC 38,Candidate 4 (BSP),BSP,BSP,,85013,12.62,673771,73.2,False,4,0,0,2014
Tamil Nadu,Tamil Nadu PC 38,Candidate 5 (BRS),BRS,BRS,,63085,9.36,673771,71.8,False,5,0,0,2014
Tamil Nadu,Tamil Nadu PC 39,Candidate 1 (OTH),OTH,OTH,,608591,58.52,1039988,63.8,True,1,276746,26.61,2014
Tamil Nadu,Tamil Nadu PC 39,Candidate 2 (INC),INC,INC,UPA,331845,31.91,1039988,75.0,False,2,0,0,2014
Tamil Nadu,Tamil Nadu PC 39,Candidate 3 (BJP),BJP,BJP,NDA,99551,9.57,1039988,61.9,False,3,0,0,2014
Madhya Pradesh,Madhya Pradesh PC 1,Candidate 1 (OTH),OTH,OTH,,266403,35.34,753829,74.7,True,1,13030,1.73,2014
Madhya Pradesh,Madhya Pradesh PC 1,Candidate 2 (TMC),TMC,TMC,,253373,33.61,753829,73.4,False,2,0,0,2014
Madhya Pradesh,Madhya Pradesh PC 1,Candidate 3 (BJP),BJP,BJP,NDA,234052,31.05,753829,71.3,False,3,0,0,2014
Madhya Pradesh,Madhya Pradesh PC 2,Candidate 1 (BJP),BJP,BJP,NDA,693335,62.53,1108812,66.2,True,1,491343,44.31,2014
Madhya Pradesh,Madhya Pradesh PC 2,Candidate 2 (AIADMK),AIADMK,AIADMK,,201992,18.22,1108812,76.4,False,2,0,0,2014
Madhya Pradesh,Madhya Pradesh PC 2,Candidate 3 (TDP),TDP,TDP,NDA,128175,11.56,1108812,68.3,False,3,0,0,2014
Madhya Pradesh,Madhya Pradesh PC 2,Candidate 4 (BSP),BSP,BSP,,85308,7.69,1108812,70.7,False,4,0,0,2014
Madhya Pradesh,Madhya Pradesh PC 3,Candidate 1 (BRS),BRS,BRS,,395947,35.07,1128981,73.7,True,1,130486,11.56,2014
Madhya Pradesh,Madhya Pradesh PC 3,Candidate 2 (BJP),BJP,BJP,NDA,265461,23.51,1128981,61.7,False,2,0,0,2014
Madhya Pradesh,Madhya Pradesh PC 3,Candidate 3 (IND),IND,IND,,245431,21.74,1128981,70.7,False,3,0,0,2014
Madhya Pradesh,Madhya Pradesh PC 3,Candidate 4 (BSP),BSP,BSP,,222140,19.68,1128981,75.1,False,4,0,0,2014
Madhya Pradesh,Madhya Pradesh PC 4,Candidate 1 (BJP),BJP,BJP,NDA,296931,45.04,659320,58.1,True,1,91228,13.84,2014
Madhya Pradesh,Madhya Pradesh PC 4,Candidate 2 (JDU),JDU,JDU,,205703,31.2,659320,61.7,False,2,0,0,2014
Madhya Pradesh,Madhya Pradesh PC 4,Candidate 3 (IND),IND,IND,,119628,18.14,659320,57.9,False,3,0,0,2014
Madhya Pradesh,Madhya Pradesh PC 4,Candidate 4 (TMC),TMC,TMC,,37056,5.62,659320,73.9,False,4,0,0,2014
Madhya Pradesh,Madhya Pradesh PC 5,Candidate 1 (BSP),BSP,BSP,,228328,29.53,773077,59.7,True,1,42977,5.56,2014
Madhya Pradesh,Madhya Pradesh PC 5,Candidate 2 (BJP),BJP,BJP,NDA,185351,23.98,773077,63.5,False,2,0,0,2014
Madhya Pradesh,Madhya Pradesh PC 5,Candidate 3 (TMC),TMC,TMC,,139110,17.99,773077,64.5,False,3,0,0,2014
Madhya Pradesh,Madhya Pradesh PC 5,Candidate 4 (AIADMK),AIADMK,AIADMK,,120226,15.55,773077,71.0,False,4,0,0,2014
Madhya Pradesh,Madhya Pradesh PC 5,Candidate 5 (INC),INC,INC,UPA,100059,12.94,773077,69.8,False,5,0,0,2014
Madhya Pradesh,Madhya Pradesh PC 6,Candidate 1 (TMC),TMC,TMC,,477848,43.35,1102321,63.7,True,1,179350,16.27,2014
Madhya Pradesh,Madhya Pradesh PC 6,Candidate 2 (BJP),BJP,BJP,NDA,298498,27.08,1102321,66.3,False,2,0,0,2014
Madhya Pradesh,Madhya Pradesh PC 6,Candidate 3 (INC),INC,INC,UPA,180003,16.33,1102321,71.1,False,3,0,0,2014
Madhya Pradesh,Madhya Pradesh PC 6,Candidate 4 (AIADMK),AIADMK,AIADMK,,145970,13.24,1102321,59.8,False,4,0,0,2014
Madhya Pradesh,Madhya Pradesh PC 7,Candidate 1 (OTH),OTH,OTH,,318992,30.15,1057888,66.3,True,1,24442,2.31,2014
Madhya Pradesh,Madhya Pradesh PC 7,Candidate 2 (BJP),BJP,BJP,NDA,294550,27.84,1057888,56.7,False,2,0,0,2014
Madhya Pradesh,Madhya Pradesh PC 7,Candidate 3 (TDP),TDP,TDP,NDA,283805,26.83,1057888,59.7,False,3,0,0,2014
Madhya Pradesh,Madhya Pradesh PC 7,Candidate 4 (SP),SP,SP,,160539,15.18,1057888,70.8,False,4,0,0,2014
Madhya Pradesh,Madhya Pradesh PC 8,Candidate 1 (OTH),OTH,OTH,,410857,53.51,767799,55.9,True,1,237423,30.92,2014
Madhya Pradesh,Madhya Pradesh PC 8,Candidate 2 (BJP),BJP,BJP,NDA,173434,22.59,767799,66.1,False,2,0,0,2014
Madhya Pradesh,Madhya Pradesh PC 8,Candidate 3 (DMK),DMK,DMK,,102491,13.35,767799,71.4,False,3,0,0,2014
Madhya Pradesh,Madhya Pradesh PC 8,Candidate 4 (JDU),JDU,JDU,,81015,10.55,767799,58.3,False,4,0,0,2014
Madhya Pradesh,Madhya Pradesh PC 9,Candidate 1 (INC),INC,INC,UPA,374941,31.77,1180090,66.9,True,1,47676,4.04,2014
Madhya Pradesh,Madhya Pradesh PC 9,Candidate 2 (BJP),BJP,BJP,NDA,327265,27.73,1180090,63.1,False,2,0,0,2014
Madhya Pradesh,Madhya Pradesh PC 9,Candidate 3 (DMK),DMK,DMK,,314055,26.61,1180090,77.2,False,3,0,0,2014
Madhya Pradesh,Madhya Pradesh PC 9,Candidate 4 (JDU),JDU,JDU,,163827,13.88,1180090,63.8,False,4,0,0,2014
Madhya Pradesh,Madhya Pradesh PC 10,Candidate 1 (TMC),TMC,TMC,,265572,38.21,694978,58.8,True,1,28052,4.04,2014
Madhya Pradesh,Madhya Pradesh PC 10,Candidate 2 (BJP),BJP,BJP,NDA,237520,34.18,694978,63.3,False,2,0,0,2014
Madhya Pradesh,Madhya Pradesh PC 10,Candidate 3 (INC),INC,INC,UPA,191884,27.61,694978,67.2,False,3,0,0,2014
Madhya Pradesh,Madhya Pradesh PC 11,Candidate 1 (BRS),BRS,BRS,,441470,42.67,1034543,67.8,True,1,133893,12.94,2014
Madhya Pradesh,Madhya Pradesh PC 11,Candidate 2 (BJP),BJP,BJP,NDA,307577,29.73,1034543,59.9,False,2,0,0,2014
Madhya Pradesh,Madhya Pradesh PC 11,Candidate 3 (SP),SP,SP,,285494,27.6,1034543,68.7,False,3,0,0,2014
Madhya Pradesh,Madhya Pradesh PC 12,Candidate 1 (BJP),BJP,BJP,NDA,208821,26.13,799277,74.2,True,1,7691,0.96,2014
Madhya Pradesh,Madhya Pradesh PC 12,Candidate 2 (SP),SP,SP,,201130,25.16,799277,60.3,False,2,0,0,2014
Madhya Pradesh,Madhya Pradesh PC 12,Candidate 3 (INC),INC,INC,UPA,195472,24.46,799277,74.7,False,3,0,0,2014
Madhya Pradesh,Madhya Pradesh PC 12,Candidate 4 (TMC),TMC,TMC,,193852,24.25,799277,75.4,False,4,0,0,2014
Madhya Pradesh,Madhya Pradesh PC 13,Candidate 1 (BJP),BJP,BJP,NDA,352807,53.18,663387,59.9,True,1,42228,6.37,2014
Madhya Pradesh,Madhya Pradesh PC 13,Candidate 2 (INC),INC,INC,UPA,310579,46.82,663387,74.4,False,2,0,0,2014
Madhya Pradesh,Madhya Pradesh PC 14,Candidate 1 (BJP),BJP,BJP,NDA,162713,28.24,576142,66.9,True,1,25014,4.34,2014
Madhya Pradesh,Madhya Pradesh PC 14,Candidate 2 (BRS),BRS,BRS,,137699,23.9,576142,76.5,False,2,0,0,2014
Madhya Pradesh,Madhya Pradesh PC 14,Candidate 3 (OTH),OTH,OTH,,131527,22.83,576142,76.7,False,3,0,0,2014
Madhya Pradesh,Madhya Pradesh PC 14,Candidate 4 (DMK),DMK,DMK,,101590,17.63,576142,58.9,False,4,0,0,2014
Madhya Pradesh,Madhya Pradesh PC 14,Candidate 5 (BSP),BSP,BSP,,23682,4.11,576142,55.9,False,5,0,0,2014
Madhya Pradesh,Madhya Pradesh PC 14,Candidate 6 (INC),INC,INC,UPA,18929,3.29,576142,58.8,False,6,0,0,2014
Madhya Pradesh,Madhya Pradesh PC 15,Candidate 1 (BRS),BRS,BRS,,159740,37.31,428125,77.3,True,1,13143,3.07,2014
Madhya Pradesh,Madhya Pradesh PC 15,Candidate 2 (BJP),BJP,BJP,NDA,146597,34.24,428125,58.3,False,2,0,0,2014
Madhya Pradesh,Madhya Pradesh PC 15,Candidate 3 (TMC),TMC,TMC,,73639,17.2,428125,67.7,False,3,0,0,2014
Madhya Pradesh,Madhya Pradesh PC 15,Candidate 4 (AIADMK),AIADMK,AIADMK,,24572,5.74,428125,62.8,False,4,0,0,2014
Madhya Pradesh,Madhya Pradesh PC 15,Candidate 5 (SP),SP,SP,,23574,5.51,428125,58.3,False,5,0,0,2014
Madhya Pradesh,Madhya Pradesh PC 16,Candidate 1 (SP),SP,SP,,443531,46.81,947456,77.3,True,1,83352,8.8,2014
Madhya Pradesh,Madhya Pradesh PC 16,Candidate 2 (INC),INC,INC,UPA,360179,38.02,947456,68.9,False,2,0,0,2014
Madhya Pradesh,Madhya Pradesh PC 16,Candidate 3 (BJP),BJP,BJP,NDA,143745,15.17,947456,61.9,False,3,0,0,2014
Madhya Pradesh,Madhya Pradesh PC 17,Candidate 1 (OTH),OTH,OTH,,376380,61.75,609568,66.6,True,1,257666,42.27,2014
Madhya Pradesh,Madhya Pradesh PC 17,Candidate 2 (BJP),BJP,BJP,NDA,118714,19.48,609568,73.4,False,2,0,0,2014
Madhya Pradesh,Madhya Pradesh PC 17,Candidate 3 (SP),SP,SP,,114473,18.78,609568,75.6,False,3,0,0,2014
Madhya Pradesh,Madhya Pradesh PC 18,Candidate 1 (BJP),BJP,BJP,NDA,943295,83.84,1125175,63.6,True,1,761416,67.67,2014
Madhya Pradesh,Madhya Pradesh PC 18,Candidate 2 (SP),SP,SP,,181879,16.16,1125175,66.6,False,2,0,0,2014
Madhya Pradesh,Madhya Pradesh PC 19,Candidate 1 (BJP),BJP,BJP,NDA,342497,37.91,903381,74.8,True,1,69024,7.64,2014
Madhya Pradesh,Madhya Pradesh PC 19,Candidate 2 (INC),INC,INC,UPA,273473,30.27,903381,73.3,False,2,0,0,2014
Madhya Pradesh,Madhya Pradesh PC 19,Candidate 3 (TMC),TMC,TMC,,231723,25.65,903381,71.1,False,3,0,0,2014
Madhya Pradesh,Madhya Pradesh PC 19,Candidate 4 (OTH),OTH,OTH,,55686,6.16,903381,76.9,False,4,0,0,2014
Madhya Pradesh,Madhya Pradesh PC 20,Candidate 1 (BJP),BJP,BJP,NDA,450377,54.1,832476,57.2,True,1,254818,30.61,2014
Madhya Pradesh,Madhya Pradesh PC 20,Candidate 2 (TMC),TMC,TMC,,195559,23.49,832476,73.4,False,2,0,0,2014
Madhya Pradesh,Madhya Pradesh PC 20,Candidate 3 (AIADMK),AIADMK,AIADMK,,186538,22.41,832476,71.0,False,3,0,0,2014
Madhya Pradesh,Madhya Pradesh PC 21,Candidate 1 (TMC),TMC,TMC,,159505,25.6,622972,74.4,True,1,26243,4.21,2014
Madhya Pradesh,Madhya Pradesh PC 21,Candidate 2 (AIADMK),AIADMK,AIADMK,,133262,21.39,622972,60.4,False,2,0,0,2014
Madhya Pradesh,Madhya Pradesh PC 21,Candidate 3 (JDU),JDU,JDU,,132807,21.32,622972,71.7,False,3,0,0,2014
Madhya Pradesh,Madhya Pradesh PC 21,Candidate 4 (BRS),BRS,BRS,,110047,17.66,622972,73.5,False,4,0,0,2014
Madhya Pradesh,Madhya Pradesh PC 21,Candidate 5 (BJP),BJP,BJP,NDA,87348,14.02,622972,60.0,False,5,0,0,2014
Madhya Pradesh,Madhya Pradesh PC 22,Candidate 1 (INC),INC,INC,UPA,286456,38.86,737165,64.3,True,1,32446,4.4,2014
Madhya Pradesh,Madhya Pradesh PC 22,Candidate 2 (BJP),BJP,BJP,NDA,254010,34.46,737165,71.1,False,2,0,0,2014
Madhya Pradesh,Madhya Pradesh PC 22,Candidate 3 (DMK),DMK,DMK,,196698,26.68,737165,67.1,False,3,0,0,2014
Madhya Pradesh,Madhya Pradesh PC 23,Candidate 1 (INC),INC,INC,UPA,160876,20.62,780060,74.4,True,1,2623,0.34,2014
Madhya Pradesh,Madhya Pradesh PC 23,Candidate 2 (DMK),DMK,DMK,,158253,20.29,780060,71.2,False,2,0,0,2014
Madhya Pradesh,Madhya Pradesh PC 23,Candidate 3 (SP),SP,SP,,151993,19.48,780060,63.6,False,3,0,0,2014
Madhya Pradesh,Madhya Pradesh PC 23,Candidate 4 (OTH),OTH,OTH,,123748,15.86,780060,68.7,False,4,0,0,2014
Madhya Pradesh,Madhya Pradesh PC 23,Candidate 5 (BJP),BJP,BJP,NDA,119300,15.29,780060,64.5,False,5,0,0,2014
Madhya Pradesh,Madhya Pradesh PC 23,Candidate 6 (TDP),TDP,TDP,NDA,65887,8.45,780060,72.4,False,6,0,0,2014
Madhya Pradesh,Madhya Pradesh PC 24,Candidate 1 (BJP),BJP,BJP,NDA,149429,31.95,467694,63.0,True,1,16703,3.57,2014
Madhya Pradesh,Madhya Pradesh PC 24,Candidate 2 (TMC),TMC,TMC,,132726,28.38,467694,74.5,False,2,0,0,2014
Madhya Pradesh,Madhya Pradesh PC 24,Candidate 3 (BRS),BRS,BRS,,84378,18.04,467694,67.3,False,3,0,0,2014
Madhya Pradesh,Madhya Pradesh PC 24,Candidate 4 (AIADMK),AIADMK,AIADMK,,72967,15.6,467694,68.5,False,4,0,0,2014
Madhya Pradesh,Madhya Pradesh PC 24,Candidate 5 (TDP),TDP,TDP,NDA,28192,6.03,467694,70.2,False,5,0,0,2014
Madhya Pradesh,Madhya Pradesh PC 25,Candidate 1 (BJP),BJP,BJP,NDA,578333,52.74,1096605,55.8,True,1,264206,24.09,2014
Madhya Pradesh,Madhya Pradesh PC 25,Candidate 2 (OTH),OTH,OTH,,314127,28.65,1096605,71.0,False,2,0,0,2014
Madhya Pradesh,Madhya Pradesh PC 25,Candidate 3 (INC),INC,INC,UPA,204143,18.62,1096605,58.2,False,3,0,0,2014
Madhya Pradesh,Madhya Pradesh PC 26,Candidate 1 (TMC),TMC,TMC,,262695,33.29,789061,76.1,True,1,7584,0.96,2014
Madhya Pradesh,Madhya Pradesh PC 26,Candidate 2 (OTH),OTH,OTH,,255111,32.33,789061,71.2,False,2,0,0,2014
Madhya Pradesh,Madhya Pradesh PC 26,Candidate 3 (BJP),BJP,BJP,NDA,148093,18.77,789061,65.4,False,3,0,0,2014
Madhya Pradesh,Madhya Pradesh PC 26,Candidate 4 (BRS),BRS,BRS,,123160,15.61,789061,74.8,False,4,0,0,2014
Madhya Pradesh,Madhya Pradesh PC 27,Candidate 1 (BJP),BJP,BJP,NDA,188030,34.74,541318,56.5,True,1,61889,11.43,2014
Madhya Pradesh,Madhya Pradesh PC 27,Candidate 2 (TDP),TDP,TDP,NDA,126141,23.3,541318,64.2,False,2,0,0,2014
Madhya Pradesh,Madhya Pradesh PC 27,Candidate 3 (BRS),BRS,BRS,,125946,23.27,541318,66.3,False,3,0,0,2014
Madhya Pradesh,Madhya Pradesh PC 27,Candidate 4 (SP),SP,SP,,101199,18.7,541318,67.5,False,4,0,0,2014
Madhya Pradesh,Madhya Pradesh PC 28,Candidate 1 (AIADMK),AIADMK,AIADMK,,302862,48.24,627838,61.5,True,1,131151,20.89,2014
Madhya Pradesh,Madhya Pradesh PC 28,Candidate 2 (BJP),BJP,BJP,NDA,171711,27.35,627838,56.8,False,2,0,0,2014
Madhya Pradesh,Madhya Pradesh PC 28,Candidate 3 (TDP),TDP,TDP,NDA,153264,24.41,627838,56.7,False,3,0,0,2014
Madhya Pradesh,Madhya Pradesh PC 29,Candidate 1 (JDU),JDU,JDU,,167294,27.42,610192,62.0,True,1,10840,1.78,2014
Madhya Pradesh,Madhya Pradesh PC 29,Candidate 2 (SP),SP,SP,,156454,25.64,610192,55.9,False,2,0,0,2014
Madhya Pradesh,Madhya Pradesh PC 29,Candidate 3 (BRS),BRS,BRS,,128626,21.08,610192,66.1,False,3,0,0,2014
Madhya Pradesh,Madhya Pradesh PC 29,Candidate 4 (BJP),BJP,BJP,NDA,96931,15.89,610192,68.8,False,4,0,0,2014
Madhya Pradesh,Madhya Pradesh PC 29,Candidate 5 (BSP),BSP,BSP,,60884,9.98,610192,63.4,False,5,0,0,2014
Rajasthan,Rajasthan PC 1,Candidate 1 (TDP),TDP,TDP,NDA,204394,28.24,723682,68.0,True,1,25058,3.46,2014
Rajasthan,Rajasthan PC 1,Candidate 2 (IND),IND,IND,,179336,24.78,723682,56.3,False,2,0,0,2014
Rajasthan,Rajasthan PC 1,Candidate 3 (TMC),TMC,TMC,,132801,18.35,723682,71.4,False,3,0,0,2014
Rajasthan,Rajasthan PC 1,Candidate 4 (INC),INC,INC,UPA,129907,17.95,723682,66.6,False,4,0,0,2014
Rajasthan,Rajasthan PC 1,Candidate 5 (BJP),BJP,BJP,NDA,77242,10.67,723682,58.9,False,5,0,0,2014
Rajasthan,Rajasthan PC 2,Candidate 1 (BJP),BJP,BJP,NDA,148549,31.01,479052,74.3,True,1,44253,9.24,2014
Rajasthan,Rajasthan PC 2,Candidate 2 (OTH),OTH,OTH,,104296,21.77,479052,55.4,False,2,0,0,2014
Rajasthan,Rajasthan PC 2,Candidate 3 (SP),SP,SP,,93943,19.61,479052,75.8,False,3,0,0,2014
Rajasthan,Rajasthan PC 2,Candidate 4 (BRS),BRS,BRS,,79710,16.64,479052,69.7,False,4,0,0,2014
Rajasthan,Rajasthan PC 2,Candidate 5 (IND),IND,IND,,52552,10.97,479052,77.2,False,5,0,0,2014
Rajasthan,Rajasthan PC 3,Candidate 1 (BJP),BJP,BJP,NDA,242477,36.84,658246,58.9,True,1,11486,1.74,2014
Rajasthan,Rajasthan PC 3,Candidate 2 (TDP),TDP,TDP,NDA,230991,35.09,658246,77.9,False,2,0,0,2014
Rajasthan,Rajasthan PC 3,Candidate 3 (DMK),DMK,DMK,,184776,28.07,658246,59.9,False,3,0,0,2014
Rajasthan,Rajasthan PC 4,Candidate 1 (BJP),BJP,BJP,NDA,242105,48.55,498651,61.8,True,1,85110,17.07,2014
Rajasthan,Rajasthan PC 4,Candidate 2 (AIADMK),AIADMK,AIADMK,,156995,31.48,498651,69.3,False,2,0,0,2014
Rajasthan,Rajasthan PC 4,Candidate 3 (BRS),BRS,BRS,,99549,19.96,498651,63.9,False,3,0,0,2014
Rajasthan,Rajasthan PC 5,Candidate 1 (AIADMK),AIADMK,AIADMK,,246277,28.2,873262,57.7,True,1,4499,0.52,2014
Rajasthan,Rajasthan PC 5,Candidate 2 (INC),INC,INC,UPA,241778,27.69,873262,62.9,False,2,0,0,2014
Rajasthan,Rajasthan PC 5,Candidate 3 (TMC),TMC,TMC,,202359,23.17,873262,74.4,False,3,0,0,2014
Rajasthan,Rajasthan PC 5,Candidate 4 (BJP),BJP,BJP,NDA,182847,20.94,873262,60.6,False,4,0,0,2014
Rajasthan,Rajasthan PC 6,Candidate 1 (BJP),BJP,BJP,NDA,646629,61.82,1045925,77.1,True,1,440393,42.11,2014
Rajasthan,Rajasthan PC 6,Candidate 2 (JDU),JDU,JDU,,206236,19.72,1045925,75.0,False,2,0,0,2014
Rajasthan,Rajasthan PC 6,Candidate 3 (OTH),OTH,OTH,,193058,18.46,1045925,76.5,False,3,0,0,2014
Rajasthan,Rajasthan PC 7,Candidate 1 (TMC),TMC,TMC,,456582,40.16,1136958,65.1,True,1,84417,7.42,2014
Rajasthan,Rajasthan PC 7,Candidate 2 (BRS),BRS,BRS,,372165,32.73,1136958,72.8,False,2,0,0,2014
Rajasthan,Rajasthan PC 7,Candidate 3 (DMK),DMK,DMK,,228739,20.12,1136958,68.1,False,3,0,0,2014
Rajasthan,Rajasthan PC 7,Candidate 4 (IND),IND,IND,,79470,6.99,1136958,63.6,False,4,0,0,2014
Rajasthan,Rajasthan PC 8,Candidate 1 (SP),SP,SP,,360518,32.64,1104670,69.6,True,1,109168,9.88,2014
Rajasthan,Rajasthan PC 8,Candidate 2 (BJP),BJP,BJP,NDA,251350,22.75,1104670,65.1,False,2,0,0,2014
Rajasthan,Rajasthan PC 8,Candidate 3 (OTH),OTH,OTH,,224829,20.35,1104670,59.9,False,3,0,0,2014
Rajasthan,Rajasthan PC 8,Candidate 4 (TMC),TMC,TMC,,217215,19.66,1104670,59.8,False,4,0,0,2014
Rajasthan,Rajasthan PC 8,Candidate 5 (BRS),BRS,BRS,,50755,4.59,1104670,62.5,False,5,0,0,2014
Rajasthan,Rajasthan PC 9,Candidate 1 (OTH),OTH,OTH,,208882,22.03,948106,73.1,True,1,1820,0.19,2014
Rajasthan,Rajasthan PC 9,Candidate 2 (BJP),BJP,BJP,NDA,207062,21.84,948106,65.1,False,2,0,0,2014
Rajasthan,Rajasthan PC 9,Candidate 3 (AIADMK),AIADMK,AIADMK,,202752,21.39,948106,71.8,False,3,0,0,2014
Rajasthan,Rajasthan PC 9,Candidate 4 (IND),IND,IND,,179651,18.95,948106,67.2,False,4,0,0,2014
Rajasthan,Rajasthan PC 9,Candidate 5 (TMC),TMC,TMC,,149757,15.8,948106,59.6,False,5,0,0,2014
Rajasthan,Rajasthan PC 10,Candidate 1 (INC),INC,INC,UPA,153014,23.07,663246,67.0,True,1,25550,3.85,2014
Rajasthan,Rajasthan PC 10,Candidate 2 (BSP),BSP,BSP,,127464,19.22,663246,62.0,False,2,0,0,2014
Rajasthan,Rajasthan PC 10,Candidate 3 (DMK),DMK,DMK,,125170,18.87,663246,77.5,False,3,0,0,2014
Rajasthan,Rajasthan PC 10,Candidate 4 (JDU),JDU,JDU,,121041,18.25,663246,64.5,False,4,0,0,2014
Rajasthan,Rajasthan PC 10,Candidate 5 (IND),IND,IND,,72976,11.0,663246,66.8,False,5,0,0,2014
Rajasthan,Rajasthan PC 10,Candidate 6 (BJP),BJP,BJP,NDA,63578,9.59,663246,73.0,False,6,0,0,2014
Rajasthan,Rajasthan PC 11,Candidate 1 (BJP),BJP,BJP,NDA,394270,36.31,1085703,60.5,True,1,45359,4.18,2014
Rajasthan,Rajasthan PC 11,Candidate 2 (OTH),OTH,OTH,,348911,32.14,1085703,72.3,False,2,0,0,2014
Rajasthan,Rajasthan PC 11,Candidate 3 (SP),SP,SP,,266905,24.58,1085703,57.7,False,3,0,0,2014
Rajasthan,Rajasthan PC 11,Candidate 4 (TDP),TDP,TDP,NDA,75615,6.96,1085703,67.3,False,4,0,0,2014
Rajasthan,Rajasthan PC 12,Candidate 1 (JDU),JDU,JDU,,285462,32.3,883848,77.8,True,1,6311,0.71,2014
Rajasthan,Rajasthan PC 12,Candidate 2 (OTH),OTH,OTH,,279151,31.58,883848,77.8,False,2,0,0,2014
Rajasthan,Rajasthan PC 12,Candidate 3 (BJP),BJP,BJP,NDA,171562,19.41,883848,72.1,False,3,0,0,2014
Rajasthan,Rajasthan PC 12,Candidate 4 (INC),INC,INC,UPA,147671,16.71,883848,63.0,False,4,0,0,2014
Rajasthan,Rajasthan PC 13,Candidate 1 (BJP),BJP,BJP,NDA,257891,23.19,1112224,62.0,True,1,5463,0.49,2014
Rajasthan,Rajasthan PC 13,Candidate 2 (SP),SP,SP,,252428,22.7,1112224,59.2,False,2,0,0,2014
Rajasthan,Rajasthan PC 13,Candidate 3 (BRS),BRS,BRS,,251521,22.61,1112224,63.5,False,3,0,0,2014
Rajasthan,Rajasthan PC 13,Candidate 4 (TDP),TDP,TDP,NDA,225807,20.3,1112224,61.7,False,4,0,0,2014
Rajasthan,Rajasthan PC 13,Candidate 5 (DMK),DMK,DMK,,66039,5.94,1112224,75.8,False,5,0,0,2014
Rajasthan,Rajasthan PC 13,Candidate 6 (TMC),TMC,TMC,,58535,5.26,1112224,69.0,False,6,0,0,2014
Rajasthan,Rajasthan PC 14,Candidate 1 (BJP),BJP,BJP,NDA,520706,63.09,825391,58.0,True,1,360304,43.65,2014
Rajasthan,Rajasthan PC 14,Candidate 2 (INC),INC,INC,UPA,160402,19.43,825391,63.7,False,2,0,0,2014
Rajasthan,Rajasthan PC 14,Candidate 3 (TMC),TMC,TMC,,144281,17.48,825391,58.4,False,3,0,0,2014
Rajasthan,Rajasthan PC 15,Candidate 1 (TDP),TDP,TDP,NDA,334621,41.62,804083,62.4,True,1,34290,4.26,2014
Rajasthan,Rajasthan PC 15,Candidate 2 (INC),INC,INC,UPA,300331,37.35,804083,76.2,False,2,0,0,2014
Rajasthan,Rajasthan PC 15,Candidate 3 (BJP),BJP,BJP,NDA,101090,12.57,804083,68.3,False,3,0,0,2014
Rajasthan,Rajasthan PC 15,Candidate 4 (TMC),TMC,TMC,,68039,8.46,804083,59.7,False,4,0,0,2014
Rajasthan,Rajasthan PC 16,Candidate 1 (BJP),BJP,BJP,NDA,427967,40.57,1054907,73.9,True,1,41618,3.95,2014
Rajasthan,Rajasthan PC 16,Candidate 2 (INC),INC,INC,UPA,386349,36.62,1054907,60.0,False,2,0,0,2014
Rajasthan,Rajasthan PC 16,Candidate 3 (AIADMK),AIADMK,AIADMK,,240589,22.81,1054907,58.1,False,3,0,0,2014
Rajasthan,Rajasthan PC 17,Candidate 1 (DMK),DMK,DMK,,272245,37.16,732723,70.5,True,1,59353,8.1,2014
Rajasthan,Rajasthan PC 17,Candidate 2 (BJP),BJP,BJP,NDA,212892,29.05,732723,71.7,False,2,0,0,2014
Rajasthan,Rajasthan PC 17,Candidate 3 (OTH),OTH,OTH,,135626,18.51,732723,61.1,False,3,0,0,2014
Rajasthan,Rajasthan PC 17,Candidate 4 (SP),SP,SP,,111958,15.28,732723,70.1,False,4,0,0,2014
Rajasthan,Rajasthan PC 18,Candidate 1 (DMK),DMK,DMK,,283994,41.58,683052,73.6,True,1,117227,17.16,2014
Rajasthan,Rajasthan PC 18,Candidate 2 (TMC),TMC,TMC,,166767,24.41,683052,63.3,False,2,0,0,2014
Rajasthan,Rajasthan PC 18,Candidate 3 (BRS),BRS,BRS,,135267,19.8,683052,73.7,False,3,0,0,2014
Rajasthan,Rajasthan PC 18,Candidate 4 (BJP),BJP,BJP,NDA,97022,14.2,683052,60.3,False,4,0,0,2014
Rajasthan,Rajasthan PC 19,Candidate 1 (TMC),TMC,TMC,,237645,40.79,582671,66.1,True,1,58294,10.0,2014
Rajasthan,Rajasthan PC 19,Candidate 2 (SP),SP,SP,,179351,30.78,582671,59.5,False,2,0,0,2014
Rajasthan,Rajasthan PC 19,Candidate 3 (BSP),BSP,BSP,,116540,20.0,582671,60.4,False,3,0,0,2014
Rajasthan,Rajasthan PC 19,Candidate 4 (INC),INC,INC,UPA,49133,8.43,582671,75.2,False,4,0,0,2014
Rajasthan,Rajasthan PC 20,Candidate 1 (BJP),BJP,BJP,NDA,209454,35.02,598019,76.2,True,1,23705,3.96,2014
Rajasthan,Rajasthan PC 20,Candidate 2 (TDP),TDP,TDP,NDA,185749,31.06,598019,61.2,False,2,0,0,2014
Rajasthan,Rajasthan PC 20,Candidate 3 (SP),SP,SP,,116686,19.51,598019,69.8,False,3,0,0,2014
Rajasthan,Rajasthan PC 20,Candidate 4 (OTH),OTH,OTH,,86129,14.4,598019,56.2,False,4,0,0,2014
Rajasthan,Rajasthan PC 21,Candidate 1 (INC),INC,INC,UPA,388058,47.16,822905,76.5,True,1,93353,11.34,2014
Rajasthan,Rajasthan PC 21,Candidate 2 (BJP),BJP,BJP,NDA,294705,35.81,822905,59.7,False,2,0,0,2014
Rajasthan,Rajasthan PC 21,Candidate 3 (TMC),TMC,TMC,,140141,17.03,822905,75.2,False,3,0,0,2014
Rajasthan,Rajasthan PC 22,Candidate 1 (BJP),BJP,BJP,NDA,274846,45.23,607610,74.4,True,1,30116,4.96,2014
Rajasthan,Rajasthan PC 22,Candidate 2 (TMC),TMC,TMC,,244730,40.28,607610,58.3,False,2,0,0,2014
Rajasthan,Rajasthan PC 22,Candidate 3 (INC),INC,INC,UPA,88032,14.49,607610,69.7,False,3,0,0,2014
Rajasthan,Rajasthan PC 23,Candidate 1 (OTH),OTH,OTH,,183356,26.24,698864,73.1,True,1,37473,5.36,2014
Rajasthan,Rajasthan PC 23,Candidate 2 (INC),INC,INC,UPA,145883,20.87,698864,62.7,False,2,0,0,2014
Rajasthan,Rajasthan PC 23,Candidate 3 (BRS),BRS,BRS,,142145,20.34,698864,67.5,False,3,0,0,2014
Rajasthan,Rajasthan PC 23,Candidate 4 (BJP),BJP,BJP,NDA,120102,17.19,698864,57.5,False,4,0,0,2014
Rajasthan,Rajasthan PC 23,Candidate 5 (SP),SP,SP,,107376,15.36,698864,67.9,False,5,0,0,2014
Rajasthan,Rajasthan PC 24,Candidate 1 (BJP),BJP,BJP,NDA,137494,31.23,440264,56.7,True,1,6439,1.46,2014
Rajasthan,Rajasthan PC 24,Candidate 2 (AIADMK),AIADMK,AIADMK,,131055,29.77,440264,78.0,False,2,0,0,2014
Rajasthan,Rajasthan PC 24,Candidate 3 (OTH),OTH,OTH,,76258,17.32,440264,55.2,False,3,0,0,2014
Rajasthan,Rajasthan PC 24,Candidate 4 (SP),SP,SP,,68599,15.58,440264,61.2,False,4,0,0,2014
Rajasthan,Rajasthan PC 24,Candidate 5 (INC),INC,INC,UPA,26855,6.1,440264,63.4,False,5,0,0,2014
Rajasthan,Rajasthan PC 25,Candidate 1 (BRS),BRS,BRS,,370696,37.52,988119,77.1,True,1,40656,4.11,2014
Rajasthan,Rajasthan PC 25,Candidate 2 (SP),SP,SP,,330040,33.4,988119,63.4,False,2,0,0,2014
Rajasthan,Rajasthan PC 25,Candidate 3 (INC),INC,INC,UPA,171869,17.39,988119,75.1,False,3,0,0,2014
Rajasthan,Rajasthan PC 25,Candidate 4 (BJP),BJP,BJP,NDA,115512,11.69,988119,66.2,False,4,0,0,2014
Karnataka,Karnataka PC 1,Candidate 1 (BRS),BRS,BRS,,185192,30.17,613851,64.0,True,1,28458,4.64,2014
Karnataka,Karnataka PC 1,Candidate 2 (BJP),BJP,BJP,NDA,156734,25.53,613851,55.0,False,2,0,0,2014
Karnataka,Karnataka PC 1,Candidate 3 (AIADMK),AIADMK,AIADMK,,137733,22.44,613851,59.9,False,3,0,0,2014
Karnataka,Karnataka PC 1,Candidate 4 (JDU),JDU,JDU,,134190,21.86,613851,69.7,False,4,0,0,2014
Karnataka,Karnataka PC 2,Candidate 1 (BJP),BJP,BJP,NDA,339195,49.07,691304,73.3,True,1,119660,17.31,2014
Karnataka,Karnataka PC 2,Candidate 2 (AIADMK),AIADMK,AIADMK,,219535,31.76,691304,65.4,False,2,0,0,2014
Karnataka,Karnataka PC 2,Candidate 3 (INC),INC,INC,UPA,132572,19.18,691304,76.4,False,3,0,0,2014
Karnataka,Karnataka PC 3,Candidate 1 (SP),SP,SP,,189491,41.77,453648,64.4,True,1,47447,10.46,2014
Karnataka,Karnataka PC 3,Candidate 2 (BRS),BRS,BRS,,142044,31.31,453648,58.4,False,2,0,0,2014
Karnataka,Karnataka PC 3,Candidate 3 (BJP),BJP,BJP,NDA,122111,26.92,453648,67.2,False,3,0,0,2014
Karnataka,Karnataka PC 4,Candidate 1 (OTH),OTH,OTH,,472282,40.4,1169020,73.2,True,1,96452,8.25,2014
Karnataka,Karnataka PC 4,Candidate 2 (INC),INC,INC,UPA,375830,32.15,1169020,71.1,False,2,0,0,2014
Karnataka,Karnataka PC 4,Candidate 3 (BJP),BJP,BJP,NDA,320906,27.45,1169020,66.4,False,3,0,0,2014
Karnataka,Karnataka PC 5,Candidate 1 (TDP),TDP,TDP,NDA,311285,27.38,1136909,61.7,True,1,19305,1.7,2014
Karnataka,Karnataka PC 5,Candidate 2 (INC),INC,INC,UPA,291980,25.68,1136909,66.0,False,2,0,0,2014
Karnataka,Karnataka PC 5,Candidate 3 (DMK),DMK,DMK,,239594,21.07,1136909,56.1,False,3,0,0,2014
Karnataka,Karnataka PC 5,Candidate 4 (BJP),BJP,BJP,NDA,214602,18.88,1136909,73.8,False,4,0,0,2014
Karnataka,Karnataka PC 5,Candidate 5 (AIADMK),AIADMK,AIADMK,,79445,6.99,1136909,60.1,False,5,0,0,2014
Karnataka,Karnataka PC 6,Candidate 1 (AIADMK),AIADMK,AIADMK,,558071,71.47,780841,71.6,True,1,424162,54.32,2014
Karnataka,Karnataka PC 6,Candidate 2 (INC),INC,INC,UPA,133909,17.15,780841,63.9,False,2,0,0,2014
Karnataka,Karnataka PC 6,Candidate 3 (BJP),BJP,BJP,NDA,88860,11.38,780841,58.5,False,3,0,0,2014
Karnataka,Karnataka PC 7,Candidate 1 (OTH),OTH,OTH,,283215,38.09,743562,72.6,True,1,40306,5.42,2014
Karnataka,Karnataka PC 7,Candidate 2 (DMK),DMK,DMK,,242909,32.67,743562,59.3,False,2,0,0,2014
Karnataka,Karnataka PC 7,Candidate 3 (BRS),BRS,BRS,,116987,15.73,743562,64.8,False,3,0,0,2014
Karnataka,Karnataka PC 7,Candidate 4 (BJP),BJP,BJP,NDA,100448,13.51,743562,60.5,False,4,0,0,2014
Karnataka,Karnataka PC 8,Candidate 1 (IND),IND,IND,,162110,36.98,438377,75.9,True,1,22722,5.18,2014
Karnataka,Karnataka PC 8,Candidate 2 (INC),INC,INC,UPA,139388,31.8,438377,56.4,False,2,0,0,2014
Karnataka,Karnataka PC 8,Candidate 3 (TDP),TDP,TDP,NDA,98241,22.41,438377,71.9,False,3,0,0,2014
Karnataka,Karnataka PC 8,Candidate 4 (BJP),BJP,BJP,NDA,38637,8.81,438377,56.5,False,4,0,0,2014
Karnataka,Karnataka PC 9,Candidate 1 (BSP),BSP,BSP,,263525,29.22,902004,71.0,True,1,31891,3.54,2014
Karnataka,Karnataka PC 9,Candidate 2 (BRS),BRS,BRS,,231634,25.68,902004,68.7,False,2,0,0,2014
Karnataka,Karnataka PC 9,Candidate 3 (BJP),BJP,BJP,NDA,218117,24.18,902004,58.1,False,3,0,0,2014
Karnataka,Karnataka PC 9,Candidate 4 (AIADMK),AIADMK,AIADMK,,103403,11.46,902004,59.6,False,4,0,0,2014
Karnataka,Karnataka PC 9,Candidate 5 (TMC),TMC,TMC,,85323,9.46,902004,57.1,False,5,0,0,2014
Karnataka,Karnataka PC 10,Candidate 1 (AIADMK),AIADMK,AIADMK,,212375,34.8,610356,77.6,True,1,33424,5.48,2014
Karnataka,Karnataka PC 10,Candidate 2 (BJP),BJP,BJP,NDA,178951,29.32,610356,58.6,False,2,0,0,2014
Karnataka,Karnataka PC 10,Candidate 3 (OTH),OTH,OTH,,114580,18.77,610356,56.7,False,3,0,0,2014
Karnataka,Karnataka PC 10,Candidate 4 (TMC),TMC,TMC,,104448,17.11,610356,63.8,False,4,0,0,2014
Karnataka,Karnataka PC 11,Candidate 1 (BJP),BJP,BJP,NDA,214383,38.3,559786,74.3,True,1,55957,10.0,2014
Karnataka,Karnataka PC 11,Candidate 2 (OTH),OTH,OTH,,158426,28.3,559786,74.4,False,2,0,0,2014
Karnataka,Karnataka PC 11,Candidate 3 (IND),IND,IND,,123534,22.07,559786,56.6,False,3,0,0,2014
Karnataka,Karnataka PC 11,Candidate 4 (SP),SP,SP,,63441,11.33,559786,59.9,False,4,0,0,2014
Karnataka,Karnataka PC 12,Candidate 1 (BJP),BJP,BJP,NDA,419644,48.49,865455,57.5,True,1,143351,16.56,2014
Karnataka,Karnataka PC 12,Candidate 2 (BSP),BSP,BSP,,276293,31.92,865455,61.3,False,2,0,0,2014
Karnataka,Karnataka PC 12,Candidate 3 (OTH),OTH,OTH,,169517,19.59,865455,60.8,False,3,0,0,2014
Karnataka,Karnataka PC 13,Candidate 1 (TMC),TMC,TMC,,421273,43.84,960964,69.8,True,1,33687,3.51,2014
Karnataka,Karnataka PC 13,Candidate 2 (BJP),BJP,BJP,NDA,387586,40.33,960964,59.0,False,2,0,0,2014
Karnataka,Karnataka PC 13,Candidate 3 (IND),IND,IND,,152103,15.83,960964,76.6,False,3,0,0,2014
Karnataka,Karnataka PC 14,Candidate 1 (BJP),BJP,BJP,NDA,365579,38.77,942883,69.6,True,1,6517,0.69,2014
Karnataka,Karnataka PC 14,Candidate 2 (INC),INC,INC,UPA,359062,38.08,942883,70.7,False,2,0,0,2014
Karnataka,Karnataka PC 14,Candidate 3 (OTH),OTH,OTH,,218241,23.15,942883,64.1,False,3,0,0,2014
Karnataka,Karnataka PC 15,Candidate 1 (IND),IND,IND,,344907,46.11,748060,67.3,True,1,91491,12.23,2014
Karnataka,Karnataka PC 15,Candidate 2 (JDU),JDU,JDU,,253416,33.88,748060,57.5,False,2,0,0,2014
Karnataka,Karnataka PC 15,Candidate 3 (INC),INC,INC,UPA,82529,11.03,748060,65.8,False,3,0,0,2014
Karnataka,Karnataka PC 15,Candidate 4 (BJP),BJP,BJP,NDA,67207,8.98,748060,62.7,False,4,0,0,2014
Karnataka,Karnataka PC 16,Candidate 1 (INC),INC,INC,UPA,185074,36.02,513767,61.2,True,1,14036,2.73,2014
Karnataka,Karnataka PC 16,Candidate 2 (SP),SP,SP,,171038,33.29,513767,66.3,False,2,0,0,2014
Karnataka,Karnataka PC 16,Candidate 3 (OTH),OTH,OTH,,79385,15.45,513767,57.6,False,3,0,0,2014
Karnataka,Karnataka PC 16,Candidate 4 (BJP),BJP,BJP,NDA,40389,7.86,513767,74.7,False,4,0,0,2014
Karnataka,Karnataka PC 16,Candidate 5 (JDU),JDU,JDU,,37878,7.37,513767,71.0,False,5,0,0,2014
Karnataka,Karnataka PC 17,Candidate 1 (BJP),BJP,BJP,NDA,312044,26.89,1160528,71.6,True,1,6888,0.59,2014
Karnataka,Karnataka PC 17,Candidate 2 (INC),INC,INC,UPA,305156,26.29,1160528,65.7,False,2,0,0,2014
Karnataka,Karnataka PC 17,Candidate 3 (AIADMK),AIADMK,AIADMK,,229212,19.75,1160528,62.3,False,3,0,0,2014
Karnataka,Karnataka PC 17,Candidate 4 (BRS),BRS,BRS,,215898,18.6,1160528,64.3,False,4,0,0,2014
Karnataka,Karnataka PC 17,Candidate 5 (TMC),TMC,TMC,,98216,8.46,1160528,68.7,False,5,0,0,2014
Karnataka,Karnataka PC 18,Candidate 1 (OTH),OTH,OTH,,252502,25.41,993600,65.6,True,1,1304,0.13,2014
Karnataka,Karnataka PC 18,Candidate 2 (BJP),BJP,BJP,NDA,251198,25.28,993600,70.7,False,2,0,0,2014
Karnataka,Karnataka PC 18,Candidate 3 (AIADMK),AIADMK,AIADMK,,241011,24.26,993600,58.2,False,3,0,0,2014
Karnataka,Karnataka PC 18,Candidate 4 (INC),INC,INC,UPA,182917,18.41,993600,73.7,False,4,0,0,2014
Karnataka,Karnataka PC 18,Candidate 5 (BRS),BRS,BRS,,65969,6.64,993600,57.5,False,5,0,0,2014
Karnataka,Karnataka PC 19,Candidate 1 (SP),SP,SP,,802856,68.41,1173541,68.4,True,1,593542,50.58,2014
Karnataka,Karnataka PC 19,Candidate 2 (BJP),BJP,BJP,NDA,209314,17.84,1173541,61.7,False,2,0,0,2014
Karnataka,Karnataka PC 19,Candidate 3 (AIADMK),AIADMK,AIADMK,,161370,13.75,1173541,56.8,False,3,0,0,2014
Karnataka,Karnataka PC 20,Candidate 1 (BJP),BJP,BJP,NDA,210857,46.18,456551,77.8,True,1,37469,8.21,2014
Karnataka,Karnataka PC 20,Candidate 2 (SP),SP,SP,,173388,37.98,456551,66.4,False,2,0,0,2014
Karnataka,Karnataka PC 20,Candidate 3 (TMC),TMC,TMC,,72305,15.84,456551,75.3,False,3,0,0,2014
Karnataka,Karnataka PC 21,Candidate 1 (INC),INC,INC,UPA,189090,37.19,508425,65.8,True,1,10914,2.15,2014
Karnataka,Karnataka PC 21,Candidate 2 (BJP),BJP,BJP,NDA,178176,35.04,508425,72.4,False,2,0,0,2014
Karnataka,Karnataka PC 21,Candidate 3 (TMC),TMC,TMC,,141157,27.76,508425,63.4,False,3,0,0,2014
Karnataka,Karnataka PC 22,Candidate 1 (JDU),JDU,JDU,,188250,42.71,440734,75.6,True,1,20530,4.66,2014
Karnataka,Karnataka PC 22,Candidate 2 (BJP),BJP,BJP,NDA,167720,38.05,440734,68.8,False,2,0,0,2014
Karnataka,Karnataka PC 22,Candidate 3 (OTH),OTH,OTH,,48857,11.09,440734,69.0,False,3,0,0,2014
Karnataka,Karnataka PC 22,Candidate 4 (DMK),DMK,DMK,,35905,8.15,440734,57.9,False,4,0,0,2014
Karnataka,Karnataka PC 23,Candidate 1 (TMC),TMC,TMC,,164820,25.82,638400,71.0,True,1,38622,6.05,2014
Karnataka,Karnataka PC 23,Candidate 2 (OTH),OTH,OTH,,126198,19.77,638400,68.0,False,2,0,0,2014
Karnataka,Karnataka PC 23,Candidate 3 (AIADMK),AIADMK,AIADMK,,125857,19.71,638400,73.9,False,3,0,0,2014
Karnataka,Karnataka PC 23,Candidate 4 (BRS),BRS,BRS,,112756,17.66,638400,72.9,False,4,0,0,2014
Karnataka,Karnataka PC 23,Candidate 5 (BJP),BJP,BJP,NDA,61568,9.64,638400,72.0,False,5,0,0,2014
Karnataka,Karnataka PC 23,Candidate 6 (JDU),JDU,JDU,,47198,7.39,638400,55.3,False,6,0,0,2014
Karnataka,Karnataka PC 24,Candidate 1 (INC),INC,INC,UPA,345382,73.77,468202,77.6,True,1,270264,57.72,2014
Karnataka,Karnataka PC 24,Candidate 2 (BJP),BJP,BJP,NDA,75118,16.04,468202,77.5,False,2,0,0,2014
Karnataka,Karnataka PC 24,Candidate 3 (TMC),TMC,TMC,,47701,10.19,468202,57.3,False,3,0,0,2014
Karnataka,Karnataka PC 25,Candidate 1 (DMK),DMK,DMK,,242319,27.97,866242,68.2,True,1,5264,0.61,2014
Karnataka,Karnataka PC 25,Candidate 2 (OTH),OTH,OTH,,237055,27.37,866242,77.1,False,2,0,0,2014
Karnataka,Karnataka PC 25,Candidate 3 (BJP),BJP,BJP,NDA,181802,20.99,866242,60.3,False,3,0,0,2014
Karnataka,Karnataka PC 25,Candidate 4 (TMC),TMC,TMC,,103739,11.98,866242,58.4,False,4,0,0,2014
Karnataka,Karnataka PC 25,Candidate 5 (SP),SP,SP,,101324,11.7,866242,75.3,False,5,0,0,2014
Karnataka,Karnataka PC 26,Candidate 1 (BJP),BJP,BJP,NDA,511056,42.87,1192241,62.6,True,1,182293,15.29,2014
Karnataka,Karnataka PC 26,Candidate 2 (BRS),BRS,BRS,,328763,27.58,1192241,56.7,False,2,0,0,2014
Karnataka,Karnataka PC 26,Candidate 3 (INC),INC,INC,UPA,193349,16.22,1192241,60.3,False,3,0,0,2014
Karnataka,Karnataka PC 26,Candidate 4 (DMK),DMK,DMK,,159071,13.34,1192241,74.5,False,4,0,0,2014
Karnataka,Karnataka PC 27,Candidate 1 (BJP),BJP,BJP,NDA,300068,32.48,923880,71.2,True,1,17852,1.93,2014
Karnataka,Karnataka PC 27,Candidate 2 (TMC),TMC,TMC,,282216,30.55,923880,75.9,False,2,0,0,2014
Karnataka,Karnataka PC 27,Candidate 3 (INC),INC,INC,UPA,231085,25.01,923880,61.5,False,3,0,0,2014
Karnataka,Karnataka PC 27,Candidate 4 (IND),IND,IND,,110509,11.96,923880,67.8,False,4,0,0,2014
Karnataka,Karnataka PC 28,Candidate 1 (TMC),TMC,TMC,,185865,31.34,593145,58.1,True,1,46408,7.82,2014
Karnataka,Karnataka PC 28,Candidate 2 (BRS),BRS,BRS,,139457,23.51,593145,76.1,False,2,0,0,2014
Karnataka,Karnataka PC 28,Candidate 3 (SP),SP,SP,,111134,18.74,593145,62.7,False,3,0,0,2014
Karnataka,Karnataka PC 28,Candidate 4 (INC),INC,INC,UPA,80823,13.63,593145,73.5,False,4,0,0,2014
Karnataka,Karnataka PC 28,Candidate 5 (BJP),BJP,BJP,NDA,75864,12.79,593145,71.4,False,5,0,0,2014
Gujarat,Gujarat PC 1,Candidate 1 (OTH),OTH,OTH,,287088,30.46,942429,74.5,True,1,50175,5.32,2014
Gujarat,Gujarat PC 1,Candidate 2 (SP),SP,SP,,236913,25.14,942429,66.4,False,2,0,0,2014
Gujarat,Gujarat PC 1,Candidate 3 (BJP),BJP,BJP,NDA,189255,20.08,942429,70.0,False,3,0,0,2014
Gujarat,Gujarat PC 1,Candidate 4 (TDP),TDP,TDP,NDA,148204,15.73,942429,59.6,False,4,0,0,2014
Gujarat,Gujarat PC 1,Candidate 5 (TMC),TMC,TMC,,80966,8.59,942429,72.2,False,5,0,0,2014
Gujarat,Gujarat PC 2,Candidate 1 (TMC),TMC,TMC,,237022,30.12,786894,68.1,True,1,29638,3.77,2014
Gujarat,Gujarat PC 2,Candidate 2 (SP),SP,SP,,207384,26.35,786894,75.4,False,2,0,0,2014
Gujarat,Gujarat PC 2,Candidate 3 (BRS),BRS,BRS,,176851,22.47,786894,61.9,False,3,0,0,2014
Gujarat,Gujarat PC 2,Candidate 4 (BJP),BJP,BJP,NDA,165635,21.05,786894,57.3,False,4,0,0,2014
Gujarat,Gujarat PC 3,Candidate 1 (BJP),BJP,BJP,NDA,283081,41.88,675905,77.3,True,1,47002,6.95,2014
Gujarat,Gujarat PC 3,Candidate 2 (INC),INC,INC,UPA,236079,34.93,675905,77.6,False,2,0,0,2014
Gujarat,Gujarat PC 3,Candidate 3 (JDU),JDU,JDU,,113627,16.81,675905,61.3,False,3,0,0,2014
Gujarat,Gujarat PC 3,Candidate 4 (SP),SP,SP,,43116,6.38,675905,61.1,False,4,0,0,2014
Gujarat,Gujarat PC 4,Candidate 1 (BRS),BRS,BRS,,189404,27.08,699374,72.9,True,1,14031,2.01,2014
Gujarat,Gujarat PC 4,Candidate 2 (TMC),TMC,TMC,,175373,25.08,699374,63.8,False,2,0,0,2014
Gujarat,Gujarat PC 4,Candidate 3 (TDP),TDP,TDP,NDA,142097,20.32,699374,66.5,False,3,0,0,2014
Gujarat,Gujarat PC 4,Candidate 4 (BSP),BSP,BSP,,108610,15.53,699374,63.2,False,4,0,0,2014
Gujarat,Gujarat PC 4,Candidate 5 (SP),SP,SP,,43203,6.18,699374,61.0,False,5,0,0,2014
Gujarat,Gujarat PC 4,Candidate 6 (BJP),BJP,BJP,NDA,40685,5.82,699374,55.4,False,6,0,0,2014
Gujarat,Gujarat PC 5,Candidate 1 (BJP),BJP,BJP,NDA,221646,37.88,585154,76.1,True,1,13578,2.32,2014
Gujarat,Gujarat PC 5,Candidate 2 (TDP),TDP,TDP,NDA,208068,35.56,585154,56.5,False,2,0,0,2014
Gujarat,Gujarat PC 5,Candidate 3 (SP),SP,SP,,98629,16.86,585154,76.2,False,3,0,0,2014
Gujarat,Gujarat PC 5,Candidate 4 (JDU),JDU,JDU,,56808,9.71,585154,67.9,False,4,0,0,2014
Gujarat,Gujarat PC 6,Candidate 1 (JDU),JDU,JDU,,282321,37.86,745720,68.3,True,1,1741,0.23,2014
Gujarat,Gujarat PC 6,Candidate 2 (BJP),BJP,BJP,NDA,280580,37.63,745720,71.6,False,2,0,0,2014
Gujarat,Gujarat PC 6,Candidate 3 (IND),IND,IND,,182818,24.52,745720,59.7,False,3,0,0,2014
Gujarat,Gujarat PC 7,Candidate 1 (TMC),TMC,TMC,,167214,28.55,585730,69.7,True,1,4667,0.8,2014
Gujarat,Gujarat PC 7,Candidate 2 (BJP),BJP,BJP,NDA,162547,27.75,585730,58.9,False,2,0,0,2014
Gujarat,Gujarat PC 7,Candidate 3 (JDU),JDU,JDU,,137715,23.51,585730,67.7,False,3,0,0,2014
Gujarat,Gujarat PC 7,Candidate 4 (INC),INC,INC,UPA,118253,20.19,585730,67.2,False,4,0,0,2014
Gujarat,Gujarat PC 8,Candidate 1 (OTH),OTH,OTH,,245189,26.61,921404,59.5,True,1,17254,1.87,2014
Gujarat,Gujarat PC 8,Candidate 2 (BRS),BRS,BRS,,227935,24.74,921404,75.5,False,2,0,0,2014
Gujarat,Gujarat PC 8,Candidate 3 (INC),INC,INC,UPA,200742,21.79,921404,72.1,False,3,0,0,2014
Gujarat,Gujarat PC 8,Candidate 4 (BJP),BJP,BJP,NDA,140875,15.29,921404,77.1,False,4,0,0,2014
Gujarat,Gujarat PC 8,Candidate 5 (IND),IND,IND,,106661,11.58,921404,57.3,False,5,0,0,2014
Gujarat,Gujarat PC 9,Candidate 1 (DMK),DMK,DMK,,479202,44.43,1078444,58.0,True,1,160338,14.87,2014
Gujarat,Gujarat PC 9,Candidate 2 (TMC),TMC,TMC,,318864,29.57,1078444,56.9,False,2,0,0,2014
Gujarat,Gujarat PC 9,Candidate 3 (BJP),BJP,BJP,NDA,280376,26.0,1078444,58.9,False,3,0,0,2014
Gujarat,Gujarat PC 10,Candidate 1 (JDU),JDU,JDU,,229436,31.13,736991,60.7,True,1,17976,2.44,2014
Gujarat,Gujarat PC 10,Candidate 2 (BJP),BJP,BJP,NDA,211460,28.69,736991,76.4,False,2,0,0,2014
Gujarat,Gujarat PC 10,Candidate 3 (TMC),TMC,TMC,,165763,22.49,736991,60.6,False,3,0,0,2014
Gujarat,Gujarat PC 10,Candidate 4 (INC),INC,INC,UPA,88800,12.05,736991,61.6,False,4,0,0,2014
Gujarat,Gujarat PC 10,Candidate 5 (OTH),OTH,OTH,,41529,5.64,736991,65.6,False,5,0,0,2014
Gujarat,Gujarat PC 11,Candidate 1 (JDU),JDU,JDU,,389263,34.83,1117502,60.3,True,1,82817,7.41,2014
Gujarat,Gujarat PC 11,Candidate 2 (BJP),BJP,BJP,NDA,306446,27.42,1117502,71.9,False,2,0,0,2014
Gujarat,Gujarat PC 11,Candidate 3 (AIADMK),AIADMK,AIADMK,,233492,20.89,1117502,71.1,False,3,0,0,2014
Gujarat,Gujarat PC 11,Candidate 4 (INC),INC,INC,UPA,188300,16.85,1117502,67.5,False,4,0,0,2014
Gujarat,Gujarat PC 12,Candidate 1 (TMC),TMC,TMC,,235620,35.06,672040,75.7,True,1,7155,1.06,2014
Gujarat,Gujarat PC 12,Candidate 2 (BRS),BRS,BRS,,228465,34.0,672040,67.2,False,2,0,0,2014
Gujarat,Gujarat PC 12,Candidate 3 (OTH),OTH,OTH,,124669,18.55,672040,75.6,False,3,0,0,2014
Gujarat,Gujarat PC 12,Candidate 4 (BJP),BJP,BJP,NDA,83284,12.39,672040,56.8,False,4,0,0,2014
Gujarat,Gujarat PC 13,Candidate 1 (BJP),BJP,BJP,NDA,431705,41.73,1034458,63.5,True,1,93758,9.06,2014
Gujarat,Gujarat PC 13,Candidate 2 (SP),SP,SP,,337947,32.67,1034458,62.3,False,2,0,0,2014
Gujarat,Gujarat PC 13,Candidate 3 (OTH),OTH,OTH,,148915,14.4,1034458,68.2,False,3,0,0,2014
Gujarat,Gujarat PC 13,Candidate 4 (JDU),JDU,JDU,,115889,11.2,1034458,55.4,False,4,0,0,2014
Gujarat,Gujarat PC 14,Candidate 1 (BRS),BRS,BRS,,402392,43.25,930356,68.7,True,1,71071,7.64,2014
Gujarat,Gujarat PC 14,Candidate 2 (TMC),TMC,TMC,,331321,35.61,930356,67.2,False,2,0,0,2014
Gujarat,Gujarat PC 14,Candidate 3 (BJP),BJP,BJP,NDA,196641,21.14,930356,61.0,False,3,0,0,2014
Gujarat,Gujarat PC 15,Candidate 1 (INC),INC,INC,UPA,270481,62.52,432628,70.3,True,1,108335,25.04,2014
Gujarat,Gujarat PC 15,Candidate 2 (BJP),BJP,BJP,NDA,162146,37.48,432628,77.4,False,2,0,0,2014
Gujarat,Gujarat PC 16,Candidate 1 (BJP),BJP,BJP,NDA,395893,83.96,471543,77.5,True,1,320244,67.91,2014
Gujarat,Gujarat PC 16,Candidate 2 (SP),SP,SP,,75649,16.04,471543,71.1,False,2,0,0,2014
Gujarat,Gujarat PC 17,Candidate 1 (BJP),BJP,BJP,NDA,259347,35.29,734996,74.2,True,1,68702,9.35,2014
Gujarat,Gujarat PC 17,Candidate 2 (INC),INC,INC,UPA,190645,25.94,734996,61.6,False,2,0,0,2014
Gujarat,Gujarat PC 17,Candidate 3 (AIADMK),AIADMK,AIADMK,,170855,23.25,734996,58.0,False,3,0,0,2014
Gujarat,Gujarat PC 17,Candidate 4 (TMC),TMC,TMC,,114147,15.53,734996,59.7,False,4,0,0,2014
Gujarat,Gujarat PC 18,Candidate 1 (BJP),BJP,BJP,NDA,225664,31.36,719529,59.2,True,1,27598,3.84,2014
Gujarat,Gujarat PC 18,Candidate 2 (IND),IND,IND,,198066,27.53,719529,68.4,False,2,0,0,2014
Gujarat,Gujarat PC 18,Candidate 3 (AIADMK),AIADMK,AIADMK,,159780,22.21,719529,65.4,False,3,0,0,2014
Gujarat,Gujarat PC 18,Candidate 4 (OTH),OTH,OTH,,90191,12.53,719529,66.8,False,4,0,0,2014
Gujarat,Gujarat PC 18,Candidate 5 (BRS),BRS,BRS,,45826,6.37,719529,77.0,False,5,0,0,2014
Gujarat,Gujarat PC 19,Candidate 1 (OTH),OTH,OTH,,305825,36.03,848720,76.5,True,1,60412,7.12,2014
Gujarat,Gujarat PC 19,Candidate 2 (IND),IND,IND,,245413,28.92,848720,63.8,False,2,0,0,2014
Gujarat,Gujarat PC 19,Candidate 3 (BJP),BJP,BJP,NDA,185185,21.82,848720,73.0,False,3,0,0,2014
Gujarat,Gujarat PC 19,Candidate 4 (INC),INC,INC,UPA,112295,13.23,848720,65.0,False,4,0,0,2014
Gujarat,Gujarat PC 20,Candidate 1 (BRS),BRS,BRS,,376771,62.59,601929,62.6,True,1,215855,35.86,2014
Gujarat,Gujarat PC 20,Candidate 2 (INC),INC,INC,UPA,160916,26.73,601929,61.2,False,2,0,0,2014
Gujarat,Gujarat PC 20,Candidate 3 (BJP),BJP,BJP,NDA,64241,10.67,601929,63.0,False,3,0,0,2014
Gujarat,Gujarat PC 21,Candidate 1 (IND),IND,IND,,202191,39.45,512546,73.9,True,1,29355,5.73,2014
Gujarat,Gujarat PC 21,Candidate 2 (BJP),BJP,BJP,NDA,172836,33.72,512546,75.5,False,2,0,0,2014
Gujarat,Gujarat PC 21,Candidate 3 (TMC),TMC,TMC,,107645,21.0,512546,58.9,False,3,0,0,2014
Gujarat,Gujarat PC 21,Candidate 4 (SP),SP,SP,,29872,5.83,512546,62.7,False,4,0,0,2014
Gujarat,Gujarat PC 22,Candidate 1 (BJP),BJP,BJP,NDA,324854,51.54,630311,69.1,True,1,19398,3.08,2014
Gujarat,Gujarat PC 22,Candidate 2 (BSP),BSP,BSP,,305456,48.46,630311,69.4,False,2,0,0,2014
Gujarat,Gujarat PC 23,Candidate 1 (BJP),BJP,BJP,NDA,339097,32.33,1048946,55.5,True,1,17035,1.62,2014
Gujarat,Gujarat PC 23,Candidate 2 (OTH),OTH,OTH,,322062,30.7,1048946,68.2,False,2,0,0,2014
Gujarat,Gujarat PC 23,Candidate 3 (INC),INC,INC,UPA,240798,22.96,1048946,60.1,False,3,0,0,2014
Gujarat,Gujarat PC 23,Candidate 4 (AIADMK),AIADMK,AIADMK,,146987,14.01,1048946,69.7,False,4,0,0,2014
Gujarat,Gujarat PC 24,Candidate 1 (INC),INC,INC,UPA,160277,34.97,458335,67.8,True,1,17352,3.79,2014
Gujarat,Gujarat PC 24,Candidate 2 (DMK),DMK,DMK,,142925,31.18,458335,75.4,False,2,0,0,2014
Gujarat,Gujarat PC 24,Candidate 3 (BJP),BJP,BJP,NDA,83326,18.18,458335,73.8,False,3,0,0,2014
Gujarat,Gujarat PC 24,Candidate 4 (AIADMK),AIADMK,AIADMK,,71806,15.67,458335,67.1,False,4,0,0,2014
Gujarat,Gujarat PC 25,Candidate 1 (BJP),BJP,BJP,NDA,416843,40.3,1034290,63.2,True,1,58069,5.61,2014
Gujarat,Gujarat PC 25,Candidate 2 (BSP),BSP,BSP,,358774,34.69,1034290,69.4,False,2,0,0,2014
Gujarat,Gujarat PC 25,Candidate 3 (OTH),OTH,OTH,,182747,17.67,1034290,75.8,False,3,0,0,2014
Gujarat,Gujarat PC 25,Candidate 4 (DMK),DMK,DMK,,75924,7.34,1034290,67.1,False,4,0,0,2014
Gujarat,Gujarat PC 26,Candidate 1 (TMC),TMC,TMC,,340402,41.1,828271,76.1,True,1,105914,12.79,2014
Gujarat,Gujarat PC 26,Candidate 2 (BRS),BRS,BRS,,234488,28.31,828271,62.1,False,2,0,0,2014
Gujarat,Gujarat PC 26,Candidate 3 (BSP),BSP,BSP,,155348,18.76,828271,71.7,False,3,0,0,2014
Gujarat,Gujarat PC 26,Candidate 4 (BJP),BJP,BJP,NDA,98031,11.84,828271,57.0,False,4,0,0,2014
Andhra Pradesh,Andhra Pradesh PC 1,Candidate 1 (TDP),TDP,TDP,NDA,185370,37.6,492972,73.3,True,1,37296,7.57,2014
Andhra Pradesh,Andhra Pradesh PC 1,Candidate 2 (INC),INC,INC,UPA,148074,30.04,492972,64.5,False,2,0,0,2014
Andhra Pradesh,Andhra Pradesh PC 1,Candidate 3 (AIADMK),AIADMK,AIADMK,,122799,24.91,492972,76.3,False,3,0,0,2014
Andhra Pradesh,Andhra Pradesh PC 1,Candidate 4 (BJP),BJP,BJP,NDA,36726,7.45,492972,63.2,False,4,0,0,2014
Andhra Pradesh,Andhra Pradesh PC 2,Candidate 1 (SP),SP,SP,,323055,39.52,817463,72.7,True,1,111087,13.59,2014
Andhra Pradesh,Andhra Pradesh PC 2,Candidate 2 (BJP),BJP,BJP,NDA,211968,25.93,817463,56.6,False,2,0,0,2014
Andhra Pradesh,Andhra Pradesh PC 2,Candidate 3 (TMC),TMC,TMC,,155920,19.07,817463,61.2,False,3,0,0,2014
Andhra Pradesh,Andhra Pradesh PC 2,Candidate 4 (IND),IND,IND,,126518,15.48,817463,55.5,False,4,0,0,2014
Andhra Pradesh,Andhra Pradesh PC 3,Candidate 1 (INC),INC,INC,UPA,725989,62.02,1170567,61.3,True,1,376650,32.18,2014
Andhra Pradesh,Andhra Pradesh PC 3,Candidate 2 (TMC),TMC,TMC,,349339,29.84,1170567,77.9,False,2,0,0,2014
Andhra Pradesh,Andhra Pradesh PC 3,Candidate 3 (DMK),DMK,DMK,,95237,8.14,1170567,62.6,False,3,0,0,2014
Andhra Pradesh,Andhra Pradesh PC 4,Candidate 1 (SP),SP,SP,,197732,22.7,871173,70.7,True,1,11417,1.31,2014
Andhra Pradesh,Andhra Pradesh PC 4,Candidate 2 (BRS),BRS,BRS,,186315,21.39,871173,77.2,False,2,0,0,2014
Andhra Pradesh,Andhra Pradesh PC 4,Candidate 3 (OTH),OTH,OTH,,169697,19.48,871173,74.0,False,3,0,0,2014
Andhra Pradesh,Andhra Pradesh PC 4,Candidate 4 (AIADMK),AIADMK,AIADMK,,155110,17.8,871173,71.4,False,4,0,0,2014
Andhra Pradesh,Andhra Pradesh PC 4,Candidate 5 (TDP),TDP,TDP,NDA,89119,10.23,871173,75.4,False,5,0,0,2014
Andhra Pradesh,Andhra Pradesh PC 4,Candidate 6 (TMC),TMC,TMC,,73197,8.4,871173,69.5,False,6,0,0,2014
Andhra Pradesh,Andhra Pradesh PC 5,Candidate 1 (OTH),OTH,OTH,,340209,36.77,925113,58.1,True,1,1741,0.19,2014
Andhra Pradesh,Andhra Pradesh PC 5,Candidate 2 (BJP),BJP,BJP,NDA,338468,36.59,925113,63.5,False,2,0,0,2014
Andhra Pradesh,Andhra Pradesh PC 5,Candidate 3 (DMK),DMK,DMK,,246435,26.64,925113,55.1,False,3,0,0,2014
Andhra Pradesh,Andhra Pradesh PC 6,Candidate 1 (INC),INC,INC,UPA,212231,34.62,613034,56.1,True,1,26925,4.39,2014
Andhra Pradesh,Andhra Pradesh PC 6,Candidate 2 (BJP),BJP,BJP,NDA,185306,30.23,613034,62.5,False,2,0,0,2014
Andhra Pradesh,Andhra Pradesh PC 6,Candidate 3 (SP),SP,SP,,150625,24.57,613034,66.0,False,3,0,0,2014
Andhra Pradesh,Andhra Pradesh PC 6,Candidate 4 (AIADMK),AIADMK,AIADMK,,64870,10.58,613034,59.1,False,4,0,0,2014
Andhra Pradesh,Andhra Pradesh PC 7,Candidate 1 (BJP),BJP,BJP,NDA,231545,24.86,931377,58.8,True,1,28186,3.03,2014
Andhra Pradesh,Andhra Pradesh PC 7,Candidate 2 (INC),INC,INC,UPA,203359,21.83,931377,73.9,False,2,0,0,2014
Andhra Pradesh,Andhra Pradesh PC 7,Candidate 3 (SP),SP,SP,,156643,16.82,931377,59.7,False,3,0,0,2014
Andhra Pradesh,Andhra Pradesh PC 7,Candidate 4 (IND),IND,IND,,155412,16.69,931377,71.4,False,4,0,0,2014
Andhra Pradesh,Andhra Pradesh PC 7,Candidate 5 (BSP),BSP,BSP,,122807,13.19,931377,55.8,False,5,0,0,2014
Andhra Pradesh,Andhra Pradesh PC 7,Candidate 6 (OTH),OTH,OTH,,61606,6.61,931377,75.2,False,6,0,0,2014
Andhra Pradesh,Andhra Pradesh PC 8,Candidate 1 (BRS),BRS,BRS,,422229,41.85,1008948,55.2,True,1,157368,15.6,2014
Andhra Pradesh,Andhra Pradesh PC 8,Candidate 2 (OTH),OTH,OTH,,264861,26.25,1008948,69.0,False,2,0,0,2014
Andhra Pradesh,Andhra Pradesh PC 8,Candidate 3 (TDP),TDP,TDP,NDA,223269,22.13,1008948,72.8,False,3,0,0,2014
Andhra Pradesh,Andhra Pradesh PC 8,Candidate 4 (BJP),BJP,BJP,NDA,98587,9.77,1008948,74.2,False,4,0,0,2014
Andhra Pradesh,Andhra Pradesh PC 9,Candidate 1 (BJP),BJP,BJP,NDA,166247,23.16,717676,57.8,True,1,13697,1.91,2014
Andhra Pradesh,Andhra Pradesh PC 9,Candidate 2 (TMC),TMC,TMC,,152550,21.26,717676,68.9,False,2,0,0,2014
Andhra Pradesh,Andhra Pradesh PC 9,Candidate 3 (OTH),OTH,OTH,,147133,20.5,717676,70.0,False,3,0,0,2014
Andhra Pradesh,Andhra Pradesh PC 9,Candidate 4 (IND),IND,IND,,139207,19.4,717676,64.5,False,4,0,0,2014
Andhra Pradesh,Andhra Pradesh PC 9,Candidate 5 (SP),SP,SP,,112537,15.68,717676,69.5,False,5,0,0,2014
Andhra Pradesh,Andhra Pradesh PC 10,Candidate 1 (AIADMK),AIADMK,AIADMK,,297346,47.95,620131,71.5,True,1,83370,13.44,2014
Andhra Pradesh,Andhra Pradesh PC 10,Candidate 2 (BJP),BJP,BJP,NDA,213976,34.51,620131,64.7,False,2,0,0,2014
Andhra Pradesh,Andhra Pradesh PC 10,Candidate 3 (DMK),DMK,DMK,,108807,17.55,620131,76.4,False,3,0,0,2014
Andhra Pradesh,Andhra Pradesh PC 11,Candidate 1 (TMC),TMC,TMC,,156251,26.85,581854,55.4,True,1,8889,1.53,2014
Andhra Pradesh,Andhra Pradesh PC 11,Candidate 2 (INC),INC,INC,UPA,147362,25.33,581854,60.1,False,2,0,0,2014
Andhra Pradesh,Andhra Pradesh PC 11,Candidate 3 (BSP),BSP,BSP,,141429,24.31,581854,61.9,False,3,0,0,2014
Andhra Pradesh,Andhra Pradesh PC 11,Candidate 4 (BJP),BJP,BJP,NDA,136810,23.51,581854,61.8,False,4,0,0,2014
Andhra Pradesh,Andhra Pradesh PC 12,Candidate 1 (TDP),TDP,TDP,NDA,208372,28.08,742191,55.9,True,1,58200,7.84,2014
Andhra Pradesh,Andhra Pradesh PC 12,Candidate 2 (TMC),TMC,TMC,,150172,20.23,742191,55.9,False,2,0,0,2014
Andhra Pradesh,Andhra Pradesh PC 12,Candidate 3 (AIADMK),AIADMK,AIADMK,,147491,19.87,742191,74.0,False,3,0,0,2014
Andhra Pradesh,Andhra Pradesh PC 12,Candidate 4 (BJP),BJP,BJP,NDA,137953,18.59,742191,62.4,False,4,0,0,2014
Andhra Pradesh,Andhra Pradesh PC 12,Candidate 5 (DMK),DMK,DMK,,98201,13.23,742191,68.3,False,5,0,0,2014
Andhra Pradesh,Andhra Pradesh PC 13,Candidate 1 (DMK),DMK,DMK,,314956,30.38,1036634,62.6,True,1,31694,3.06,2014
Andhra Pradesh,Andhra Pradesh PC 13,Candidate 2 (TMC),TMC,TMC,,283262,27.33,1036634,74.9,False,2,0,0,2014
Andhra Pradesh,Andhra Pradesh PC 13,Candidate 3 (TDP),TDP,TDP,NDA,225188,21.72,1036634,74.2,False,3,0,0,2014
Andhra Pradesh,Andhra Pradesh PC 13,Candidate 4 (BJP),BJP,BJP,NDA,213226,20.57,1036634,64.6,False,4,0,0,2014
Andhra Pradesh,Andhra Pradesh PC 14,Candidate 1 (BJP),BJP,BJP,NDA,379673,41.73,909903,63.3,True,1,90808,9.98,2014
Andhra Pradesh,Andhra Pradesh PC 14,Candidate 2 (JDU),JDU,JDU,,288865,31.75,909903,55.4,False,2,0,0,2014
Andhra Pradesh,Andhra Pradesh PC 14,Candidate 3 (INC),INC,INC,UPA,241363,26.53,909903,59.8,False,3,0,0,2014
Andhra Pradesh,Andhra Pradesh PC 15,Candidate 1 (BRS),BRS,BRS,,357583,37.74,947585,72.4,True,1,110821,11.7,2014
Andhra Pradesh,Andhra Pradesh PC 15,Candidate 2 (JDU),JDU,JDU,,246762,26.04,947585,65.5,False,2,0,0,2014
Andhra Pradesh,Andhra Pradesh PC 15,Candidate 3 (INC),INC,INC,UPA,177314,18.71,947585,68.2,False,3,0,0,2014
Andhra Pradesh,Andhra Pradesh PC 15,Candidate 4 (BJP),BJP,BJP,NDA,165924,17.51,947585,57.9,False,4,0,0,2014
Andhra Pradesh,Andhra Pradesh PC 16,Candidate 1 (BJP),BJP,BJP,NDA,322068,33.04,974853,71.8,True,1,64636,6.63,2014
Andhra Pradesh,Andhra Pradesh PC 16,Candidate 2 (TDP),TDP,TDP,NDA,257432,26.41,974853,72.5,False,2,0,0,2014
Andhra Pradesh,Andhra Pradesh PC 16,Candidate 3 (TMC),TMC,TMC,,247078,25.35,974853,73.8,False,3,0,0,2014
Andhra Pradesh,Andhra Pradesh PC 16,Candidate 4 (INC),INC,INC,UPA,101596,10.42,974853,64.0,False,4,0,0,2014
Andhra Pradesh,Andhra Pradesh PC 16,Candidate 5 (IND),IND,IND,,46677,4.79,974853,76.3,False,5,0,0,2014
Andhra Pradesh,Andhra Pradesh PC 17,Candidate 1 (AIADMK),AIADMK,AIADMK,,298307,30.8,968486,70.6,True,1,9965,1.03,2014
Andhra Pradesh,Andhra Pradesh PC 17,Candidate 2 (BJP),BJP,BJP,NDA,288342,29.77,968486,56.3,False,2,0,0,2014
Andhra Pradesh,Andhra Pradesh PC 17,Candidate 3 (OTH),OTH,OTH,,215740,22.28,968486,60.4,False,3,0,0,2014
Andhra Pradesh,Andhra Pradesh PC 17,Candidate 4 (TMC),TMC,TMC,,166096,17.15,968486,61.1,False,4,0,0,2014
Andhra Pradesh,Andhra Pradesh PC 18,Candidate 1 (BJP),BJP,BJP,NDA,371961,44.78,830585,59.9,True,1,140597,16.93,2014
Andhra Pradesh,Andhra Pradesh PC 18,Candidate 2 (TMC),TMC,TMC,,231364,27.86,830585,58.4,False,2,0,0,2014
Andhra Pradesh,Andhra Pradesh PC 18,Candidate 3 (TDP),TDP,TDP,NDA,227259,27.36,830585,62.7,False,3,0,0,2014
Andhra Pradesh,Andhra Pradesh PC 19,Candidate 1 (INC),INC,INC,UPA,320439,26.99,1187322,56.5,True,1,52045,4.38,2014
Andhra Pradesh,Andhra Pradesh PC 19,Candidate 2 (BRS),BRS,BRS,,268394,22.61,1187322,56.9,False,2,0,0,2014
Andhra Pradesh,Andhra Pradesh PC 19,Candidate 3 (BJP),BJP,BJP,NDA,226239,19.05,1187322,71.1,False,3,0,0,2014
Andhra Pradesh,Andhra Pradesh PC 19,Candidate 4 (AIADMK),AIADMK,AIADMK,,211405,17.81,1187322,59.8,False,4,0,0,2014
Andhra Pradesh,Andhra Pradesh PC 19,Candidate 5 (BSP),BSP,BSP,,160841,13.55,1187322,63.7,False,5,0,0,2014
Andhra Pradesh,Andhra Pradesh PC 20,Candidate 1 (BSP),BSP,BSP,,245416,30.31,809615,77.7,True,1,17797,2.2,2014
Andhra Pradesh,Andhra Pradesh PC 20,Candidate 2 (TDP),TDP,TDP,NDA,227619,28.11,809615,71.4,False,2,0,0,2014
Andhra Pradesh,Andhra Pradesh PC 20,Candidate 3 (AIADMK),AIADMK,AIADMK,,212487,26.25,809615,64.1,False,3,0,0,2014
Andhra Pradesh,Andhra Pradesh PC 20,Candidate 4 (TMC),TMC,TMC,,82922,10.24,809615,71.6,False,4,0,0,2014
Andhra Pradesh,Andhra Pradesh PC 20,Candidate 5 (OTH),OTH,OTH,,41169,5.09,809615,76.5,False,5,0,0,2014
Andhra Pradesh,Andhra Pradesh PC 21,Candidate 1 (TMC),TMC,TMC,,259116,32.72,792031,73.2,True,1,8965,1.13,2014
Andhra Pradesh,Andhra Pradesh PC 21,Candidate 2 (OTH),OTH,OTH,,250151,31.58,792031,62.4,False,2,0,0,2014
Andhra Pradesh,Andhra Pradesh PC 21,Candidate 3 (INC),INC,INC,UPA,248145,31.33,792031,75.5,False,3,0,0,2014
Andhra Pradesh,Andhra Pradesh PC 21,Candidate 4 (BJP),BJP,BJP,NDA,34617,4.37,792031,69.9,False,4,0,0,2014
Andhra Pradesh,Andhra Pradesh PC 22,Candidate 1 (TDP),TDP,TDP,NDA,130443,28.82,452656,64.7,True,1,15397,3.4,2014
Andhra Pradesh,Andhra Pradesh PC 22,Candidate 2 (BJP),BJP,BJP,NDA,115046,25.42,452656,69.0,False,2,0,0,2014
Andhra Pradesh,Andhra Pradesh PC 22,Candidate 3 (BSP),BSP,BSP,,102920,22.74,452656,56.3,False,3,0,0,2014
Andhra Pradesh,Andhra Pradesh PC 22,Candidate 4 (INC),INC,INC,UPA,55363,12.23,452656,59.3,False,4,0,0,2014
Andhra Pradesh,Andhra Pradesh PC 22,Candidate 5 (OTH),OTH,OTH,,48882,10.8,452656,59.5,False,5,0,0,2014
Andhra Pradesh,Andhra Pradesh PC 23,Candidate 1 (BJP),BJP,BJP,NDA,178409,32.26,553080,75.1,True,1,46471,8.4,2014
Andhra Pradesh,Andhra Pradesh PC 23,Candidate 2 (TDP),TDP,TDP,NDA,131938,23.86,553080,63.4,False,2,0,0,2014
Andhra Pradesh,Andhra Pradesh PC 23,Candidate 3 (BRS),BRS,BRS,,113852,20.59,553080,74.0,False,3,0,0,2014
Andhra Pradesh,Andhra Pradesh PC 23,Candidate 4 (DMK),DMK,DMK,,90396,16.34,553080,67.2,False,4,0,0,2014
Andhra Pradesh,Andhra Pradesh PC 23,Candidate 5 (INC),INC,INC,UPA,38483,6.96,553080,70.5,False,5,0,0,2014
Andhra Pradesh,Andhra Pradesh PC 24,Candidate 1 (INC),INC,INC,UPA,547937,47.26,1159406,69.5,True,1,266823,23.01,2014
Andhra Pradesh,Andhra Pradesh PC 24,Candidate 2 (AIADMK),AIADMK,AIADMK,,281114,24.25,1159406,63.5,False,2,0,0,2014
Andhra Pradesh,Andhra Pradesh PC 24,Candidate 3 (BJP),BJP,BJP,NDA,262419,22.63,1159406,77.2,False,3,0,0,2014
Andhra Pradesh,Andhra Pradesh PC 24,Candidate 4 (SP),SP,SP,,67935,5.86,1159406,62.2,False,4,0,0,2014
Andhra Pradesh,Andhra Pradesh PC 25,Candidate 1 (BJP),BJP,BJP,NDA,235497,33.94,693910,58.8,True,1,2338,0.34,2014
Andhra Pradesh,Andhra Pradesh PC 25,Candidate 2 (OTH),OTH,OTH,,233159,33.6,693910,66.5,False,2,0,0,2014
Andhra Pradesh,Andhra Pradesh PC 25,Candidate 3 (TMC),TMC,TMC,,225253,32.46,693910,68.9,False,3,0,0,2014
Odisha,Odisha PC 1,Candidate 1 (TMC),TMC,TMC,,354539,48.37,732954,67.2,True,1,91132,12.43,2014
Odisha,Odisha PC 1,Candidate 2 (BJP),BJP,BJP,NDA,263407,35.94,732954,60.6,False,2,0,0,2014
Odisha,Odisha PC 1,Candidate 3 (JDU),JDU,JDU,,115006,15.69,732954,74.2,False,3,0,0,2014
Odisha,Odisha PC 2,Candidate 1 (BJP),BJP,BJP,NDA,429874,46.57,923103,67.7,True,1,42508,4.6,2014
Odisha,Odisha PC 2,Candidate 2 (BSP),BSP,BSP,,387366,41.96,923103,74.2,False,2,0,0,2014
Odisha,Odisha PC 2,Candidate 3 (JDU),JDU,JDU,,105861,11.47,923103,77.2,False,3,0,0,2014
Odisha,Odisha PC 3,Candidate 1 (DMK),DMK,DMK,,376471,38.72,972351,63.8,True,1,66009,6.79,2014
Odisha,Odisha PC 3,Candidate 2 (BJP),BJP,BJP,NDA,310462,31.93,972351,75.2,False,2,0,0,2014
Odisha,Odisha PC 3,Candidate 3 (OTH),OTH,OTH,,238924,24.57,972351,70.1,False,3,0,0,2014
Odisha,Odisha PC 3,Candidate 4 (TMC),TMC,TMC,,46492,4.78,972351,70.7,False,4,0,0,2014
Odisha,Odisha PC 4,Candidate 1 (OTH),OTH,OTH,,338165,40.03,844753,67.8,True,1,26307,3.11,2014
Odisha,Odisha PC 4,Candidate 2 (IND),IND,IND,,311858,36.92,844753,73.4,False,2,0,0,2014
Odisha,Odisha PC 4,Candidate 3 (INC),INC,INC,UPA,120950,14.32,844753,76.2,False,3,0,0,2014
Odisha,Odisha PC 4,Candidate 4 (BJP),BJP,BJP,NDA,73778,8.73,844753,65.8,False,4,0,0,2014
Odisha,Odisha PC 5,Candidate 1 (OTH),OTH,OTH,,199629,34.2,583744,70.8,True,1,7779,1.33,2014
Odisha,Odisha PC 5,Candidate 2 (BJP),BJP,BJP,NDA,191850,32.87,583744,70.4,False,2,0,0,2014
Odisha,Odisha PC 5,Candidate 3 (DMK),DMK,DMK,,166203,28.47,583744,66.5,False,3,0,0,2014
Odisha,Odisha PC 5,Candidate 4 (INC),INC,INC,UPA,26060,4.46,583744,66.7,False,4,0,0,2014
Odisha,Odisha PC 6,Candidate 1 (IND),IND,IND,,719226,65.18,1103529,68.6,True,1,334924,30.35,2014
Odisha,Odisha PC 6,Candidate 2 (BJP),BJP,BJP,NDA,384302,34.82,1103529,73.2,False,2,0,0,2014
Odisha,Odisha PC 7,Candidate 1 (BJP),BJP,BJP,NDA,255427,37.95,673097,57.8,True,1,23185,3.44,2014
Odisha,Odisha PC 7,Candidate 2 (IND),IND,IND,,232242,34.5,673097,56.2,False,2,0,0,2014
Odisha,Odisha PC 7,Candidate 3 (INC),INC,INC,UPA,115317,17.13,673097,76.9,False,3,0,0,2014
Odisha,Odisha PC 7,Candidate 4 (TDP),TDP,TDP,NDA,70110,10.42,673097,63.0,False,4,0,0,2014
Odisha,Odisha PC 8,Candidate 1 (BJP),BJP,BJP,NDA,402622,42.12,955827,67.9,True,1,4043,0.42,2014
Odisha,Odisha PC 8,Candidate 2 (SP),SP,SP,,398579,41.7,955827,69.0,False,2,0,0,2014
Odisha,Odisha PC 8,Candidate 3 (INC),INC,INC,UPA,85318,8.93,955827,72.4,False,3,0,0,2014
Odisha,Odisha PC 8,Candidate 4 (BSP),BSP,BSP,,69306,7.25,955827,60.4,False,4,0,0,2014
Odisha,Odisha PC 9,Candidate 1 (BJP),BJP,BJP,NDA,435425,41.04,1060930,65.8,True,1,24016,2.26,2014
Odisha,Odisha PC 9,Candidate 2 (TDP),TDP,TDP,NDA,411409,38.78,1060930,74.0,False,2,0,0,2014
Odisha,Odisha PC 9,Candidate 3 (INC),INC,INC,UPA,127271,12.0,1060930,56.4,False,3,0,0,2014
Odisha,Odisha PC 9,Candidate 4 (DMK),DMK,DMK,,86824,8.18,1060930,62.6,False,4,0,0,2014
Odisha,Odisha PC 10,Candidate 1 (INC),INC,INC,UPA,328748,46.1,713179,57.5,True,1,15613,2.19,2014
Odisha,Odisha PC 10,Candidate 2 (BJP),BJP,BJP,NDA,313135,43.91,713179,77.1,False,2,0,0,2014
Odisha,Odisha PC 10,Candidate 3 (TMC),TMC,TMC,,71294,10.0,713179,60.8,False,3,0,0,2014
Odisha,Odisha PC 11,Candidate 1 (SP),SP,SP,,337929,36.03,937970,63.7,True,1,70415,7.51,2014
Odisha,Odisha PC 11,Candidate 2 (INC),INC,INC,UPA,267514,28.52,937970,64.8,False,2,0,0,2014
Odisha,Odisha PC 11,Candidate 3 (OTH),OTH,OTH,,220442,23.5,937970,59.7,False,3,0,0,2014
Odisha,Odisha PC 11,Candidate 4 (BJP),BJP,BJP,NDA,112083,11.95,937970,65.8,False,4,0,0,2014
Odisha,Odisha PC 12,Candidate 1 (INC),INC,INC,UPA,410082,34.19,1199296,70.6,True,1,78220,6.52,2014
Odisha,Odisha PC 12,Candidate 2 (BJP),BJP,BJP,NDA,331862,27.67,1199296,61.0,False,2,0,0,2014
Odisha,Odisha PC 12,Candidate 3 (IND),IND,IND,,299317,24.96,1199296,63.8,False,3,0,0,2014
Odisha,Odisha PC 12,Candidate 4 (TMC),TMC,TMC,,158033,13.18,1199296,58.3,False,4,0,0,2014
Odisha,Odisha PC 13,Candidate 1 (INC),INC,INC,UPA,221103,27.92,791853,72.1,True,1,1011,0.13,2014
Odisha,Odisha PC 13,Candidate 2 (DMK),DMK,DMK,,220092,27.79,791853,61.1,False,2,0,0,2014
Odisha,Odisha PC 13,Candidate 3 (SP),SP,SP,,201370,25.43,791853,63.1,False,3,0,0,2014
Odisha,Odisha PC 13,Candidate 4 (TDP),TDP,TDP,NDA,103854,13.12,791853,71.0,False,4,0,0,2014
Odisha,Odisha PC 13,Candidate 5 (BJP),BJP,BJP,NDA,45432,5.74,791853,63.6,False,5,0,0,2014
Odisha,Odisha PC 14,Candidate 1 (TMC),TMC,TMC,,291151,43.49,669498,77.5,True,1,135421,20.23,2014
Odisha,Odisha PC 14,Candidate 2 (AIADMK),AIADMK,AIADMK,,155730,23.26,669498,56.1,False,2,0,0,2014
Odisha,Odisha PC 14,Candidate 3 (JDU),JDU,JDU,,144537,21.59,669498,74.6,False,3,0,0,2014
Odisha,Odisha PC 14,Candidate 4 (BJP),BJP,BJP,NDA,78079,11.66,669498,70.2,False,4,0,0,2014
Odisha,Odisha PC 15,Candidate 1 (BSP),BSP,BSP,,162161,22.67,715455,60.4,True,1,15188,2.12,2014
Odisha,Odisha PC 15,Candidate 2 (BRS),BRS,BRS,,146973,20.54,715455,57.5,False,2,0,0,2014
Odisha,Odisha PC 15,Candidate 3 (BJP),BJP,BJP,NDA,133392,18.64,715455,62.2,False,3,0,0,2014
Odisha,Odisha PC 15,Candidate 4 (DMK),DMK,DMK,,123432,17.25,715455,73.1,False,4,0,0,2014
Odisha,Odisha PC 15,Candidate 5 (OTH),OTH,OTH,,89757,12.55,715455,75.0,False,5,0,0,2014
Odisha,Odisha PC 15,Candidate 6 (TMC),TMC,TMC,,59737,8.35,715455,64.6,False,6,0,0,2014
Odisha,Odisha PC 16,Candidate 1 (AIADMK),AIADMK,AIADMK,,250849,26.13,960145,77.1,True,1,12718,1.32,2014
Odisha,Odisha PC 16,Candidate 2 (TMC),TMC,TMC,,238131,24.8,960145,65.8,False,2,0,0,2014
Odisha,Odisha PC 16,Candidate 3 (INC),INC,INC,UPA,222861,23.21,960145,64.1,False,3,0,0,2014
Odisha,Odisha PC 16,Candidate 4 (BSP),BSP,BSP,,135500,14.11,960145,56.9,False,4,0,0,2014
Odisha,Odisha PC 16,Candidate 5 (BJP),BJP,BJP,NDA,112802,11.75,960145,64.9,False,5,0,0,2014
Odisha,Odisha PC 17,Candidate 1 (TMC),TMC,TMC,,499774,42.52,1175342,75.1,True,1,144899,12.33,2014
Odisha,Odisha PC 17,Candidate 2 (SP),SP,SP,,354875,30.19,1175342,78.0,False,2,0,0,2014
Odisha,Odisha PC 17,Candidate 3 (BJP),BJP,BJP,NDA,320691,27.28,1175342,69.0,False,3,0,0,2014
Odisha,Odisha PC 18,Candidate 1 (TDP),TDP,TDP,NDA,250516,41.87,598381,61.2,True,1,11252,1.88,2014
Odisha,Odisha PC 18,Candidate 2 (BJP),BJP,BJP,NDA,239264,39.99,598381,59.2,False,2,0,0,2014
Odisha,Odisha PC 18,Candidate 3 (OTH),OTH,OTH,,108599,18.15,598381,69.2,False,3,0,0,2014
Odisha,Odisha PC 19,Candidate 1 (BJP),BJP,BJP,NDA,582184,62.93,925074,77.4,True,1,239295,25.87,2014
Odisha,Odisha PC 19,Candidate 2 (TMC),TMC,TMC,,342889,37.07,925074,63.8,False,2,0,0,2014
Odisha,Odisha PC 20,Candidate 1 (DMK),DMK,DMK,,160300,26.65,601471,72.6,True,1,27449,4.56,2014
Odisha,Odisha PC 20,Candidate 2 (TMC),TMC,TMC,,132851,22.09,601471,64.3,False,2,0,0,2014
Odisha,Odisha PC 20,Candidate 3 (BJP),BJP,BJP,NDA,130906,21.76,601471,66.0,False,3,0,0,2014
Odisha,Odisha PC 20,Candidate 4 (INC),INC,INC,UPA,99093,16.48,601471,62.2,False,4,0,0,2014
Odisha,Odisha PC 20,Candidate 5 (OTH),OTH,OTH,,78318,13.02,601471,74.0,False,5,0,0,2014
Odisha,Odisha PC 21,Candidate 1 (BJP),BJP,BJP,NDA,187488,39.2,478233,63.8,True,1,54432,11.38,2014
Odisha,Odisha PC 21,Candidate 2 (BRS),BRS,BRS,,133056,27.82,478233,68.3,False,2,0,0,2014
Odisha,Odisha PC 21,Candidate 3 (TMC),TMC,TMC,,103887,21.72,478233,73.1,False,3,0,0,2014
Odisha,Odisha PC 21,Candidate 4 (INC),INC,INC,UPA,53800,11.25,478233,68.3,False,4,0,0,2014
Telangana,Telangana PC 1,Candidate 1 (AIADMK),AIADMK,AIADMK,,376465,35.6,1057517,56.9,True,1,24124,2.28,2014
Telangana,Telangana PC 1,Candidate 2 (BJP),BJP,BJP,NDA,352341,33.32,1057517,63.0,False,2,0,0,2014
Telangana,Telangana PC 1,Candidate 3 (INC),INC,INC,UPA,226570,21.42,1057517,60.8,False,3,0,0,2014
Telangana,Telangana PC 1,Candidate 4 (BRS),BRS,BRS,,102140,9.66,1057517,75.3,False,4,0,0,2014
Telangana,Telangana PC 2,Candidate 1 (TMC),TMC,TMC,,260442,26.76,973395,60.9,True,1,44993,4.62,2014
Telangana,Telangana PC 2,Candidate 2 (DMK),DMK,DMK,,215449,22.13,973395,76.3,False,2,0,0,2014
Telangana,Telangana PC 2,Candidate 3 (BJP),BJP,BJP,NDA,189736,19.49,973395,57.3,False,3,0,0,2014
Telangana,Telangana PC 2,Candidate 4 (TDP),TDP,TDP,NDA,170173,17.48,973395,72.4,False,4,0,0,2014
Telangana,Telangana PC 2,Candidate 5 (AIADMK),AIADMK,AIADMK,,137592,14.14,973395,75.9,False,5,0,0,2014
Telangana,Telangana PC 3,Candidate 1 (DMK),DMK,DMK,,229629,23.78,965711,64.3,True,1,10517,1.09,2014
Telangana,Telangana PC 3,Candidate 2 (SP),SP,SP,,219112,22.69,965711,57.9,False,2,0,0,2014
Telangana,Telangana PC 3,Candidate 3 (AIADMK),AIADMK,AIADMK,,217358,22.51,965711,56.1,False,3,0,0,2014
Telangana,Telangana PC 3,Candidate 4 (BRS),BRS,BRS,,141298,14.63,965711,75.1,False,4,0,0,2014
Telangana,Telangana PC 3,Candidate 5 (TDP),TDP,TDP,NDA,129204,13.38,965711,74.0,False,5,0,0,2014
Telangana,Telangana PC 3,Candidate 6 (INC),INC,INC,UPA,29107,3.01,965711,74.6,False,6,0,0,2014
Telangana,Telangana PC 4,Candidate 1 (BJP),BJP,BJP,NDA,231552,34.8,665353,62.6,True,1,38750,5.82,2014
Telangana,Telangana PC 4,Candidate 2 (OTH),OTH,OTH,,192802,28.98,665353,59.5,False,2,0,0,2014
Telangana,Telangana PC 4,Candidate 3 (TMC),TMC,TMC,,127526,19.17,665353,61.2,False,3,0,0,2014
Telangana,Telangana PC 4,Candidate 4 (DMK),DMK,DMK,,113471,17.05,665353,59.8,False,4,0,0,2014
Telangana,Telangana PC 5,Candidate 1 (BRS),BRS,BRS,,260409,30.27,860264,73.4,True,1,52923,6.15,2014
Telangana,Telangana PC 5,Candidate 2 (INC),INC,INC,UPA,207486,24.12,860264,62.5,False,2,0,0,2014
Telangana,Telangana PC 5,Candidate 3 (TMC),TMC,TMC,,202809,23.58,860264,66.9,False,3,0,0,2014
Telangana,Telangana PC 5,Candidate 4 (BJP),BJP,BJP,NDA,150032,17.44,860264,71.7,False,4,0,0,2014
Telangana,Telangana PC 5,Candidate 5 (DMK),DMK,DMK,,39526,4.59,860264,55.6,False,5,0,0,2014
Telangana,Telangana PC 6,Candidate 1 (INC),INC,INC,UPA,297902,39.93,746077,69.5,True,1,103711,13.9,2014
Telangana,Telangana PC 6,Candidate 2 (BSP),BSP,BSP,,194191,26.03,746077,56.4,False,2,0,0,2014
Telangana,Telangana PC 6,Candidate 3 (DMK),DMK,DMK,,193616,25.95,746077,66.2,False,3,0,0,2014
Telangana,Telangana PC 6,Candidate 4 (BJP),BJP,BJP,NDA,60367,8.09,746077,57.9,False,4,0,0,2014
Telangana,Telangana PC 7,Candidate 1 (INC),INC,INC,UPA,334350,31.32,1067650,74.3,True,1,82206,7.7,2014
Telangana,Telangana PC 7,Candidate 2 (OTH),OTH,OTH,,252144,23.62,1067650,63.1,False,2,0,0,2014
Telangana,Telangana PC 7,Candidate 3 (TDP),TDP,TDP,NDA,251270,23.53,1067650,68.1,False,3,0,0,2014
Telangana,Telangana PC 7,Candidate 4 (SP),SP,SP,,167251,15.67,1067650,77.8,False,4,0,0,2014
Telangana,Telangana PC 7,Candidate 5 (DMK),DMK,DMK,,62633,5.87,1067650,66.5,False,5,0,0,2014
Telangana,Telangana PC 8,Candidate 1 (BRS),BRS,BRS,,284616,39.87,713906,69.7,True,1,40120,5.62,2014
Telangana,Telangana PC 8,Candidate 2 (BJP),BJP,BJP,NDA,244496,34.25,713906,77.1,False,2,0,0,2014
Telangana,Telangana PC 8,Candidate 3 (OTH),OTH,OTH,,184792,25.88,713906,59.2,False,3,0,0,2014
Telangana,Telangana PC 9,Candidate 1 (BJP),BJP,BJP,NDA,619438,53.86,1150057,68.8,True,1,241640,21.01,2014
Telangana,Telangana PC 9,Candidate 2 (AIADMK),AIADMK,AIADMK,,377798,32.85,1150057,69.2,False,2,0,0,2014
Telangana,Telangana PC 9,Candidate 3 (INC),INC,INC,UPA,152819,13.29,1150057,62.7,False,3,0,0,2014
Telangana,Telangana PC 10,Candidate 1 (BJP),BJP,BJP,NDA,221503,30.06,736960,72.9,True,1,40523,5.5,2014
Telangana,Telangana PC 10,Candidate 2 (DMK),DMK,DMK,,180980,24.56,736960,60.5,False,2,0,0,2014
Telangana,Telangana PC 10,Candidate 3 (INC),INC,INC,UPA,174243,23.64,736960,75.4,False,3,0,0,2014
Telangana,Telangana PC 10,Candidate 4 (OTH),OTH,OTH,,160233,21.74,736960,65.0,False,4,0,0,2014
Telangana,Telangana PC 11,Candidate 1 (JDU),JDU,JDU,,249877,28.1,889241,72.3,True,1,60410,6.79,2014
Telangana,Telangana PC 11,Candidate 2 (OTH),OTH,OTH,,189467,21.31,889241,63.7,False,2,0,0,2014
Telangana,Telangana PC 11,Candidate 3 (INC),INC,INC,UPA,181683,20.43,889241,61.4,False,3,0,0,2014
Telangana,Telangana PC 11,Candidate 4 (TMC),TMC,TMC,,139383,15.67,889241,65.8,False,4,0,0,2014
Telangana,Telangana PC 11,Candidate 5 (BJP),BJP,BJP,NDA,128829,14.49,889241,58.7,False,5,0,0,2014
Telangana,Telangana PC 12,Candidate 1 (BJP),BJP,BJP,NDA,385871,35.87,1075827,65.5,True,1,70101,6.52,2014
Telangana,Telangana PC 12,Candidate 2 (INC),INC,INC,UPA,315770,29.35,1075827,71.8,False,2,0,0,2014
Telangana,Telangana PC 12,Candidate 3 (BRS),BRS,BRS,,300135,27.9,1075827,62.6,False,3,0,0,2014
Telangana,Telangana PC 12,Candidate 4 (TMC),TMC,TMC,,74049,6.88,1075827,76.7,False,4,0,0,2014
Telangana,Telangana PC 13,Candidate 1 (TMC),TMC,TMC,,111871,26.7,418927,64.3,True,1,7260,1.73,2014
Telangana,Telangana PC 13,Candidate 2 (IND),IND,IND,,104611,24.97,418927,55.5,False,2,0,0,2014
Telangana,Telangana PC 13,Candidate 3 (BJP),BJP,BJP,NDA,104166,24.87,418927,60.7,False,3,0,0,2014
Telangana,Telangana PC 13,Candidate 4 (SP),SP,SP,,98277,23.46,418927,55.2,False,4,0,0,2014
Telangana,Telangana PC 14,Candidate 1 (TMC),TMC,TMC,,294251,33.65,874548,70.4,True,1,23024,2.63,2014
Telangana,Telangana PC 14,Candidate 2 (BRS),BRS,BRS,,271227,31.01,874548,63.1,False,2,0,0,2014
Telangana,Telangana PC 14,Candidate 3 (OTH),OTH,OTH,,208348,23.82,874548,65.0,False,3,0,0,2014
Telangana,Telangana PC 14,Candidate 4 (BJP),BJP,BJP,NDA,100720,11.52,874548,70.1,False,4,0,0,2014
Telangana,Telangana PC 15,Candidate 1 (BJP),BJP,BJP,NDA,340889,34.6,985183,69.8,True,1,1087,0.11,2014
Telangana,Telangana PC 15,Candidate 2 (JDU),JDU,JDU,,339802,34.49,985183,72.2,False,2,0,0,2014
Telangana,Telangana PC 15,Candidate 3 (TDP),TDP,TDP,NDA,253211,25.7,985183,61.8,False,3,0,0,2014
Telangana,Telangana PC 15,Candidate 4 (INC),INC,INC,UPA,51279,5.21,985183,56.4,False,4,0,0,2014
Telangana,Telangana PC 16,Candidate 1 (OTH),OTH,OTH,,134586,24.92,539976,56.0,True,1,2090,0.39,2014
Telangana,Telangana PC 16,Candidate 2 (INC),INC,INC,UPA,132496,24.54,539976,66.3,False,2,0,0,2014
Telangana,Telangana PC 16,Candidate 3 (BJP),BJP,BJP,NDA,124443,23.05,539976,69.7,False,3,0,0,2014
Telangana,Telangana PC 16,Candidate 4 (AIADMK),AIADMK,AIADMK,,101763,18.85,539976,64.2,False,4,0,0,2014
Telangana,Telangana PC 16,Candidate 5 (SP),SP,SP,,46685,8.65,539976,74.7,False,5,0,0,2014
Telangana,Telangana PC 17,Candidate 1 (SP),SP,SP,,317877,39.77,799285,75.5,True,1,8969,1.12,2014
Telangana,Telangana PC 17,Candidate 2 (BJP),BJP,BJP,NDA,308908,38.65,799285,61.3,False,2,0,0,2014
Telangana,Telangana PC 17,Candidate 3 (AIADMK),AIADMK,AIADMK,,123487,15.45,799285,58.9,False,3,0,0,2014
Telangana,Telangana PC 17,Candidate 4 (IND),IND,IND,,49010,6.13,799285,69.1,False,4,0,0,2014
Jharkhand,Jharkhand PC 1,Candidate 1 (BJP),BJP,BJP,NDA,361333,32.27,1119570,59.4,True,1,56571,5.05,2014
Jharkhand,Jharkhand PC 1,Candidate 2 (OTH),OTH,OTH,,304762,27.22,1119570,55.7,False,2,0,0,2014
Jharkhand,Jharkhand PC 1,Candidate 3 (DMK),DMK,DMK,,229545,20.5,1119570,77.5,False,3,0,0,2014
Jharkhand,Jharkhand PC 1,Candidate 4 (BRS),BRS,BRS,,152821,13.65,1119570,66.7,False,4,0,0,2014
Jharkhand,Jharkhand PC 1,Candidate 5 (TDP),TDP,TDP,NDA,71106,6.35,1119570,77.2,False,5,0,0,2014
Jharkhand,Jharkhand PC 2,Candidate 1 (TMC),TMC,TMC,,417879,34.86,1198669,55.3,True,1,75736,6.32,2014
Jharkhand,Jharkhand PC 2,Candidate 2 (INC),INC,INC,UPA,342143,28.54,1198669,57.1,False,2,0,0,2014
Jharkhand,Jharkhand PC 2,Candidate 3 (BRS),BRS,BRS,,237014,19.77,1198669,72.6,False,3,0,0,2014
Jharkhand,Jharkhand PC 2,Candidate 4 (BJP),BJP,BJP,NDA,87603,7.31,1198669,58.9,False,4,0,0,2014
Jharkhand,Jharkhand PC 2,Candidate 5 (BSP),BSP,BSP,,70760,5.9,1198669,62.7,False,5,0,0,2014
Jharkhand,Jharkhand PC 2,Candidate 6 (SP),SP,SP,,43267,3.61,1198669,77.0,False,6,0,0,2014
Jharkhand,Jharkhand PC 3,Candidate 1 (BJP),BJP,BJP,NDA,412321,41.07,1004043,60.8,True,1,32228,3.21,2014
Jharkhand,Jharkhand PC 3,Candidate 2 (AIADMK),AIADMK,AIADMK,,380093,37.86,1004043,68.6,False,2,0,0,2014
Jharkhand,Jharkhand PC 3,Candidate 3 (BRS),BRS,BRS,,211627,21.08,1004043,73.8,False,3,0,0,2014
Jharkhand,Jharkhand PC 4,Candidate 1 (BJP),BJP,BJP,NDA,461411,47.27,976027,68.4,True,1,185430,19.0,2014
Jharkhand,Jharkhand PC 4,Candidate 2 (SP),SP,SP,,275981,28.28,976027,56.8,False,2,0,0,2014
Jharkhand,Jharkhand PC 4,Candidate 3 (BRS),BRS,BRS,,238633,24.45,976027,71.3,False,3,0,0,2014
Jharkhand,Jharkhand PC 5,Candidate 1 (BJP),BJP,BJP,NDA,312290,32.49,961042,76.5,True,1,50762,5.28,2014
Jharkhand,Jharkhand PC 5,Candidate 2 (BSP),BSP,BSP,,261528,27.21,961042,76.7,False,2,0,0,2014
Jharkhand,Jharkhand PC 5,Candidate 3 (OTH),OTH,OTH,,228201,23.75,961042,59.9,False,3,0,0,2014
Jharkhand,Jharkhand PC 5,Candidate 4 (JDU),JDU,JDU,,100771,10.49,961042,75.0,False,4,0,0,2014
Jharkhand,Jharkhand PC 5,Candidate 5 (DMK),DMK,DMK,,58251,6.06,961042,64.7,False,5,0,0,2014
Jharkhand,Jharkhand PC 6,Candidate 1 (BJP),BJP,BJP,NDA,610019,51.38,1187265,69.4,True,1,385409,32.46,2014
Jharkhand,Jharkhand PC 6,Candidate 2 (BSP),BSP,BSP,,224610,18.92,1187265,71.5,False,2,0,0,2014
Jharkhand,Jharkhand PC 6,Candidate 3 (DMK),DMK,DMK,,208929,17.6,1187265,76.3,False,3,0,0,2014
Jharkhand,Jharkhand PC 6,Candidate 4 (INC),INC,INC,UPA,143705,12.1,1187265,75.0,False,4,0,0,2014
Jharkhand,Jharkhand PC 7,Candidate 1 (SP),SP,SP,,184302,34.83,529206,57.0,True,1,3363,0.64,2014
Jharkhand,Jharkhand PC 7,Candidate 2 (BJP),BJP,BJP,NDA,180939,34.19,529206,58.2,False,2,0,0,2014
Jharkhand,Jharkhand PC 7,Candidate 3 (TDP),TDP,TDP,NDA,84136,15.9,529206,62.2,False,3,0,0,2014
Jharkhand,Jharkhand PC 7,Candidate 4 (AIADMK),AIADMK,AIADMK,,79826,15.08,529206,72.5,False,4,0,0,2014
Jharkhand,Jharkhand PC 8,Candidate 1 (BRS),BRS,BRS,,233084,27.82,837713,70.0,True,1,828,0.1,2014
Jharkhand,Jharkhand PC 8,Candidate 2 (OTH),OTH,OTH,,232256,27.73,837713,64.7,False,2,0,0,2014
Jharkhand,Jharkhand PC 8,Candidate 3 (TMC),TMC,TMC,,196482,23.45,837713,63.0,False,3,0,0,2014
Jharkhand,Jharkhand PC 8,Candidate 4 (BJP),BJP,BJP,NDA,143529,17.13,837713,61.6,False,4,0,0,2014
Jharkhand,Jharkhand PC 8,Candidate 5 (IND),IND,IND,,32359,3.86,837713,65.6,False,5,0,0,2014
Jharkhand,Jharkhand PC 9,Candidate 1 (BJP),BJP,BJP,NDA,482662,48.07,1004001,69.3,True,1,120721,12.02,2014
Jharkhand,Jharkhand PC 9,Candidate 2 (TDP),TDP,TDP,NDA,361941,36.05,1004001,75.9,False,2,0,0,2014
Jharkhand,Jharkhand PC 9,Candidate 3 (AIADMK),AIADMK,AIADMK,,159397,15.88,1004001,58.3,False,3,0,0,2014
Jharkhand,Jharkhand PC 10,Candidate 1 (BRS),BRS,BRS,,180609,32.97,547791,73.5,True,1,41994,7.67,2014
Jharkhand,Jharkhand PC 10,Candidate 2 (OTH),OTH,OTH,,138615,25.3,547791,61.0,False,2,0,0,2014
Jharkhand,Jharkhand PC 10,Candidate 3 (BSP),BSP,BSP,,91630,16.73,547791,63.9,False,3,0,0,2014
Jharkhand,Jharkhand PC 10,Candidate 4 (JDU),JDU,JDU,,73050,13.34,547791,72.4,False,4,0,0,2014
Jharkhand,Jharkhand PC 10,Candidate 5 (BJP),BJP,BJP,NDA,63885,11.66,547791,70.4,False,5,0,0,2014
Jharkhand,Jharkhand PC 11,Candidate 1 (JDU),JDU,JDU,,209868,30.07,698045,59.7,True,1,53324,7.64,2014
Jharkhand,Jharkhand PC 11,Candidate 2 (BJP),BJP,BJP,NDA,156544,22.43,698045,61.7,False,2,0,0,2014
Jharkhand,Jharkhand PC 11,Candidate 3 (BSP),BSP,BSP,,133216,19.08,698045,69.2,False,3,0,0,2014
Jharkhand,Jharkhand PC 11,Candidate 4 (DMK),DMK,DMK,,100477,14.39,698045,59.6,False,4,0,0,2014
Jharkhand,Jharkhand PC 11,Candidate 5 (SP),SP,SP,,97937,14.03,698045,66.7,False,5,0,0,2014
Jharkhand,Jharkhand PC 12,Candidate 1 (BRS),BRS,BRS,,254913,29.08,876659,74.9,True,1,6446,0.74,2014
Jharkhand,Jharkhand PC 12,Candidate 2 (BJP),BJP,BJP,NDA,248467,28.34,876659,64.5,False,2,0,0,2014
Jharkhand,Jharkhand PC 12,Candidate 3 (IND),IND,IND,,209506,23.9,876659,61.1,False,3,0,0,2014
Jharkhand,Jharkhand PC 12,Candidate 4 (INC),INC,INC,UPA,103665,11.83,876659,71.0,False,4,0,0,2014
Jharkhand,Jharkhand PC 12,Candidate 5 (AIADMK),AIADMK,AIADMK,,60105,6.86,876659,77.7,False,5,0,0,2014
Jharkhand,Jharkhand PC 13,Candidate 1 (TMC),TMC,TMC,,135627,27.28,497188,59.7,True,1,4269,0.86,2014
Jharkhand,Jharkhand PC 13,Candidate 2 (BJP),BJP,BJP,NDA,131358,26.42,497188,64.1,False,2,0,0,2014
Jharkhand,Jharkhand PC 13,Candidate 3 (INC),INC,INC,UPA,73113,14.71,497188,71.1,False,3,0,0,2014
Jharkhand,Jharkhand PC 13,Candidate 4 (SP),SP,SP,,59179,11.9,497188,65.7,False,4,0,0,2014
Jharkhand,Jharkhand PC 13,Candidate 5 (JDU),JDU,JDU,,49777,10.01,497188,61.4,False,5,0,0,2014
Jharkhand,Jharkhand PC 13,Candidate 6 (BRS),BRS,BRS,,48131,9.68,497188,59.9,False,6,0,0,2014
Jharkhand,Jharkhand PC 14,Candidate 1 (BJP),BJP,BJP,NDA,342462,44.33,772560,73.7,True,1,121120,15.68,2014
Jharkhand,Jharkhand PC 14,Candidate 2 (TDP),TDP,TDP,NDA,221342,28.65,772560,60.9,False,2,0,0,2014
Jharkhand,Jharkhand PC 14,Candidate 3 (OTH),OTH,OTH,,208755,27.02,772560,56.4,False,3,0,0,2014
Assam,Assam PC 1,Candidate 1 (BRS),BRS,BRS,,243086,36.16,672237,77.5,True,1,72198,10.74,2014
Assam,Assam PC 1,Candidate 2 (OTH),OTH,OTH,,170888,25.42,672237,55.6,False,2,0,0,2014
Assam,Assam PC 1,Candidate 3 (AIADMK),AIADMK,AIADMK,,137136,20.4,672237,59.0,False,3,0,0,2014
Assam,Assam PC 1,Candidate 4 (BJP),BJP,BJP,NDA,121124,18.02,672237,73.9,False,4,0,0,2014
Assam,Assam PC 2,Candidate 1 (TMC),TMC,TMC,,216687,34.84,621982,56.7,True,1,33563,5.4,2014
Assam,Assam PC 2,Candidate 2 (DMK),DMK,DMK,,183124,29.44,621982,68.2,False,2,0,0,2014
Assam,Assam PC 2,Candidate 3 (BJP),BJP,BJP,NDA,118385,19.03,621982,70.8,False,3,0,0,2014
Assam,Assam PC 2,Candidate 4 (INC),INC,INC,UPA,103784,16.69,621982,70.2,False,4,0,0,2014
Assam,Assam PC 3,Candidate 1 (BJP),BJP,BJP,NDA,172645,33.01,523048,74.2,True,1,51526,9.85,2014
Assam,Assam PC 3,Candidate 2 (BSP),BSP,BSP,,121119,23.16,523048,58.3,False,2,0,0,2014
Assam,Assam PC 3,Candidate 3 (TMC),TMC,TMC,,118574,22.67,523048,64.2,False,3,0,0,2014
Assam,Assam PC 3,Candidate 4 (BRS),BRS,BRS,,110708,21.17,523048,77.0,False,4,0,0,2014
Assam,Assam PC 4,Candidate 1 (SP),SP,SP,,299180,37.44,799012,64.0,True,1,10982,1.37,2014
Assam,Assam PC 4,Candidate 2 (INC),INC,INC,UPA,288198,36.07,799012,55.8,False,2,0,0,2014
Assam,Assam PC 4,Candidate 3 (TMC),TMC,TMC,,211632,26.49,799012,55.0,False,3,0,0,2014
Assam,Assam PC 5,Candidate 1 (JDU),JDU,JDU,,204304,26.16,781042,65.6,True,1,44501,5.7,2014
Assam,Assam PC 5,Candidate 2 (OTH),OTH,OTH,,159803,20.46,781042,69.8,False,2,0,0,2014
Assam,Assam PC 5,Candidate 3 (AIADMK),AIADMK,AIADMK,,135866,17.4,781042,55.5,False,3,0,0,2014
Assam,Assam PC 5,Candidate 4 (IND),IND,IND,,119704,15.33,781042,68.7,False,4,0,0,2014
Assam,Assam PC 5,Candidate 5 (TMC),TMC,TMC,,117666,15.07,781042,73.5,False,5,0,0,2014
Assam,Assam PC 5,Candidate 6 (TDP),TDP,TDP,NDA,43696,5.59,781042,69.5,False,6,0,0,2014
Assam,Assam PC 6,Candidate 1 (IND),IND,IND,,328823,35.25,932842,63.8,True,1,64378,6.9,2014
Assam,Assam PC 6,Candidate 2 (OTH),OTH,OTH,,264445,28.35,932842,57.2,False,2,0,0,2014
Assam,Assam PC 6,Candidate 3 (BJP),BJP,BJP,NDA,194381,20.84,932842,62.3,False,3,0,0,2014
Assam,Assam PC 6,Candidate 4 (TMC),TMC,TMC,,145191,15.56,932842,60.0,False,4,0,0,2014
Assam,Assam PC 7,Candidate 1 (BJP),BJP,BJP,NDA,182571,26.05,700888,59.1,True,1,6641,0.95,2014
Assam,Assam PC 7,Candidate 2 (BSP),BSP,BSP,,175930,25.1,700888,63.8,False,2,0,0,2014
Assam,Assam PC 7,Candidate 3 (SP),SP,SP,,164173,23.42,700888,58.6,False,3,0,0,2014
Assam,Assam PC 7,Candidate 4 (OTH),OTH,OTH,,109890,15.68,700888,77.3,False,4,0,0,2014
Assam,Assam PC 7,Candidate 5 (DMK),DMK,DMK,,68321,9.75,700888,61.5,False,5,0,0,2014
Assam,Assam PC 8,Candidate 1 (BJP),BJP,BJP,NDA,252429,33.23,759660,76.4,True,1,82320,10.84,2014
Assam,Assam PC 8,Candidate 2 (JDU),JDU,JDU,,170109,22.39,759660,65.3,False,2,0,0,2014
Assam,Assam PC 8,Candidate 3 (AIADMK),AIADMK,AIADMK,,156793,20.64,759660,70.7,False,3,0,0,2014
Assam,Assam PC 8,Candidate 4 (TDP),TDP,TDP,NDA,93004,12.24,759660,60.2,False,4,0,0,2014
Assam,Assam PC 8,Candidate 5 (OTH),OTH,OTH,,87322,11.49,759660,65.1,False,5,0,0,2014
Assam,Assam PC 9,Candidate 1 (OTH),OTH,OTH,,248290,41.28,601551,74.7,True,1,11120,1.85,2014
Assam,Assam PC 9,Candidate 2 (BRS),BRS,BRS,,237170,39.43,601551,77.7,False,2,0,0,2014
Assam,Assam PC 9,Candidate 3 (TMC),TMC,TMC,,59628,9.91,601551,68.6,False,3,0,0,2014
Assam,Assam PC 9,Candidate 4 (BJP),BJP,BJP,NDA,56461,9.39,601551,66.8,False,4,0,0,2014
Assam,Assam PC 10,Candidate 1 (INC),INC,INC,UPA,375189,32.68,1147932,63.3,True,1,3806,0.33,2014
Assam,Assam PC 10,Candidate 2 (BSP),BSP,BSP,,371383,32.35,1147932,60.3,False,2,0,0,2014
Assam,Assam PC 10,Candidate 3 (BJP),BJP,BJP,NDA,227016,19.78,1147932,73.9,False,3,0,0,2014
Assam,Assam PC 10,Candidate 4 (BRS),BRS,BRS,,174342,15.19,1147932,75.9,False,4,0,0,2014
Assam,Assam PC 11,Candidate 1 (BJP),BJP,BJP,NDA,156036,34.87,447430,60.9,True,1,29042,6.49,2014
Assam,Assam PC 11,Candidate 2 (INC),INC,INC,UPA,126994,28.38,447430,68.4,False,2,0,0,2014
Assam,Assam PC 11,Candidate 3 (OTH),OTH,OTH,,113715,25.42,447430,58.9,False,3,0,0,2014
Assam,Assam PC 11,Candidate 4 (DMK),DMK,DMK,,32213,7.2,447430,56.8,False,4,0,0,2014
Assam,Assam PC 11,Candidate 5 (TMC),TMC,TMC,,18469,4.13,447430,72.4,False,5,0,0,2014
Assam,Assam PC 12,Candidate 1 (AIADMK),AIADMK,AIADMK,,189341,43.43,435997,57.6,True,1,51644,11.85,2014
Assam,Assam PC 12,Candidate 2 (BJP),BJP,BJP,NDA,137697,31.58,435997,63.5,False,2,0,0,2014
Assam,Assam PC 12,Candidate 3 (INC),INC,INC,UPA,75157,17.24,435997,65.3,False,3,0,0,2014
Assam,Assam PC 12,Candidate 4 (TMC),TMC,TMC,,33800,7.75,435997,67.1,False,4,0,0,2014
Assam,Assam PC 13,Candidate 1 (DMK),DMK,DMK,,178957,25.7,696447,63.0,True,1,5090,0.73,2014
Assam,Assam PC 13,Candidate 2 (INC),INC,INC,UPA,173867,24.96,696447,61.6,False,2,0,0,2014
Assam,Assam PC 13,Candidate 3 (BSP),BSP,BSP,,156629,22.49,696447,69.0,False,3,0,0,2014
Assam,Assam PC 13,Candidate 4 (SP),SP,SP,,127163,18.26,696447,70.8,False,4,0,0,2014
Assam,Assam PC 13,Candidate 5 (TMC),TMC,TMC,,59828,8.59,696447,70.4,False,5,0,0,2014
Assam,Assam PC 14,Candidate 1 (TDP),TDP,TDP,NDA,255232,37.06,688767,72.5,True,1,8929,1.3,2014
Assam,Assam PC 14,Candidate 2 (SP),SP,SP,,246303,35.76,688767,63.3,False,2,0,0,2014
Assam,Assam PC 14,Candidate 3 (BJP),BJP,BJP,NDA,187230,27.18,688767,76.4,False,3,0,0,2014
Punjab,Punjab PC 1,Candidate 1 (OTH),OTH,OTH,,101731,24.81,409981,76.5,True,1,7851,1.91,2014
Punjab,Punjab PC 1,Candidate 2 (BSP),BSP,BSP,,93880,22.9,409981,77.5,False,2,0,0,2014
Punjab,Punjab PC 1,Candidate 3 (TDP),TDP,TDP,NDA,88804,21.66,409981,63.1,False,3,0,0,2014
Punjab,Punjab PC 1,Candidate 4 (BRS),BRS,BRS,,84066,20.5,409981,55.5,False,4,0,0,2014
Punjab,Punjab PC 1,Candidate 5 (INC),INC,INC,UPA,41497,10.12,409981,74.1,False,5,0,0,2014
Punjab,Punjab PC 2,Candidate 1 (OTH),OTH,OTH,,426506,39.74,1073203,75.9,True,1,95849,8.93,2014
Punjab,Punjab PC 2,Candidate 2 (BJP),BJP,BJP,NDA,330657,30.81,1073203,69.3,False,2,0,0,2014
Punjab,Punjab PC 2,Candidate 3 (BRS),BRS,BRS,,316038,29.45,1073203,59.7,False,3,0,0,2014
Punjab,Punjab PC 3,Candidate 1 (OTH),OTH,OTH,,239913,28.57,839832,70.6,True,1,9383,1.12,2014
Punjab,Punjab PC 3,Candidate 2 (BJP),BJP,BJP,NDA,230530,27.45,839832,55.7,False,2,0,0,2014
Punjab,Punjab PC 3,Candidate 3 (IND),IND,IND,,218331,26.0,839832,67.2,False,3,0,0,2014
Punjab,Punjab PC 3,Candidate 4 (INC),INC,INC,UPA,100690,11.99,839832,66.7,False,4,0,0,2014
Punjab,Punjab PC 3,Candidate 5 (JDU),JDU,JDU,,50365,6.0,839832,73.5,False,5,0,0,2014
Punjab,Punjab PC 4,Candidate 1 (AIADMK),AIADMK,AIADMK,,244020,27.56,885488,75.6,True,1,6019,0.68,2014
Punjab,Punjab PC 4,Candidate 2 (OTH),OTH,OTH,,238001,26.88,885488,59.2,False,2,0,0,2014
Punjab,Punjab PC 4,Candidate 3 (BJP),BJP,BJP,NDA,201915,22.8,885488,76.1,False,3,0,0,2014
Punjab,Punjab PC 4,Candidate 4 (INC),INC,INC,UPA,115949,13.09,885488,77.9,False,4,0,0,2014
Punjab,Punjab PC 4,Candidate 5 (JDU),JDU,JDU,,85600,9.67,885488,72.1,False,5,0,0,2014
Punjab,Punjab PC 5,Candidate 1 (OTH),OTH,OTH,,144142,24.33,592495,59.3,True,1,18410,3.11,2014
Punjab,Punjab PC 5,Candidate 2 (BRS),BRS,BRS,,125732,21.22,592495,76.1,False,2,0,0,2014
Punjab,Punjab PC 5,Candidate 3 (TDP),TDP,TDP,NDA,125367,21.16,592495,72.1,False,3,0,0,2014
Punjab,Punjab PC 5,Candidate 4 (TMC),TMC,TMC,,104821,17.69,592495,62.2,False,4,0,0,2014
Punjab,Punjab PC 5,Candidate 5 (BJP),BJP,BJP,NDA,92431,15.6,592495,73.3,False,5,0,0,2014
Punjab,Punjab PC 6,Candidate 1 (OTH),OTH,OTH,,358027,49.43,724348,74.3,True,1,126661,17.49,2014
Punjab,Punjab PC 6,Candidate 2 (BJP),BJP,BJP,NDA,231366,31.94,724348,72.0,False,2,0,0,2014
Punjab,Punjab PC 6,Candidate 3 (TDP),TDP,TDP,NDA,134953,18.63,724348,71.5,False,3,0,0,2014
Punjab,Punjab PC 7,Candidate 1 (TMC),TMC,TMC,,277976,37.8,735385,69.5,True,1,55724,7.58,2014
Punjab,Punjab PC 7,Candidate 2 (DMK),DMK,DMK,,222252,30.22,735385,72.7,False,2,0,0,2014
Punjab,Punjab PC 7,Candidate 3 (BJP),BJP,BJP,NDA,184385,25.07,735385,64.5,False,3,0,0,2014
Punjab,Punjab PC 7,Candidate 4 (OTH),OTH,OTH,,50770,6.9,735385,56.6,False,4,0,0,2014
Punjab,Punjab PC 8,Candidate 1 (BJP),BJP,BJP,NDA,221417,38.96,568360,75.4,True,1,47312,8.32,2014
Punjab,Punjab PC 8,Candidate 2 (INC),INC,INC,UPA,174105,30.63,568360,69.3,False,2,0,0,2014
Punjab,Punjab PC 8,Candidate 3 (OTH),OTH,OTH,,172837,30.41,568360,62.8,False,3,0,0,2014
Punjab,Punjab PC 9,Candidate 1 (BJP),BJP,BJP,NDA,599786,82.87,723756,72.0,True,1,475817,65.74,2014
Punjab,Punjab PC 9,Candidate 2 (INC),INC,INC,UPA,123969,17.13,723756,60.1,False,2,0,0,2014
Punjab,Punjab PC 10,Candidate 1 (SP),SP,SP,,197468,38.43,513868,63.2,True,1,25886,5.04,2014
Punjab,Punjab PC 10,Candidate 2 (BJP),BJP,BJP,NDA,171582,33.39,513868,62.3,False,2,0,0,2014
Punjab,Punjab PC 10,Candidate 3 (INC),INC,INC,UPA,144817,28.18,513868,60.7,False,3,0,0,2014
Punjab,Punjab PC 11,Candidate 1 (INC),INC,INC,UPA,194648,30.31,642142,60.5,True,1,15276,2.38,2014
Punjab,Punjab PC 11,Candidate 2 (TDP),TDP,TDP,NDA,179372,27.93,642142,76.3,False,2,0,0,2014
Punjab,Punjab PC 11,Candidate 3 (SP),SP,SP,,140516,21.88,642142,71.5,False,3,0,0,2014
Punjab,Punjab PC 11,Candidate 4 (BJP),BJP,BJP,NDA,127604,19.87,642142,61.3,False,4,0,0,2014
Punjab,Punjab PC 12,Candidate 1 (TMC),TMC,TMC,,309178,32.92,939207,67.4,True,1,116229,12.38,2014
Punjab,Punjab PC 12,Candidate 2 (AIADMK),AIADMK,AIADMK,,192949,20.54,939207,59.4,False,2,0,0,2014
Punjab,Punjab PC 12,Candidate 3 (OTH),OTH,OTH,,168537,17.94,939207,59.4,False,3,0,0,2014
Punjab,Punjab PC 12,Candidate 4 (BJP),BJP,BJP,NDA,140530,14.96,939207,68.9,False,4,0,0,2014
Punjab,Punjab PC 12,Candidate 5 (INC),INC,INC,UPA,128011,13.63,939207,56.3,False,5,0,0,2014
Punjab,Punjab PC 13,Candidate 1 (SP),SP,SP,,205746,32.63,630505,72.1,True,1,21335,3.38,2014
Punjab,Punjab PC 13,Candidate 2 (BRS),BRS,BRS,,184411,29.25,630505,76.3,False,2,0,0,2014
Punjab,Punjab PC 13,Candidate 3 (TMC),TMC,TMC,,177921,28.22,630505,76.8,False,3,0,0,2014
Punjab,Punjab PC 13,Candidate 4 (BJP),BJP,BJP,NDA,62426,9.9,630505,66.5,False,4,0,0,2014
Haryana,Haryana PC 1,Candidate 1 (INC),INC,INC,UPA,136589,26.18,521683,76.6,True,1,483,0.09,2014
Haryana,Haryana PC 1,Candidate 2 (DMK),DMK,DMK,,136106,26.09,521683,63.5,False,2,0,0,2014
Haryana,Haryana PC 1,Candidate 3 (IND),IND,IND,,102861,19.72,521683,73.7,False,3,0,0,2014
Haryana,Haryana PC 1,Candidate 4 (JDU),JDU,JDU,,82338,15.78,521683,66.4,False,4,0,0,2014
Haryana,Haryana PC 1,Candidate 5 (TMC),TMC,TMC,,63786,12.23,521683,70.2,False,5,0,0,2014
Haryana,Haryana PC 2,Candidate 1 (TDP),TDP,TDP,NDA,159346,31.25,509868,57.0,True,1,53830,10.56,2014
Haryana,Haryana PC 2,Candidate 2 (BJP),BJP,BJP,NDA,105516,20.69,509868,76.5,False,2,0,0,2014
Haryana,Haryana PC 2,Candidate 3 (BSP),BSP,BSP,,85992,16.87,509868,70.9,False,3,0,0,2014
Haryana,Haryana PC 2,Candidate 4 (OTH),OTH,OTH,,83339,16.35,509868,70.4,False,4,0,0,2014
Haryana,Haryana PC 2,Candidate 5 (DMK),DMK,DMK,,75673,14.84,509868,57.0,False,5,0,0,2014
Haryana,Haryana PC 3,Candidate 1 (BJP),BJP,BJP,NDA,219344,49.75,440920,66.6,True,1,53341,12.1,2014
Haryana,Haryana PC 3,Candidate 2 (JDU),JDU,JDU,,166003,37.65,440920,64.2,False,2,0,0,2014
Haryana,Haryana PC 3,Candidate 3 (TMC),TMC,TMC,,55571,12.6,440920,70.4,False,3,0,0,2014
Haryana,Haryana PC 4,Candidate 1 (BJP),BJP,BJP,NDA,357071,33.32,1071775,56.6,True,1,63755,5.95,2014
Haryana,Haryana PC 4,Candidate 2 (SP),SP,SP,,293316,27.37,1071775,73.7,False,2,0,0,2014
Haryana,Haryana PC 4,Candidate 3 (TMC),TMC,TMC,,212234,19.8,1071775,61.9,False,3,0,0,2014
Haryana,Haryana PC 4,Candidate 4 (INC),INC,INC,UPA,209152,19.51,1071775,67.4,False,4,0,0,2014
Haryana,Haryana PC 5,Candidate 1 (BJP),BJP,BJP,NDA,317268,29.08,1091104,76.8,True,1,27719,2.54,2014
Haryana,Haryana PC 5,Candidate 2 (JDU),JDU,JDU,,289549,26.54,1091104,72.3,False,2,0,0,2014
Haryana,Haryana PC 5,Candidate 3 (OTH),OTH,OTH,,257014,23.56,1091104,77.3,False,3,0,0,2014
Haryana,Haryana PC 5,Candidate 4 (TMC),TMC,TMC,,227270,20.83,1091104,61.0,False,4,0,0,2014
Haryana,Haryana PC 6,Candidate 1 (BJP),BJP,BJP,NDA,776329,69.29,1120428,56.6,True,1,432231,38.58,2014
Haryana,Haryana PC 6,Candidate 2 (DMK),DMK,DMK,,344098,30.71,1120428,74.5,False,2,0,0,2014
Haryana,Haryana PC 7,Candidate 1 (AIADMK),AIADMK,AIADMK,,278337,31.74,876919,60.4,True,1,54759,6.24,2014
Haryana,Haryana PC 7,Candidate 2 (BJP),BJP,BJP,NDA,223578,25.5,876919,72.7,False,2,0,0,2014
Haryana,Haryana PC 7,Candidate 3 (SP),SP,SP,,190588,21.73,876919,74.6,False,3,0,0,2014
Haryana,Haryana PC 7,Candidate 4 (INC),INC,INC,UPA,184414,21.03,876919,61.5,False,4,0,0,2014
Haryana,Haryana PC 8,Candidate 1 (IND),IND,IND,,162690,27.45,592643,56.1,True,1,9369,1.58,2014
Haryana,Haryana PC 8,Candidate 2 (TMC),TMC,TMC,,153321,25.87,592643,60.3,False,2,0,0,2014
Haryana,Haryana PC 8,Candidate 3 (AIADMK),AIADMK,AIADMK,,138260,23.33,592643,55.1,False,3,0,0,2014
Haryana,Haryana PC 8,Candidate 4 (BJP),BJP,BJP,NDA,106558,17.98,592643,72.4,False,4,0,0,2014
Haryana,Haryana PC 8,Candidate 5 (TDP),TDP,TDP,NDA,31811,5.37,592643,73.2,False,5,0,0,2014
Haryana,Haryana PC 9,Candidate 1 (INC),INC,INC,UPA,351470,41.15,854032,64.6,True,1,61268,7.17,2014
Haryana,Haryana PC 9,Candidate 2 (DMK),DMK,DMK,,290202,33.98,854032,67.4,False,2,0,0,2014
Haryana,Haryana PC 9,Candidate 3 (BJP),BJP,BJP,NDA,212358,24.87,854032,72.1,False,3,0,0,2014
Haryana,Haryana PC 10,Candidate 1 (BJP),BJP,BJP,NDA,343721,29.61,1160819,73.2,True,1,5027,0.43,2014
Haryana,Haryana PC 10,Candidate 2 (TMC),TMC,TMC,,338694,29.18,1160819,68.9,False,2,0,0,2014
Haryana,Haryana PC 10,Candidate 3 (BSP),BSP,BSP,,228786,19.71,1160819,70.6,False,3,0,0,2014
Haryana,Haryana PC 10,Candidate 4 (TDP),TDP,TDP,NDA,149754,12.9,1160819,58.9,False,4,0,0,2014
Haryana,Haryana PC 10,Candidate 5 (OTH),OTH,OTH,,99862,8.6,1160819,65.0,False,5,0,0,2014
Delhi,Delhi PC 1,Candidate 1 (BJP),BJP,BJP,NDA,331082,33.04,1002153,59.0,True,1,7751,0.77,2014
Delhi,Delhi PC 1,Candidate 2 (TMC),TMC,TMC,,323331,32.26,1002153,74.3,False,2,0,0,2014
Delhi,Delhi PC 1,Candidate 3 (INC),INC,INC,UPA,270797,27.02,1002153,58.7,False,3,0,0,2014
Delhi,Delhi PC 1,Candidate 4 (AIADMK),AIADMK,AIADMK,,76940,7.68,1002153,69.2,False,4,0,0,2014
Delhi,Delhi PC 2,Candidate 1 (TMC),TMC,TMC,,146189,34.98,417888,64.1,True,1,18430,4.41,2014
Delhi,Delhi PC 2,Candidate 2 (BJP),BJP,BJP,NDA,127759,30.57,417888,57.3,False,2,0,0,2014
Delhi,Delhi PC 2,Candidate 3 (IND),IND,IND,,101498,24.29,417888,55.6,False,3,0,0,2014
Delhi,Delhi PC 2,Candidate 4 (SP),SP,SP,,42439,10.16,417888,66.6,False,4,0,0,2014
Delhi,Delhi PC 3,Candidate 1 (TDP),TDP,TDP,NDA,291582,34.54,844236,76.9,True,1,432,0.05,2014
Delhi,Delhi PC 3,Candidate 2 (DMK),DMK,DMK,,291150,34.49,844236,60.4,False,2,0,0,2014
Delhi,Delhi PC 3,Candidate 3 (BJP),BJP,BJP,NDA,222741,26.38,844236,74.8,False,3,0,0,2014
Delhi,Delhi PC 3,Candidate 4 (SP),SP,SP,,38760,4.59,844236,56.4,False,4,0,0,2014
Delhi,Delhi PC 4,Candidate 1 (INC),INC,INC,UPA,443075,37.22,1190510,55.4,True,1,81869,6.88,2014
Delhi,Delhi PC 4,Candidate 2 (BJP),BJP,BJP,NDA,361206,30.34,1190510,61.4,False,2,0,0,2014
Delhi,Delhi PC 4,Candidate 3 (DMK),DMK,DMK,,277219,23.29,1190510,73.8,False,3,0,0,2014
Delhi,Delhi PC 4,Candidate 4 (BSP),BSP,BSP,,109008,9.16,1190510,68.2,False,4,0,0,2014
Delhi,Delhi PC 5,Candidate 1 (BJP),BJP,BJP,NDA,282511,37.87,746093,68.3,True,1,68954,9.24,2014
Delhi,Delhi PC 5,Candidate 2 (BRS),BRS,BRS,,213557,28.62,746093,59.8,False,2,0,0,2014
Delhi,Delhi PC 5,Candidate 3 (INC),INC,INC,UPA,136751,18.33,746093,73.0,False,3,0,0,2014
Delhi,Delhi PC 5,Candidate 4 (TMC),TMC,TMC,,113272,15.18,746093,70.6,False,4,0,0,2014
Delhi,Delhi PC 6,Candidate 1 (BJP),BJP,BJP,NDA,221049,31.67,698009,57.3,True,1,1887,0.27,2014
Delhi,Delhi PC 6,Candidate 2 (BRS),BRS,BRS,,219162,31.4,698009,76.1,False,2,0,0,2014
Delhi,Delhi PC 6,Candidate 3 (INC),INC,INC,UPA,181687,26.03,698009,75.2,False,3,0,0,2014
Delhi,Delhi PC 6,Candidate 4 (TMC),TMC,TMC,,76109,10.9,698009,63.3,False,4,0,0,2014
Delhi,Delhi PC 7,Candidate 1 (BJP),BJP,BJP,NDA,514715,47.33,1087474,63.8,True,1,171465,15.77,2014
Delhi,Delhi PC 7,Candidate 2 (TDP),TDP,TDP,NDA,343250,31.56,1087474,73.8,False,2,0,0,2014
Delhi,Delhi PC 7,Candidate 3 (DMK),DMK,DMK,,229508,21.1,1087474,64.5,False,3,0,0,2014
Uttarakhand,Uttarakhand PC 1,Candidate 1 (INC),INC,INC,UPA,264430,59.32,445772,62.8,True,1,133784,30.01,2014
Uttarakhand,Uttarakhand PC 1,Candidate 2 (TMC),TMC,TMC,,130646,29.31,445772,56.7,False,2,0,0,2014
Uttarakhand,Uttarakhand PC 1,Candidate 3 (BJP),BJP,BJP,NDA,50694,11.37,445772,57.2,False,3,0,0,2014
Uttarakhand,Uttarakhand PC 2,Candidate 1 (AIADMK),AIADMK,AIADMK,,338400,32.97,1026281,60.3,True,1,17786,1.73,2014
Uttarakhand,Uttarakhand PC 2,Candidate 2 (DMK),DMK,DMK,,320614,31.24,1026281,73.2,False,2,0,0,2014
Uttarakhand,Uttarakhand PC 2,Candidate 3 (SP),SP,SP,,237928,23.18,1026281,65.8,False,3,0,0,2014
Uttarakhand,Uttarakhand PC 2,Candidate 4 (BJP),BJP,BJP,NDA,129337,12.6,1026281,73.7,False,4,0,0,2014
Uttarakhand,Uttarakhand PC 3,Candidate 1 (BRS),BRS,BRS,,312865,40.58,771034,63.0,True,1,2265,0.29,2014
Uttarakhand,Uttarakhand PC 3,Candidate 2 (BJP),BJP,BJP,NDA,310600,40.28,771034,60.2,False,2,0,0,2014
Uttarakhand,Uttarakhand PC 3,Candidate 3 (DMK),DMK,DMK,,147568,19.14,771034,69.0,False,3,0,0,2014
Uttarakhand,Uttarakhand PC 4,Candidate 1 (AIADMK),AIADMK,AIADMK,,161459,32.85,491516,76.1,True,1,6384,1.3,2014
Uttarakhand,Uttarakhand PC 4,Candidate 2 (BJP),BJP,BJP,NDA,155075,31.55,491516,63.4,False,2,0,0,2014
Uttarakhand,Uttarakhand PC 4,Candidate 3 (BRS),BRS,BRS,,93296,18.98,491516,70.0,False,3,0,0,2014
Uttarakhand,Uttarakhand PC 4,Candidate 4 (OTH),OTH,OTH,,81684,16.62,491516,73.4,False,4,0,0,2014
Uttarakhand,Uttarakhand PC 5,Candidate 1 (BJP),BJP,BJP,NDA,342799,39.24,873661,72.6,True,1,104241,11.93,2014
Uttarakhand,Uttarakhand PC 5,Candidate 2 (BSP),BSP,BSP,,238558,27.31,873661,77.7,False,2,0,0,2014
Uttarakhand,Uttarakhand PC 5,Candidate 3 (TDP),TDP,TDP,NDA,189568,21.7,873661,67.0,False,3,0,0,2014
Uttarakhand,Uttarakhand PC 5,Candidate 4 (SP),SP,SP,,102734,11.76,873661,65.9,False,4,0,0,2014
Himachal Pradesh,Himachal Pradesh PC 1,Candidate 1 (BJP),BJP,BJP,NDA,451964,82.19,549878,64.3,True,1,354051,64.39,2014
Himachal Pradesh,Himachal Pradesh PC 1,Candidate 2 (INC),INC,INC,UPA,97913,17.81,549878,62.1,False,2,0,0,2014
Himachal Pradesh,Himachal Pradesh PC 2,Candidate 1 (TMC),TMC,TMC,,327011,40.09,815771,75.2,True,1,46111,5.65,2014
Himachal Pradesh,Himachal Pradesh PC 2,Candidate 2 (BJP),BJP,BJP,NDA,280900,34.43,815771,73.5,False,2,0,0,2014
Himachal Pradesh,Himachal Pradesh PC 2,Candidate 3 (OTH),OTH,OTH,,207859,25.48,815771,57.9,False,3,0,0,2014
Himachal Pradesh,Himachal Pradesh PC 3,Candidate 1 (BJP),BJP,BJP,NDA,226255,48.28,468608,55.3,True,1,75215,16.05,2014
Himachal Pradesh,Himachal Pradesh PC 3,Candidate 2 (AIADMK),AIADMK,AIADMK,,151040,32.23,468608,72.0,False,2,0,0,2014
Himachal Pradesh,Himachal Pradesh PC 3,Candidate 3 (INC),INC,INC,UPA,91312,19.49,468608,58.3,False,3,0,0,2014
Himachal Pradesh,Himachal Pradesh PC 4,Candidate 1 (BJP),BJP,BJP,NDA,177023,35.15,503574,72.2,True,1,25335,5.03,2014
Himachal Pradesh,Himachal Pradesh PC 4,Candidate 2 (BSP),BSP,BSP,,151688,30.12,503574,72.9,False,2,0,0,2014
Himachal Pradesh,Himachal Pradesh PC 4,Candidate 3 (OTH),OTH,OTH,,147090,29.21,503574,63.0,False,3,0,0,2014
Himachal Pradesh,Himachal Pradesh PC 4,Candidate 4 (TMC),TMC,TMC,,27771,5.51,503574,71.5,False,4,0,0,2014
Chhattisgarh,Chhattisgarh PC 1,Candidate 1 (BJP),BJP,BJP,NDA,434753,64.46,674422,55.3,True,1,195085,28.93,2014
Chhattisgarh,Chhattisgarh PC 1,Candidate 2 (INC),INC,INC,UPA,239668,35.54,674422,58.8,False,2,0,0,2014
Chhattisgarh,Chhattisgarh PC 2,Candidate 1 (BJP),BJP,BJP,NDA,410651,70.94,578855,64.4,True,1,242448,41.88,2014
Chhattisgarh,Chhattisgarh PC 2,Candidate 2 (TMC),TMC,TMC,,168203,29.06,578855,73.6,False,2,0,0,2014
Chhattisgarh,Chhattisgarh PC 3,Candidate 1 (TMC),TMC,TMC,,301722,34.66,870492,73.1,True,1,36576,4.2,2014
Chhattisgarh,Chhattisgarh PC 3,Candidate 2 (TDP),TDP,TDP,NDA,265146,30.46,870492,64.4,False,2,0,0,2014
Chhattisgarh,Chhattisgarh PC 3,Candidate 3 (BJP),BJP,BJP,NDA,227339,26.12,870492,56.5,False,3,0,0,2014
Chhattisgarh,Chhattisgarh PC 3,Candidate 4 (AIADMK),AIADMK,AIADMK,,76283,8.76,870492,73.9,False,4,0,0,2014
Chhattisgarh,Chhattisgarh PC 4,Candidate 1 (TMC),TMC,TMC,,360820,42.08,857424,64.5,True,1,9862,1.15,2014
Chhattisgarh,Chhattisgarh PC 4,Candidate 2 (BJP),BJP,BJP,NDA,350958,40.93,857424,78.0,False,2,0,0,2014
Chhattisgarh,Chhattisgarh PC 4,Candidate 3 (AIADMK),AIADMK,AIADMK,,145645,16.99,857424,63.7,False,3,0,0,2014
Chhattisgarh,Chhattisgarh PC 5,Candidate 1 (DMK),DMK,DMK,,375110,31.48,1191616,76.9,True,1,10817,0.91,2014
Chhattisgarh,Chhattisgarh PC 5,Candidate 2 (BJP),BJP,BJP,NDA,364293,30.57,1191616,69.8,False,2,0,0,2014
Chhattisgarh,Chhattisgarh PC 5,Candidate 3 (INC),INC,INC,UPA,341504,28.66,1191616,57.0,False,3,0,0,2014
Chhattisgarh,Chhattisgarh PC 5,Candidate 4 (AIADMK),AIADMK,AIADMK,,110707,9.29,1191616,63.1,False,4,0,0,2014
Chhattisgarh,Chhattisgarh PC 6,Candidate 1 (INC),INC,INC,UPA,326267,33.06,987000,70.4,True,1,33096,3.35,2014
Chhattisgarh,Chhattisgarh PC 6,Candidate 2 (TMC),TMC,TMC,,293171,29.7,987000,77.7,False,2,0,0,2014
Chhattisgarh,Chhattisgarh PC 6,Candidate 3 (BJP),BJP,BJP,NDA,190725,19.32,987000,64.8,False,3,0,0,2014
Chhattisgarh,Chhattisgarh PC 6,Candidate 4 (BRS),BRS,BRS,,176835,17.92,987000,63.4,False,4,0,0,2014
Chhattisgarh,Chhattisgarh PC 7,Candidate 1 (INC),INC,INC,UPA,235402,25.93,907991,57.0,True,1,13423,1.48,2014
Chhattisgarh,Chhattisgarh PC 7,Candidate 2 (BJP),BJP,BJP,NDA,221979,24.45,907991,72.3,False,2,0,0,2014
Chhattisgarh,Chhattisgarh PC 7,Candidate 3 (IND),IND,IND,,187377,20.64,907991,56.0,False,3,0,0,2014
Chhattisgarh,Chhattisgarh PC 7,Candidate 4 (BSP),BSP,BSP,,158935,17.5,907991,75.8,False,4,0,0,2014
Chhattisgarh,Chhattisgarh PC 7,Candidate 5 (BRS),BRS,BRS,,104295,11.49,907991,58.9,False,5,0,0,2014
Chhattisgarh,Chhattisgarh PC 8,Candidate 1 (BJP),BJP,BJP,NDA,372204,52.34,711184,55.8,True,1,33225,4.67,2014
Chhattisgarh,Chhattisgarh PC 8,Candidate 2 (OTH),OTH,OTH,,338979,47.66,711184,56.1,False,2,0,0,2014
Chhattisgarh,Chhattisgarh PC 9,Candidate 1 (BRS),BRS,BRS,,318188,32.86,968309,68.8,True,1,16667,1.72,2014
Chhattisgarh,Chhattisgarh PC 9,Candidate 2 (OTH),OTH,OTH,,301521,31.14,968309,58.6,False,2,0,0,2014
Chhattisgarh,Chhattisgarh PC 9,Candidate 3 (SP),SP,SP,,250211,25.84,968309,60.2,False,3,0,0,2014
Chhattisgarh,Chhattisgarh PC 9,Candidate 4 (BJP),BJP,BJP,NDA,98387,10.16,968309,57.9,False,4,0,0,2014
Chhattisgarh,Chhattisgarh PC 10,Candidate 1 (TDP),TDP,TDP,NDA,185587,28.18,658467,65.4,True,1,22644,3.44,2014
Chhattisgarh,Chhattisgarh PC 10,Candidate 2 (TMC),TMC,TMC,,162943,24.75,658467,74.3,False,2,0,0,2014
Chhattisgarh,Chhattisgarh PC 10,Candidate 3 (BJP),BJP,BJP,NDA,161979,24.6,658467,57.4,False,3,0,0,2014
Chhattisgarh,Chhattisgarh PC 10,Candidate 4 (DMK),DMK,DMK,,147956,22.47,658467,75.3,False,4,0,0,2014
Chhattisgarh,Chhattisgarh PC 11,Candidate 1 (BJP),BJP,BJP,NDA,250742,35.55,705316,62.8,True,1,45539,6.46,2014
Chhattisgarh,Chhattisgarh PC 11,Candidate 2 (AIADMK),AIADMK,AIADMK,,205203,29.09,705316,70.9,False,2,0,0,2014
Chhattisgarh,Chhattisgarh PC 11,Candidate 3 (TDP),TDP,TDP,NDA,174055,24.68,705316,63.5,False,3,0,0,2014
Chhattisgarh,Chhattisgarh PC 11,Candidate 4 (BSP),BSP,BSP,,75315,10.68,705316,68.7,False,4,0,0,2014
Goa,Goa PC 1,Candidate 1 (BSP),BSP,BSP,,274451,34.72,790386,64.4,True,1,17141,2.17,2014
Goa,Goa PC 1,Candidate 2 (BJP),BJP,BJP,NDA,257310,32.55,790386,58.9,False,2,0,0,2014
Goa,Goa PC 1,Candidate 3 (DMK),DMK,DMK,,174174,22.04,790386,55.7,False,3,0,0,2014
Goa,Goa PC 1,Candidate 4 (BRS),BRS,BRS,,84449,10.68,790386,71.1,False,4,0,0,2014
Goa,Goa PC 2,Candidate 1 (TDP),TDP,TDP,NDA,268244,38.07,704695,59.3,True,1,62078,8.81,2014
Goa,Goa PC 2,Candidate 2 (TMC),TMC,TMC,,206166,29.26,704695,77.0,False,2,0,0,2014
Goa,Goa PC 2,Candidate 3 (AIADMK),AIADMK,AIADMK,,100587,14.27,704695,62.2,False,3,0,0,2014
Goa,Goa PC 2,Candidate 4 (OTH),OTH,OTH,,73274,10.4,704695,64.9,False,4,0,0,2014
Goa,Goa PC 2,Candidate 5 (INC),INC,INC,UPA,56422,8.01,704695,74.6,False,5,0,0,2014
Kerala,Kerala PC 1,Candidate 1 (BJP),BJP,BJP,NDA,380024,42.0,904806,55.3,True,1,79511,8.79,2014
Kerala,Kerala PC 1,Candidate 2 (INC),INC,INC,UPA,300513,33.21,904806,66.8,False,2,0,0,2014
Kerala,Kerala PC 1,Candidate 3 (TMC),TMC,TMC,,224267,24.79,904806,65.1,False,3,0,0,2014
Kerala,Kerala PC 2,Candidate 1 (BSP),BSP,BSP,,236658,32.49,728297,66.7,True,1,19606,2.69,2014
Kerala,Kerala PC 2,Candidate 2 (BJP),BJP,BJP,NDA,217052,29.8,728297,72.1,False,2,0,0,2014
Kerala,Kerala PC 2,Candidate 3 (SP),SP,SP,,142145,19.52,728297,59.6,False,3,0,0,2014
Kerala,Kerala PC 2,Candidate 4 (BRS),BRS,BRS,,132439,18.18,728297,56.1,False,4,0,0,2014
Kerala,Kerala PC 3,Candidate 1 (AIADMK),AIADMK,AIADMK,,183874,25.52,720537,68.8,True,1,12348,1.71,2014
Kerala,Kerala PC 3,Candidate 2 (BJP),BJP,BJP,NDA,171526,23.81,720537,68.0,False,2,0,0,2014
Kerala,Kerala PC 3,Candidate 3 (SP),SP,SP,,160384,22.26,720537,67.4,False,3,0,0,2014
Kerala,Kerala PC 3,Candidate 4 (DMK),DMK,DMK,,128817,17.88,720537,64.6,False,4,0,0,2014
Kerala,Kerala PC 3,Candidate 5 (BRS),BRS,BRS,,75933,10.54,720537,76.6,False,5,0,0,2014
Kerala,Kerala PC 4,Candidate 1 (BJP),BJP,BJP,NDA,228497,41.48,550929,61.4,True,1,1452,0.26,2014
Kerala,Kerala PC 4,Candidate 2 (OTH),OTH,OTH,,227045,41.21,550929,76.4,False,2,0,0,2014
Kerala,Kerala PC 4,Candidate 3 (SP),SP,SP,,59452,10.79,550929,58.2,False,3,0,0,2014
Kerala,Kerala PC 4,Candidate 4 (TMC),TMC,TMC,,35932,6.52,550929,55.8,False,4,0,0,2014
Kerala,Kerala PC 5,Candidate 1 (TMC),TMC,TMC,,207043,27.94,740910,56.9,True,1,7365,0.99,2014
Kerala,Kerala PC 5,Candidate 2 (BJP),BJP,BJP,NDA,199678,26.95,740910,69.8,False,2,0,0,2014
Kerala,Kerala PC 5,Candidate 3 (SP),SP,SP,,182499,24.63,740910,63.0,False,3,0,0,2014
Kerala,Kerala PC 5,Candidate 4 (BSP),BSP,BSP,,115394,15.57,740910,58.9,False,4,0,0,2014
Kerala,Kerala PC 5,Candidate 5 (BRS),BRS,BRS,,36295,4.9,740910,70.7,False,5,0,0,2014
Kerala,Kerala PC 6,Candidate 1 (TMC),TMC,TMC,,333450,39.9,835701,69.7,True,1,72549,8.68,2014
Kerala,Kerala PC 6,Candidate 2 (JDU),JDU,JDU,,260901,31.22,835701,61.6,False,2,0,0,2014
Kerala,Kerala PC 6,Candidate 3 (BJP),BJP,BJP,NDA,241349,28.88,835701,66.9,False,3,0,0,2014
Kerala,Kerala PC 7,Candidate 1 (SP),SP,SP,,144254,25.49,565981,55.7,True,1,9919,1.75,2014
Kerala,Kerala PC 7,Candidate 2 (TMC),TMC,TMC,,134335,23.73,565981,63.4,False,2,0,0,2014
Kerala,Kerala PC 7,Candidate 3 (BJP),BJP,BJP,NDA,134113,23.7,565981,73.8,False,3,0,0,2014
Kerala,Kerala PC 7,Candidate 4 (AIADMK),AIADMK,AIADMK,,103043,18.21,565981,75.0,False,4,0,0,2014
Kerala,Kerala PC 7,Candidate 5 (OTH),OTH,OTH,,50233,8.88,565981,64.3,False,5,0,0,2014
Kerala,Kerala PC 8,Candidate 1 (BJP),BJP,BJP,NDA,284200,31.9,890799,72.6,True,1,45190,5.07,2014
Kerala,Kerala PC 8,Candidate 2 (AIADMK),AIADMK,AIADMK,,239010,26.83,890799,65.6,False,2,0,0,2014
Kerala,Kerala PC 8,Candidate 3 (INC),INC,INC,UPA,214666,24.1,890799,59.3,False,3,0,0,2014
Kerala,Kerala PC 8,Candidate 4 (BSP),BSP,BSP,,152921,17.17,890799,68.5,False,4,0,0,2014
Kerala,Kerala PC 9,Candidate 1 (OTH),OTH,OTH,,293061,33.64,871043,68.3,True,1,25464,2.92,2014
Kerala,Kerala PC 9,Candidate 2 (JDU),JDU,JDU,,267597,30.72,871043,77.1,False,2,0,0,2014
Kerala,Kerala PC 9,Candidate 3 (TMC),TMC,TMC,,234050,26.87,871043,57.2,False,3,0,0,2014
Kerala,Kerala PC 9,Candidate 4 (BJP),BJP,BJP,NDA,76332,8.76,871043,57.8,False,4,0,0,2014
Kerala,Kerala PC 10,Candidate 1 (INC),INC,INC,UPA,359734,37.01,971940,64.7,True,1,6444,0.66,2014
Kerala,Kerala PC 10,Candidate 2 (BJP),BJP,BJP,NDA,353290,36.35,971940,70.5,False,2,0,0,2014
Kerala,Kerala PC 10,Candidate 3 (BRS),BRS,BRS,,174047,17.91,971940,74.3,False,3,0,0,2014
Kerala,Kerala PC 10,Candidate 4 (TDP),TDP,TDP,NDA,84867,8.73,971940,59.2,False,4,0,0,2014
Kerala,Kerala PC 11,Candidate 1 (BJP),BJP,BJP,NDA,161233,24.5,658187,62.8,True,1,38060,5.78,2014
Kerala,Kerala PC 11,Candidate 2 (BSP),BSP,BSP,,123173,18.71,658187,73.5,False,2,0,0,2014
Kerala,Kerala PC 11,Candidate 3 (TMC),TMC,TMC,,113676,17.27,658187,62.7,False,3,0,0,2014
Kerala,Kerala PC 11,Candidate 4 (OTH),OTH,OTH,,107981,16.41,658187,56.5,False,4,0,0,2014
Kerala,Kerala PC 11,Candidate 5 (DMK),DMK,DMK,,76349,11.6,658187,57.7,False,5,0,0,2014
Kerala,Kerala PC 11,Candidate 6 (INC),INC,INC,UPA,75771,11.51,658187,74.1,False,6,0,0,2014
Kerala,Kerala PC 12,Candidate 1 (OTH),OTH,OTH,,444441,43.09,1031358,61.0,True,1,64007,6.21,2014
Kerala,Kerala PC 12,Candidate 2 (BJP),BJP,BJP,NDA,380434,36.89,1031358,57.9,False,2,0,0,2014
Kerala,Kerala PC 12,Candidate 3 (BRS),BRS,BRS,,206482,20.02,1031358,60.2,False,3,0,0,2014
Kerala,Kerala PC 13,Candidate 1 (AIADMK),AIADMK,AIADMK,,327636,31.23,1049209,55.9,True,1,24201,2.31,2014
Kerala,Kerala PC 13,Candidate 2 (TDP),TDP,TDP,NDA,303435,28.92,1049209,69.9,False,2,0,0,2014
Kerala,Kerala PC 13,Candidate 3 (BJP),BJP,BJP,NDA,286350,27.29,1049209,76.9,False,3,0,0,2014
Kerala,Kerala PC 13,Candidate 4 (SP),SP,SP,,131786,12.56,1049209,65.8,False,4,0,0,2014
Kerala,Kerala PC 14,Candidate 1 (BJP),BJP,BJP,NDA,322870,29.47,1095566,73.4,True,1,15295,1.4,2014
Kerala,Kerala PC 14,Candidate 2 (BRS),BRS,BRS,,307575,28.07,1095566,57.4,False,2,0,0,2014
Kerala,Kerala PC 14,Candidate 3 (TDP),TDP,TDP,NDA,277187,25.3,1095566,63.9,False,3,0,0,2014
Kerala,Kerala PC 14,Candidate 4 (TMC),TMC,TMC,,187932,17.15,1095566,77.4,False,4,0,0,2014
Kerala,Kerala PC 15,Candidate 1 (BSP),BSP,BSP,,213577,28.05,761542,72.7,True,1,46919,6.16,2014
Kerala,Kerala PC 15,Candidate 2 (BJP),BJP,BJP,NDA,166658,21.88,761542,65.1,False,2,0,0,2014
Kerala,Kerala PC 15,Candidate 3 (SP),SP,SP,,149917,19.69,761542,67.9,False,3,0,0,2014
Kerala,Kerala PC 15,Candidate 4 (DMK),DMK,DMK,,117512,15.43,761542,62.8,False,4,0,0,2014
Kerala,Kerala PC 15,Candidate 5 (TMC),TMC,TMC,,113876,14.95,761542,69.5,False,5,0,0,2014
Kerala,Kerala PC 16,Candidate 1 (AIADMK),AIADMK,AIADMK,,319351,39.7,804441,59.2,True,1,33484,4.16,2014
Kerala,Kerala PC 16,Candidate 2 (TMC),TMC,TMC,,285867,35.54,804441,71.5,False,2,0,0,2014
Kerala,Kerala PC 16,Candidate 3 (BJP),BJP,BJP,NDA,111806,13.9,804441,69.5,False,3,0,0,2014
Kerala,Kerala PC 16,Candidate 4 (INC),INC,INC,UPA,87414,10.87,804441,56.6,False,4,0,0,2014
Kerala,Kerala PC 17,Candidate 1 (TMC),TMC,TMC,,174603,23.78,734301,74.3,True,1,24025,3.27,2014
Kerala,Kerala PC 17,Candidate 2 (BRS),BRS,BRS,,150578,20.51,734301,55.2,False,2,0,0,2014
Kerala,Kerala PC 17,Candidate 3 (IND),IND,IND,,119941,16.33,734301,56.4,False,3,0,0,2014
Kerala,Kerala PC 17,Candidate 4 (BJP),BJP,BJP,NDA,110308,15.02,734301,69.0,False,4,0,0,2014
Kerala,Kerala PC 17,Candidate 5 (AIADMK),AIADMK,AIADMK,,104405,14.22,734301,72.8,False,5,0,0,2014
Kerala,Kerala PC 17,Candidate 6 (INC),INC,INC,UPA,74463,10.14,734301,59.0,False,6,0,0,2014
Kerala,Kerala PC 18,Candidate 1 (BJP),BJP,BJP,NDA,294826,46.74,630721,61.5,True,1,65630,10.41,2014
Kerala,Kerala PC 18,Candidate 2 (BSP),BSP,BSP,,229196,36.34,630721,66.0,False,2,0,0,2014
Kerala,Kerala PC 18,Candidate 3 (AIADMK),AIADMK,AIADMK,,106698,16.92,630721,73.0,False,3,0,0,2014
Kerala,Kerala PC 19,Candidate 1 (BJP),BJP,BJP,NDA,640265,55.49,1153867,77.8,True,1,126664,10.98,2014
Kerala,Kerala PC 19,Candidate 2 (DMK),DMK,DMK,,513601,44.51,1153867,63.4,False,2,0,0,2014
Kerala,Kerala PC 20,Candidate 1 (TDP),TDP,TDP,NDA,269652,25.84,1043432,74.2,True,1,4699,0.45,2014
Kerala,Kerala PC 20,Candidate 2 (BJP),BJP,BJP,NDA,264953,25.39,1043432,68.4,False,2,0,0,2014
Kerala,Kerala PC 20,Candidate 3 (INC),INC,INC,UPA,235899,22.61,1043432,55.8,False,3,0,0,2014
Kerala,Kerala PC 20,Candidate 4 (DMK),DMK,DMK,,180989,17.35,1043432,59.7,False,4,0,0,2014
Kerala,Kerala PC 20,Candidate 5 (SP),SP,SP,,91937,8.81,1043432,70.2,False,5,0,0,2014
