state,constituency,candidate,party,party_normalized,alliance,votes,vote_share,total_votes,turnout,is_winner,position,margin,margin_pct,year
Uttar Pradesh,Uttar Pradesh PC 1,Candidate 1 (TMC),TMC,TMC,,371807,32.14,1156872,62.2,True,1,16554,1.43,2019
Uttar Pradesh,Uttar Pradesh PC 1,Candidate 2 (AIADMK),AIADMK,AIADMK,NDA,355253,30.71,1156872,55.2,False,2,0,0,2019
Uttar Pradesh,Uttar Pradesh PC 1,Candidate 3 (OTH),OTH,OTH,,221802,19.17,1156872,61.3,False,3,0,0,2019
Uttar Pradesh,Uttar Pradesh PC 1,Candidate 4 (BJP),BJP,BJP,NDA,118007,10.2,1156872,75.9,False,4,0,0,2019
Uttar Pradesh,Uttar Pradesh PC 1,Candidate 5 (YSR),YSR,YSR,,90001,7.78,1156872,69.8,False,5,0,0,2019
Uttar Pradesh,Uttar Pradesh PC 2,Candidate 1 (BJP),BJP,BJP,NDA,388707,49.85,779828,57.9,True,1,165541,21.23,2019
Uttar Pradesh,Uttar Pradesh PC 2,Candidate 2 (TMC),TMC,TMC,,223166,28.62,779828,75.9,False,2,0,0,2019
Uttar Pradesh,Uttar Pradesh PC 2,Candidate 3 (AIADMK),AIADMK,AIADMK,NDA,86994,11.16,779828,71.6,False,3,0,0,2019
Uttar Pradesh,Uttar Pradesh PC 2,Candidate 4 (YSR),YSR,YSR,,80959,10.38,779828,57.6,False,4,0,0,2019
Uttar Pradesh,Uttar Pradesh PC 3,Candidate 1 (BJP),BJP,BJP,NDA,426309,55.85,763323,62.9,True,1,89296,11.7,2019
Uttar Pradesh,Uttar Pradesh PC 3,Candidate 2 (JDU),JDU,JDU,NDA,337013,44.15,763323,57.5,False,2,0,0,2019
Uttar Pradesh,Uttar Pradesh PC 4,Candidate 1 (BJP),BJP,BJP,NDA,354486,51.65,686369,77.0,True,1,22604,3.29,2019
Uttar Pradesh,Uttar Pradesh PC 4,Candidate 2 (AIADMK),AIADMK,AIADMK,NDA,331882,48.35,686369,74.8,False,2,0,0,2019
Uttar Pradesh,Uttar Pradesh PC 5,Candidate 1 (SP),SP,SP,SP-BSP,387208,39.49,980444,58.0,True,1,68892,7.03,2019
Uttar Pradesh,Uttar Pradesh PC 5,Candidate 2 (BJP),BJP,BJP,NDA,318316,32.47,980444,57.1,False,2,0,0,2019
Uttar Pradesh,Uttar Pradesh PC 5,Candidate 3 (INC),INC,INC,UPA,274919,28.04,980444,69.0,False,3,0,0,2019
Uttar Pradesh,Uttar Pradesh PC 6,Candidate 1 (AIADMK),AIADMK,AIADMK,NDA,262174,36.73,713837,64.0,True,1,29671,4.16,2019
Uttar Pradesh,Uttar Pradesh PC 6,Candidate 2 (INC),INC,INC,UPA,232503,32.57,713837,77.6,False,2,0,0,2019
Uttar Pradesh,Uttar Pradesh PC 6,Candidate 3 (BJP),BJP,BJP,NDA,219158,30.7,713837,63.7,False,3,0,0,2019
Uttar Pradesh,Uttar Pradesh PC 7,Candidate 1 (TMC),TMC,TMC,,217045,33.96,639196,71.0,True,1,3777,0.59,2019
Uttar Pradesh,Uttar Pradesh PC 7,Candidate 2 (BJP),BJP,BJP,NDA,213268,33.37,639196,66.5,False,2,0,0,2019
Uttar Pradesh,Uttar Pradesh PC 7,Candidate 3 (AIADMK),AIADMK,AIADMK,NDA,143265,22.41,639196,59.5,False,3,0,0,2019
Uttar Pradesh,Uttar Pradesh PC 7,Candidate 4 (OTH),OTH,OTH,,65616,10.27,639196,65.4,False,4,0,0,2019
Uttar Pradesh,Uttar Pradesh PC 8,Candidate 1 (JDU),JDU,JDU,NDA,425066,51.8,820527,67.7,True,1,29606,3.61,2019
Uttar Pradesh,Uttar Pradesh PC 8,Candidate 2 (BJP),BJP,BJP,NDA,395460,48.2,820527,64.1,False,2,0,0,2019
Uttar Pradesh,Uttar Pradesh PC 9,Candidate 1 (BJP),BJP,BJP,NDA,372183,33.16,1122522,60.8,True,1,9451,0.84,2019
Uttar Pradesh,Uttar Pradesh PC 9,Candidate 2 (SP),SP,SP,SP-BSP,362732,32.31,1122522,73.3,False,2,0,0,2019
Uttar Pradesh,Uttar Pradesh PC 9,Candidate 3 (INC),INC,INC,UPA,318932,28.41,1122522,72.4,False,3,0,0,2019
Uttar Pradesh,Uttar Pradesh PC 9,Candidate 4 (OTH),OTH,OTH,,68672,6.12,1122522,68.1,False,4,0,0,2019
Uttar Pradesh,Uttar Pradesh PC 10,Candidate 1 (JDU),JDU,JDU,NDA,178717,26.2,682233,67.8,True,1,9781,1.43,2019
Uttar Pradesh,Uttar Pradesh PC 10,Candidate 2 (INC),INC,INC,UPA,168936,24.76,682233,74.2,False,2,0,0,2019
Uttar Pradesh,Uttar Pradesh PC 10,Candidate 3 (BJP),BJP,BJP,NDA,150878,22.12,682233,62.7,False,3,0,0,2019
Uttar Pradesh,Uttar Pradesh PC 10,Candidate 4 (IND),IND,IND,,103623,15.19,682233,70.2,False,4,0,0,2019
Uttar Pradesh,Uttar Pradesh PC 10,Candidate 5 (OTH),OTH,OTH,,80077,11.74,682233,76.9,False,5,0,0,2019
Uttar Pradesh,Uttar Pradesh PC 11,Candidate 1 (SP),SP,SP,SP-BSP,267910,44.66,599906,75.2,True,1,21385,3.56,2019
Uttar Pradesh,Uttar Pradesh PC 11,Candidate 2 (BJP),BJP,BJP,NDA,246525,41.09,599906,69.0,False,2,0,0,2019
Uttar Pradesh,Uttar Pradesh PC 11,Candidate 3 (TMC),TMC,TMC,,85469,14.25,599906,74.4,False,3,0,0,2019
Uttar Pradesh,Uttar Pradesh PC 12,Candidate 1 (TMC),TMC,TMC,,295250,27.8,1061891,66.8,True,1,46159,4.35,2019
Uttar Pradesh,Uttar Pradesh PC 12,Candidate 2 (OTH),OTH,OTH,,249091,23.46,1061891,70.8,False,2,0,0,2019
Uttar Pradesh,Uttar Pradesh PC 12,Candidate 3 (YSR),YSR,YSR,,212042,19.97,1061891,68.1,False,3,0,0,2019
Uttar Pradesh,Uttar Pradesh PC 12,Candidate 4 (IND),IND,IND,,200655,18.9,1061891,70.0,False,4,0,0,2019
Uttar Pradesh,Uttar Pradesh PC 12,Candidate 5 (BJP),BJP,BJP,NDA,104851,9.87,1061891,68.9,False,5,0,0,2019
Uttar Pradesh,Uttar Pradesh PC 13,Candidate 1 (TMC),TMC,TMC,,181569,32.46,559428,60.9,True,1,5402,0.97,2019
Uttar Pradesh,Uttar Pradesh PC 13,Candidate 2 (BJP),BJP,BJP,NDA,176167,31.49,559428,64.1,False,2,0,0,2019
Uttar Pradesh,Uttar Pradesh PC 13,Candidate 3 (AIADMK),AIADMK,AIADMK,NDA,125408,22.42,559428,68.1,False,3,0,0,2019
Uttar Pradesh,Uttar Pradesh PC 13,Candidate 4 (SP),SP,SP,SP-BSP,76283,13.64,559428,67.6,False,4,0,0,2019
Uttar Pradesh,Uttar Pradesh PC 14,Candidate 1 (BJP),BJP,BJP,NDA,308150,33.69,914796,75.6,True,1,100883,11.03,2019
Uttar Pradesh,Uttar Pradesh PC 14,Candidate 2 (SP),SP,SP,SP-BSP,207267,22.66,914796,64.4,False,2,0,0,2019
Uttar Pradesh,Uttar Pradesh PC 14,Candidate 3 (YSR),YSR,YSR,,196583,21.49,914796,66.4,False,3,0,0,2019
Uttar Pradesh,Uttar Pradesh PC 14,Candidate 4 (AIADMK),AIADMK,AIADMK,NDA,127953,13.99,914796,76.9,False,4,0,0,2019
Uttar Pradesh,Uttar Pradesh PC 14,Candidate 5 (BRS),BRS,BRS,,41047,4.49,914796,60.4,False,5,0,0,2019
Uttar Pradesh,Uttar Pradesh PC 14,Candidate 6 (IND),IND,IND,,33793,3.69,914796,72.8,False,6,0,0,2019
Uttar Pradesh,Uttar Pradesh PC 15,Candidate 1 (BJP),BJP,BJP,NDA,352376,31.32,1125205,62.4,True,1,48035,4.27,2019
Uttar Pradesh,Uttar Pradesh PC 15,Candidate 2 (TDP),TDP,TDP,,304341,27.05,1125205,69.4,False,2,0,0,2019
Uttar Pradesh,Uttar Pradesh PC 15,Candidate 3 (TMC),TMC,TMC,,279125,24.81,1125205,57.2,False,3,0,0,2019
Uttar Pradesh,Uttar Pradesh PC 15,Candidate 4 (DMK),DMK,DMK,UPA,121237,10.77,1125205,64.6,False,4,0,0,2019
Uttar Pradesh,Uttar Pradesh PC 15,Candidate 5 (BRS),BRS,BRS,,68123,6.05,1125205,69.2,False,5,0,0,2019
Uttar Pradesh,Uttar Pradesh PC 16,Candidate 1 (BJP),BJP,BJP,NDA,568757,58.9,965566,59.9,True,1,287562,29.78,2019
Uttar Pradesh,Uttar Pradesh PC 16,Candidate 2 (TMC),TMC,TMC,,281195,29.12,965566,58.2,False,2,0,0,2019
Uttar Pradesh,Uttar Pradesh PC 16,Candidate 3 (OTH),OTH,OTH,,115613,11.97,965566,65.3,False,3,0,0,2019
Uttar Pradesh,Uttar Pradesh PC 17,Candidate 1 (DMK),DMK,DMK,UPA,259492,51.13,507544,75.3,True,1,48942,9.64,2019
Uttar Pradesh,Uttar Pradesh PC 17,Candidate 2 (BJP),BJP,BJP,NDA,210550,41.48,507544,69.0,False,2,0,0,2019
Uttar Pradesh,Uttar Pradesh PC 17,Candidate 3 (SP),SP,SP,SP-BSP,37500,7.39,507544,77.4,False,3,0,0,2019
Uttar Pradesh,Uttar Pradesh PC 18,Candidate 1 (INC),INC,INC,UPA,306832,43.0,713532,75.2,True,1,66793,9.36,2019
Uttar Pradesh,Uttar Pradesh PC 18,Candidate 2 (SP),SP,SP,SP-BSP,240039,33.64,713532,63.9,False,2,0,0,2019
Uttar Pradesh,Uttar Pradesh PC 18,Candidate 3 (TMC),TMC,TMC,,84504,11.84,713532,60.1,False,3,0,0,2019
Uttar Pradesh,Uttar Pradesh PC 18,Candidate 4 (BJP),BJP,BJP,NDA,82156,11.51,713532,62.6,False,4,0,0,2019
Uttar Pradesh,Uttar Pradesh PC 19,Candidate 1 (SP),SP,SP,SP-BSP,212476,27.4,775328,72.1,True,1,8014,1.03,2019
Uttar Pradesh,Uttar Pradesh PC 19,Candidate 2 (JDU),JDU,JDU,NDA,204462,26.37,775328,66.7,False,2,0,0,2019
Uttar Pradesh,Uttar Pradesh PC 19,Candidate 3 (BJP),BJP,BJP,NDA,168277,21.7,775328,62.1,False,3,0,0,2019
Uttar Pradesh,Uttar Pradesh PC 19,Candidate 4 (TMC),TMC,TMC,,89059,11.49,775328,70.1,False,4,0,0,2019
Uttar Pradesh,Uttar Pradesh PC 19,Candidate 5 (INC),INC,INC,UPA,51656,6.66,775328,77.1,False,5,0,0,2019
Uttar Pradesh,Uttar Pradesh PC 19,Candidate 6 (OTH),OTH,OTH,,49395,6.37,775328,58.0,False,6,0,0,2019
Uttar Pradesh,Uttar Pradesh PC 20,Candidate 1 (BJP),BJP,BJP,NDA,334372,42.96,778309,57.1,True,1,616,0.08,2019
Uttar Pradesh,Uttar Pradesh PC 20,Candidate 2 (SP),SP,SP,SP-BSP,333756,42.88,778309,62.6,False,2,0,0,2019
Uttar Pradesh,Uttar Pradesh PC 20,Candidate 3 (INC),INC,INC,UPA,110180,14.16,778309,61.1,False,3,0,0,2019
Uttar Pradesh,Uttar Pradesh PC 21,Candidate 1 (IND),IND,IND,,195901,30.65,639135,59.1,True,1,4463,0.7,2019
Uttar Pradesh,Uttar Pradesh PC 21,Candidate 2 (INC),INC,INC,UPA,191438,29.95,639135,77.7,False,2,0,0,2019
Uttar Pradesh,Uttar Pradesh PC 21,Candidate 3 (BJP),BJP,BJP,NDA,171113,26.77,639135,60.5,False,3,0,0,2019
Uttar Pradesh,Uttar Pradesh PC 21,Candidate 4 (AIADMK),AIADMK,AIADMK,NDA,80681,12.62,639135,67.8,False,4,0,0,2019
Uttar Pradesh,Uttar Pradesh PC 22,Candidate 1 (INC),INC,INC,UPA,375859,38.66,972124,55.5,True,1,94257,9.7,2019
Uttar Pradesh,Uttar Pradesh PC 22,Candidate 2 (SP),SP,SP,SP-BSP,281602,28.97,972124,55.9,False,2,0,0,2019
Uttar Pradesh,Uttar Pradesh PC 22,Candidate 3 (BRS),BRS,BRS,,192581,19.81,972124,57.0,False,3,0,0,2019
Uttar Pradesh,Uttar Pradesh PC 22,Candidate 4 (BJP),BJP,BJP,NDA,79585,8.19,972124,64.9,False,4,0,0,2019
Uttar Pradesh,Uttar Pradesh PC 22,Candidate 5 (DMK),DMK,DMK,UPA,42494,4.37,972124,61.4,False,5,0,0,2019
Uttar Pradesh,Uttar Pradesh PC 23,Candidate 1 (TMC),TMC,TMC,,216261,39.21,551540,56.7,True,1,22078,4.0,2019
Uttar Pradesh,Uttar Pradesh PC 23,Candidate 2 (BJP),BJP,BJP,NDA,194183,35.21,551540,69.7,False,2,0,0,2019
Uttar Pradesh,Uttar Pradesh PC 23,Candidate 3 (JDU),JDU,JDU,NDA,96149,17.43,551540,71.8,False,3,0,0,2019
Uttar Pradesh,Uttar Pradesh PC 23,Candidate 4 (AIADMK),AIADMK,AIADMK,NDA,44945,8.15,551540,59.9,False,4,0,0,2019
Uttar Pradesh,Uttar Pradesh PC 24,Candidate 1 (BJP),BJP,BJP,NDA,723944,78.21,925608,66.9,True,1,522281,56.43,2019
Uttar Pradesh,Uttar Pradesh PC 24,Candidate 2 (INC),INC,INC,UPA,201663,21.79,925608,59.8,False,2,0,0,2019
Uttar Pradesh,Uttar Pradesh PC 25,Candidate 1 (JDU),JDU,JDU,NDA,233598,25.72,908080,68.3,True,1,27942,3.08,2019
Uttar Pradesh,Uttar Pradesh PC 25,Candidate 2 (INC),INC,INC,UPA,205656,22.65,908080,72.3,False,2,0,0,2019
Uttar Pradesh,Uttar Pradesh PC 25,Candidate 3 (BJP),BJP,BJP,NDA,201208,22.16,908080,56.0,False,3,0,0,2019
Uttar Pradesh,Uttar Pradesh PC 25,Candidate 4 (YSR),YSR,YSR,,194789,21.45,908080,75.1,False,4,0,0,2019
Uttar Pradesh,Uttar Pradesh PC 25,Candidate 5 (SP),SP,SP,SP-BSP,72827,8.02,908080,59.8,False,5,0,0,2019
Uttar Pradesh,Uttar Pradesh PC 26,Candidate 1 (IND),IND,IND,,197962,33.36,593371,57.5,True,1,58970,9.94,2019
Uttar Pradesh,Uttar Pradesh PC 26,Candidate 2 (BJP),BJP,BJP,NDA,138992,23.42,593371,68.5,False,2,0,0,2019
Uttar Pradesh,Uttar Pradesh PC 26,Candidate 3 (TMC),TMC,TMC,,122166,20.59,593371,57.0,False,3,0,0,2019
Uttar Pradesh,Uttar Pradesh PC 26,Candidate 4 (SP),SP,SP,SP-BSP,92412,15.57,593371,70.9,False,4,0,0,2019
Uttar Pradesh,Uttar Pradesh PC 26,Candidate 5 (AIADMK),AIADMK,AIADMK,NDA,41836,7.05,593371,70.2,False,5,0,0,2019
Uttar Pradesh,Uttar Pradesh PC 27,Candidate 1 (JDU),JDU,JDU,NDA,85988,21.04,408658,73.7,True,1,234,0.06,2019
Uttar Pradesh,Uttar Pradesh PC 27,Candidate 2 (SP),SP,SP,SP-BSP,85754,20.98,408658,75.7,False,2,0,0,2019
Uttar Pradesh,Uttar Pradesh PC 27,Candidate 3 (BJP),BJP,BJP,NDA,82817,20.27,408658,71.3,False,3,0,0,2019
Uttar Pradesh,Uttar Pradesh PC 27,Candidate 4 (TMC),TMC,TMC,,64925,15.89,408658,75.5,False,4,0,0,2019
Uttar Pradesh,Uttar Pradesh PC 27,Candidate 5 (INC),INC,INC,UPA,48795,11.94,408658,65.4,False,5,0,0,2019
Uttar Pradesh,Uttar Pradesh PC 27,Candidate 6 (BRS),BRS,BRS,,40376,9.88,408658,61.4,False,6,0,0,2019
Uttar Pradesh,Uttar Pradesh PC 28,Candidate 1 (BJP),BJP,BJP,NDA,184103,33.44,550539,73.1,True,1,21178,3.85,2019
Uttar Pradesh,Uttar Pradesh PC 28,Candidate 2 (OTH),OTH,OTH,,162925,29.59,550539,58.7,False,2,0,0,2019
Uttar Pradesh,Uttar Pradesh PC 28,Candidate 3 (JDU),JDU,JDU,NDA,102479,18.61,550539,68.1,False,3,0,0,2019
Uttar Pradesh,Uttar Pradesh PC 28,Candidate 4 (AIADMK),AIADMK,AIADMK,NDA,101030,18.35,550539,62.9,False,4,0,0,2019
Uttar Pradesh,Uttar Pradesh PC 29,Candidate 1 (OTH),OTH,OTH,,151715,32.2,471168,60.7,True,1,16662,3.54,2019
Uttar Pradesh,Uttar Pradesh PC 29,Candidate 2 (BJP),BJP,BJP,NDA,135053,28.66,471168,73.1,False,2,0,0,2019
Uttar Pradesh,Uttar Pradesh PC 29,Candidate 3 (INC),INC,INC,UPA,111150,23.59,471168,56.5,False,3,0,0,2019
Uttar Pradesh,Uttar Pradesh PC 29,Candidate 4 (SP),SP,SP,SP-BSP,73248,15.55,471168,69.9,False,4,0,0,2019
Uttar Pradesh,Uttar Pradesh PC 30,Candidate 1 (AIADMK),AIADMK,AIADMK,NDA,365513,32.73,1116697,55.2,True,1,26193,2.35,2019
Uttar Pradesh,Uttar Pradesh PC 30,Candidate 2 (TDP),TDP,TDP,,339320,30.39,1116697,77.0,False,2,0,0,2019
Uttar Pradesh,Uttar Pradesh PC 30,Candidate 3 (BJP),BJP,BJP,NDA,280865,25.15,1116697,77.6,False,3,0,0,2019
Uttar Pradesh,Uttar Pradesh PC 30,Candidate 4 (TMC),TMC,TMC,,130998,11.73,1116697,67.2,False,4,0,0,2019
Uttar Pradesh,Uttar Pradesh PC 31,Candidate 1 (OTH),OTH,OTH,,201816,25.79,782556,75.2,True,1,3086,0.39,2019
Uttar Pradesh,Uttar Pradesh PC 31,Candidate 2 (DMK),DMK,DMK,UPA,198730,25.4,782556,58.6,False,2,0,0,2019
Uttar Pradesh,Uttar Pradesh PC 31,Candidate 3 (BJP),BJP,BJP,NDA,140972,18.01,782556,70.2,False,3,0,0,2019
Uttar Pradesh,Uttar Pradesh PC 31,Candidate 4 (AIADMK),AIADMK,AIADMK,NDA,138737,17.73,782556,72.4,False,4,0,0,2019
Uttar Pradesh,Uttar Pradesh PC 31,Candidate 5 (INC),INC,INC,UPA,102299,13.07,782556,60.8,False,5,0,0,2019
Uttar Pradesh,Uttar Pradesh PC 32,Candidate 1 (BJP),BJP,BJP,NDA,200834,28.53,703820,67.5,True,1,9261,1.32,2019
Uttar Pradesh,Uttar Pradesh PC 32,Candidate 2 (TMC),TMC,TMC,,191573,27.22,703820,59.4,False,2,0,0,2019
Uttar Pradesh,Uttar Pradesh PC 32,Candidate 3 (YSR),YSR,YSR,,154846,22.0,703820,56.5,False,3,0,0,2019
Uttar Pradesh,Uttar Pradesh PC 32,Candidate 4 (SP),SP,SP,SP-BSP,120798,17.16,703820,63.9,False,4,0,0,2019
Uttar Pradesh,Uttar Pradesh PC 32,Candidate 5 (INC),INC,INC,UPA,35767,5.08,703820,57.6,False,5,0,0,2019
Uttar Pradesh,Uttar Pradesh PC 33,Candidate 1 (BJP),BJP,BJP,NDA,312026,35.09,889319,66.0,True,1,73484,8.26,2019
Uttar Pradesh,Uttar Pradesh PC 33,Candidate 2 (AIADMK),AIADMK,AIADMK,NDA,238542,26.82,889319,72.6,False,2,0,0,2019
Uttar Pradesh,Uttar Pradesh PC 33,Candidate 3 (BRS),BRS,BRS,,187832,21.12,889319,72.7,False,3,0,0,2019
Uttar Pradesh,Uttar Pradesh PC 33,Candidate 4 (TMC),TMC,TMC,,150917,16.97,889319,57.9,False,4,0,0,2019
Uttar Pradesh,Uttar Pradesh PC 34,Candidate 1 (BJP),BJP,BJP,NDA,168138,40.21,418127,75.9,True,1,20459,4.89,2019
Uttar Pradesh,Uttar Pradesh PC 34,Candidate 2 (TMC),TMC,TMC,,147679,35.32,418127,71.3,False,2,0,0,2019
Uttar Pradesh,Uttar Pradesh PC 34,Candidate 3 (DMK),DMK,DMK,UPA,102309,24.47,418127,68.6,False,3,0,0,2019
Uttar Pradesh,Uttar Pradesh PC 35,Candidate 1 (JDU),JDU,JDU,NDA,251226,31.62,794427,62.4,True,1,15588,1.96,2019
Uttar Pradesh,Uttar Pradesh PC 35,Candidate 2 (SP),SP,SP,SP-BSP,235638,29.66,794427,76.1,False,2,0,0,2019
Uttar Pradesh,Uttar Pradesh PC 35,Candidate 3 (BJP),BJP,BJP,NDA,231869,29.19,794427,68.0,False,3,0,0,2019
Uttar Pradesh,Uttar Pradesh PC 35,Candidate 4 (TMC),TMC,TMC,,75692,9.53,794427,63.1,False,4,0,0,2019
Uttar Pradesh,Uttar Pradesh PC 36,Candidate 1 (BJP),BJP,BJP,NDA,187753,46.6,402898,70.3,True,1,16078,3.99,2019
Uttar Pradesh,Uttar Pradesh PC 36,Candidate 2 (INC),INC,INC,UPA,171675,42.61,402898,58.0,False,2,0,0,2019
Uttar Pradesh,Uttar Pradesh PC 36,Candidate 3 (BRS),BRS,BRS,,43468,10.79,402898,71.6,False,3,0,0,2019
Uttar Pradesh,Uttar Pradesh PC 37,Candidate 1 (INC),INC,INC,UPA,276212,27.32,1011211,61.4,True,1,2350,0.23,2019
Uttar Pradesh,Uttar Pradesh PC 37,Candidate 2 (BJP),BJP,BJP,NDA,273862,27.08,1011211,57.9,False,2,0,0,2019
Uttar Pradesh,Uttar Pradesh PC 37,Candidate 3 (DMK),DMK,DMK,UPA,250128,24.74,1011211,76.2,False,3,0,0,2019
Uttar Pradesh,Uttar Pradesh PC 37,Candidate 4 (BRS),BRS,BRS,,137282,13.58,1011211,76.3,False,4,0,0,2019
Uttar Pradesh,Uttar Pradesh PC 37,Candidate 5 (OTH),OTH,OTH,,73725,7.29,1011211,60.6,False,5,0,0,2019
Uttar Pradesh,Uttar Pradesh PC 38,Candidate 1 (DMK),DMK,DMK,UPA,358093,30.25,1183824,76.2,True,1,982,0.08,2019
Uttar Pradesh,Uttar Pradesh PC 38,Candidate 2 (TMC),TMC,TMC,,357111,30.17,1183824,63.5,False,2,0,0,2019
Uttar Pradesh,Uttar Pradesh PC 38,Candidate 3 (BJP),BJP,BJP,NDA,329356,27.82,1183824,74.3,False,3,0,0,2019
Uttar Pradesh,Uttar Pradesh PC 38,Candidate 4 (BRS),BRS,BRS,,139262,11.76,1183824,55.2,False,4,0,0,2019
Uttar Pradesh,Uttar Pradesh PC 39,Candidate 1 (TDP),TDP,TDP,,285246,45.97,620523,76.1,True,1,84861,13.68,2019
Uttar Pradesh,Uttar Pradesh PC 39,Candidate 2 (BJP),BJP,BJP,NDA,200385,32.29,620523,56.8,False,2,0,0,2019
Uttar Pradesh,Uttar Pradesh PC 39,Candidate 3 (TMC),TMC,TMC,,134890,21.74,620523,63.8,False,3,0,0,2019
Uttar Pradesh,Uttar Pradesh PC 40,Candidate 1 (BJP),BJP,BJP,NDA,377495,38.15,989483,64.8,True,1,69804,7.05,2019
Uttar Pradesh,Uttar Pradesh PC 40,Candidate 2 (TMC),TMC,TMC,,307691,31.1,989483,77.8,False,2,0,0,2019
Uttar Pradesh,Uttar Pradesh PC 40,Candidate 3 (INC),INC,INC,UPA,304296,30.75,989483,66.3,False,3,0,0,2019
Uttar Pradesh,Uttar Pradesh PC 41,Candidate 1 (JDU),JDU,JDU,NDA,238404,25.35,940310,67.2,True,1,20572,2.19,2019
Uttar Pradesh,Uttar Pradesh PC 41,Candidate 2 (BJP),BJP,BJP,NDA,217832,23.17,940310,69.4,False,2,0,0,2019
Uttar Pradesh,Uttar Pradesh PC 41,Candidate 3 (OTH),OTH,OTH,,202835,21.57,940310,60.3,False,3,0,0,2019
Uttar Pradesh,Uttar Pradesh PC 41,Candidate 4 (AIADMK),AIADMK,AIADMK,NDA,166383,17.69,940310,72.6,False,4,0,0,2019
Uttar Pradesh,Uttar Pradesh PC 41,Candidate 5 (INC),INC,INC,UPA,114854,12.21,940310,63.2,False,5,0,0,2019
Uttar Pradesh,Uttar Pradesh PC 42,Candidate 1 (BJP),BJP,BJP,NDA,429514,37.13,1156866,68.2,True,1,71726,6.2,2019
Uttar Pradesh,Uttar Pradesh PC 42,Candidate 2 (BRS),BRS,BRS,,357788,30.93,1156866,67.3,False,2,0,0,2019
Uttar Pradesh,Uttar Pradesh PC 42,Candidate 3 (INC),INC,INC,UPA,185824,16.06,1156866,65.4,False,3,0,0,2019
Uttar Pradesh,Uttar Pradesh PC 42,Candidate 4 (YSR),YSR,YSR,,98788,8.54,1156866,58.2,False,4,0,0,2019
Uttar Pradesh,Uttar Pradesh PC 42,Candidate 5 (TMC),TMC,TMC,,84948,7.34,1156866,55.8,False,5,0,0,2019
Uttar Pradesh,Uttar Pradesh PC 43,Candidate 1 (TDP),TDP,TDP,,319451,28.48,1121862,76.9,True,1,11754,1.05,2019
Uttar Pradesh,Uttar Pradesh PC 43,Candidate 2 (BJP),BJP,BJP,NDA,307697,27.43,1121862,75.5,False,2,0,0,2019
Uttar Pradesh,Uttar Pradesh PC 43,Candidate 3 (OTH),OTH,OTH,,274342,24.45,1121862,70.7,False,3,0,0,2019
Uttar Pradesh,Uttar Pradesh PC 43,Candidate 4 (SP),SP,SP,SP-BSP,220370,19.64,1121862,66.1,False,4,0,0,2019
Uttar Pradesh,Uttar Pradesh PC 44,Candidate 1 (TMC),TMC,TMC,,350293,40.65,861723,70.2,True,1,64868,7.53,2019
Uttar Pradesh,Uttar Pradesh PC 44,Candidate 2 (SP),SP,SP,SP-BSP,285425,33.12,861723,73.1,False,2,0,0,2019
Uttar Pradesh,Uttar Pradesh PC 44,Candidate 3 (BJP),BJP,BJP,NDA,114936,13.34,861723,70.7,False,3,0,0,2019
Uttar Pradesh,Uttar Pradesh PC 44,Candidate 4 (DMK),DMK,DMK,UPA,111066,12.89,861723,63.7,False,4,0,0,2019
Uttar Pradesh,Uttar Pradesh PC 45,Candidate 1 (INC),INC,INC,UPA,222793,34.75,641202,71.0,True,1,41005,6.4,2019
Uttar Pradesh,Uttar Pradesh PC 45,Candidate 2 (BRS),BRS,BRS,,181788,28.35,641202,62.2,False,2,0,0,2019
Uttar Pradesh,Uttar Pradesh PC 45,Candidate 3 (TMC),TMC,TMC,,120248,18.75,641202,75.1,False,3,0,0,2019
Uttar Pradesh,Uttar Pradesh PC 45,Candidate 4 (BJP),BJP,BJP,NDA,116371,18.15,641202,68.8,False,4,0,0,2019
Uttar Pradesh,Uttar Pradesh PC 46,Candidate 1 (BJP),BJP,BJP,NDA,234990,41.75,562825,57.5,True,1,53169,9.45,2019
Uttar Pradesh,Uttar Pradesh PC 46,Candidate 2 (INC),INC,INC,UPA,181821,32.31,562825,74.0,False,2,0,0,2019
Uttar Pradesh,Uttar Pradesh PC 46,Candidate 3 (YSR),YSR,YSR,,74003,13.15,562825,73.9,False,3,0,0,2019
Uttar Pradesh,Uttar Pradesh PC 46,Candidate 4 (TMC),TMC,TMC,,72009,12.79,562825,73.5,False,4,0,0,2019
Uttar Pradesh,Uttar Pradesh PC 47,Candidate 1 (BJP),BJP,BJP,NDA,167217,28.33,590305,70.4,True,1,3764,0.64,2019
Uttar Pradesh,Uttar Pradesh PC 47,Candidate 2 (TMC),TMC,TMC,,163453,27.69,590305,69.7,False,2,0,0,2019
Uttar Pradesh,Uttar Pradesh PC 47,Candidate 3 (INC),INC,INC,UPA,132121,22.38,590305,60.4,False,3,0,0,2019
Uttar Pradesh,Uttar Pradesh PC 47,Candidate 4 (TDP),TDP,TDP,,127512,21.6,590305,57.2,False,4,0,0,2019
Uttar Pradesh,Uttar Pradesh PC 48,Candidate 1 (BRS),BRS,BRS,,502331,42.78,1174144,63.3,True,1,93334,7.95,2019
Uttar Pradesh,Uttar Pradesh PC 48,Candidate 2 (IND),IND,IND,,408997,34.83,1174144,76.7,False,2,0,0,2019
Uttar Pradesh,Uttar Pradesh PC 48,Candidate 3 (DMK),DMK,DMK,UPA,165858,14.13,1174144,59.3,False,3,0,0,2019
Uttar Pradesh,Uttar Pradesh PC 48,Candidate 4 (INC),INC,INC,UPA,96956,8.26,1174144,72.7,False,4,0,0,2019
Uttar Pradesh,Uttar Pradesh PC 49,Candidate 1 (BJP),BJP,BJP,NDA,174866,38.92,449250,63.6,True,1,29328,6.53,2019
Uttar Pradesh,Uttar Pradesh PC 49,Candidate 2 (JDU),JDU,JDU,NDA,145538,32.4,449250,68.0,False,2,0,0,2019
Uttar Pradesh,Uttar Pradesh PC 49,Candidate 3 (DMK),DMK,DMK,UPA,128844,28.68,449250,74.1,False,3,0,0,2019
Uttar Pradesh,Uttar Pradesh PC 50,Candidate 1 (JDU),JDU,JDU,NDA,186719,35.69,523227,67.1,True,1,40176,7.68,2019
Uttar Pradesh,Uttar Pradesh PC 50,Candidate 2 (DMK),DMK,DMK,UPA,146543,28.01,523227,75.0,False,2,0,0,2019
Uttar Pradesh,Uttar Pradesh PC 50,Candidate 3 (INC),INC,INC,UPA,137456,26.27,523227,63.2,False,3,0,0,2019
Uttar Pradesh,Uttar Pradesh PC 50,Candidate 4 (BJP),BJP,BJP,NDA,52507,10.04,523227,69.2,False,4,0,0,2019
Uttar Pradesh,Uttar Pradesh PC 51,Candidate 1 (SP),SP,SP,SP-BSP,302098,51.89,582210,66.8,True,1,104074,17.88,2019
Uttar Pradesh,Uttar Pradesh PC 51,Candidate 2 (BJP),BJP,BJP,NDA,198024,34.01,582210,64.7,False,2,0,0,2019
Uttar Pradesh,Uttar Pradesh PC 51,Candidate 3 (INC),INC,INC,UPA,82086,14.1,582210,58.9,False,3,0,0,2019
Uttar Pradesh,Uttar Pradesh PC 52,Candidate 1 (INC),INC,INC,UPA,186652,32.84,568400,74.7,True,1,12074,2.12,2019
Uttar Pradesh,Uttar Pradesh PC 52,Candidate 2 (TMC),TMC,TMC,,174578,30.71,568400,77.9,False,2,0,0,2019
Uttar Pradesh,Uttar Pradesh PC 52,Candidate 3 (BJP),BJP,BJP,NDA,171111,30.1,568400,63.0,False,3,0,0,2019
Uttar Pradesh,Uttar Pradesh PC 52,Candidate 4 (YSR),YSR,YSR,,36057,6.34,568400,62.3,False,4,0,0,2019
Uttar Pradesh,Uttar Pradesh PC 53,Candidate 1 (BJP),BJP,BJP,NDA,661861,61.39,1078081,71.1,True,1,245642,22.79,2019
Uttar Pradesh,Uttar Pradesh PC 53,Candidate 2 (BRS),BRS,BRS,,416219,38.61,1078081,56.9,False,2,0,0,2019
Uttar Pradesh,Uttar Pradesh PC 54,Candidate 1 (INC),INC,INC,UPA,271755,37.66,721627,56.9,True,1,28826,3.99,2019
Uttar Pradesh,Uttar Pradesh PC 54,Candidate 2 (BJP),BJP,BJP,NDA,242929,33.66,721627,58.0,False,2,0,0,2019
Uttar Pradesh,Uttar Pradesh PC 54,Candidate 3 (TDP),TDP,TDP,,116392,16.13,721627,58.6,False,3,0,0,2019
Uttar Pradesh,Uttar Pradesh PC 54,Candidate 4 (SP),SP,SP,SP-BSP,90549,12.55,721627,66.2,False,4,0,0,2019
Uttar Pradesh,Uttar Pradesh PC 55,Candidate 1 (INC),INC,INC,UPA,327405,66.11,495254,71.7,True,1,159557,32.22,2019
Uttar Pradesh,Uttar Pradesh PC 55,Candidate 2 (DMK),DMK,DMK,UPA,167848,33.89,495254,76.5,False,2,0,0,2019
Uttar Pradesh,Uttar Pradesh PC 56,Candidate 1 (TDP),TDP,TDP,,303520,40.95,741108,70.0,True,1,29940,4.04,2019
Uttar Pradesh,Uttar Pradesh PC 56,Candidate 2 (JDU),JDU,JDU,NDA,273580,36.92,741108,64.2,False,2,0,0,2019
Uttar Pradesh,Uttar Pradesh PC 56,Candidate 3 (BRS),BRS,BRS,,62725,8.46,741108,71.1,False,3,0,0,2019
Uttar Pradesh,Uttar Pradesh PC 56,Candidate 4 (BJP),BJP,BJP,NDA,52492,7.08,741108,66.6,False,4,0,0,2019
Uttar Pradesh,Uttar Pradesh PC 56,Candidate 5 (SP),SP,SP,SP-BSP,48789,6.58,741108,65.5,False,5,0,0,2019
Uttar Pradesh,Uttar Pradesh PC 57,Candidate 1 (BJP),BJP,BJP,NDA,431419,48.32,892912,64.3,True,1,30440,3.41,2019
Uttar Pradesh,Uttar Pradesh PC 57,Candidate 2 (TDP),TDP,TDP,,400979,44.91,892912,76.6,False,2,0,0,2019
Uttar Pradesh,Uttar Pradesh PC 57,Candidate 3 (IND),IND,IND,,60513,6.78,892912,63.0,False,3,0,0,2019
Uttar Pradesh,Uttar Pradesh PC 58,Candidate 1 (TMC),TMC,TMC,,253762,26.14,970826,74.3,True,1,30583,3.15,2019
Uttar Pradesh,Uttar Pradesh PC 58,Candidate 2 (OTH),OTH,OTH,,223179,22.99,970826,72.2,False,2,0,0,2019
Uttar Pradesh,Uttar Pradesh PC 58,Candidate 3 (INC),INC,INC,UPA,178849,18.42,970826,64.9,False,3,0,0,2019
Uttar Pradesh,Uttar Pradesh PC 58,Candidate 4 (BJP),BJP,BJP,NDA,165434,17.04,970826,60.0,False,4,0,0,2019
Uttar Pradesh,Uttar Pradesh PC 58,Candidate 5 (AIADMK),AIADMK,AIADMK,NDA,149599,15.41,970826,76.6,False,5,0,0,2019
Uttar Pradesh,Uttar Pradesh PC 59,Candidate 1 (BJP),BJP,BJP,NDA,665259,59.69,1114614,71.4,True,1,500738,44.92,2019
Uttar Pradesh,Uttar Pradesh PC 59,Candidate 2 (INC),INC,INC,UPA,164521,14.76,1114614,76.5,False,2,0,0,2019
Uttar Pradesh,Uttar Pradesh PC 59,Candidate 3 (AIADMK),AIADMK,AIADMK,NDA,129880,11.65,1114614,61.6,False,3,0,0,2019
Uttar Pradesh,Uttar Pradesh PC 59,Candidate 4 (JDU),JDU,JDU,NDA,81650,7.33,1114614,61.9,False,4,0,0,2019
Uttar Pradesh,Uttar Pradesh PC 59,Candidate 5 (SP),SP,SP,SP-BSP,73302,6.58,1114614,62.2,False,5,0,0,2019
Uttar Pradesh,Uttar Pradesh PC 60,Candidate 1 (IND),IND,IND,,168236,22.67,742246,69.3,True,1,9235,1.24,2019
Uttar Pradesh,Uttar Pradesh PC 60,Candidate 2 (AIADMK),AIADMK,AIADMK,NDA,159001,21.42,742246,74.7,False,2,0,0,2019
Uttar Pradesh,Uttar Pradesh PC 60,Candidate 3 (TMC),TMC,TMC,,155910,21.01,742246,69.0,False,3,0,0,2019
Uttar Pradesh,Uttar Pradesh PC 60,Candidate 4 (BRS),BRS,BRS,,148434,20.0,742246,70.5,False,4,0,0,2019
Uttar Pradesh,Uttar Pradesh PC 60,Candidate 5 (SP),SP,SP,SP-BSP,110661,14.91,742246,60.8,False,5,0,0,2019
Uttar Pradesh,Uttar Pradesh PC 61,Candidate 1 (TMC),TMC,TMC,,427341,36.5,1170838,67.6,True,1,119366,10.19,2019
Uttar Pradesh,Uttar Pradesh PC 61,Candidate 2 (BJP),BJP,BJP,NDA,307975,26.3,1170838,57.9,False,2,0,0,2019
Uttar Pradesh,Uttar Pradesh PC 61,Candidate 3 (BRS),BRS,BRS,,256914,21.94,1170838,70.4,False,3,0,0,2019
Uttar Pradesh,Uttar Pradesh PC 61,Candidate 4 (SP),SP,SP,SP-BSP,178605,15.25,1170838,74.9,False,4,0,0,2019
Uttar Pradesh,Uttar Pradesh PC 62,Candidate 1 (BJP),BJP,BJP,NDA,341624,31.28,1092090,65.2,True,1,41481,3.8,2019
Uttar Pradesh,Uttar Pradesh PC 62,Candidate 2 (IND),IND,IND,,300143,27.48,1092090,64.1,False,2,0,0,2019
Uttar Pradesh,Uttar Pradesh PC 62,Candidate 3 (AIADMK),AIADMK,AIADMK,NDA,246532,22.57,1092090,72.0,False,3,0,0,2019
Uttar Pradesh,Uttar Pradesh PC 62,Candidate 4 (INC),INC,INC,UPA,116386,10.66,1092090,67.3,False,4,0,0,2019
Uttar Pradesh,Uttar Pradesh PC 62,Candidate 5 (SP),SP,SP,SP-BSP,87403,8.0,1092090,77.6,False,5,0,0,2019
Uttar Pradesh,Uttar Pradesh PC 63,Candidate 1 (TDP),TDP,TDP,,315063,26.73,1178697,77.6,True,1,7762,0.66,2019
Uttar Pradesh,Uttar Pradesh PC 63,Candidate 2 (INC),INC,INC,UPA,307301,26.07,1178697,58.8,False,2,0,0,2019
Uttar Pradesh,Uttar Pradesh PC 63,Candidate 3 (DMK),DMK,DMK,UPA,276809,23.48,1178697,68.6,False,3,0,0,2019
Uttar Pradesh,Uttar Pradesh PC 63,Candidate 4 (AIADMK),AIADMK,AIADMK,NDA,121681,10.32,1178697,61.1,False,4,0,0,2019
Uttar Pradesh,Uttar Pradesh PC 63,Candidate 5 (TMC),TMC,TMC,,89310,7.58,1178697,66.2,False,5,0,0,2019
Uttar Pradesh,Uttar Pradesh PC 63,Candidate 6 (BJP),BJP,BJP,NDA,68530,5.81,1178697,67.7,False,6,0,0,2019
Uttar Pradesh,Uttar Pradesh PC 64,Candidate 1 (BJP),BJP,BJP,NDA,412855,53.85,766747,64.8,True,1,58964,7.69,2019
Uttar Pradesh,Uttar Pradesh PC 64,Candidate 2 (INC),INC,INC,UPA,353891,46.15,766747,62.7,False,2,0,0,2019
Uttar Pradesh,Uttar Pradesh PC 65,Candidate 1 (AIADMK),AIADMK,AIADMK,NDA,193115,28.73,672220,56.2,True,1,8553,1.27,2019
Uttar Pradesh,Uttar Pradesh PC 65,Candidate 2 (YSR),YSR,YSR,,184562,27.46,672220,67.8,False,2,0,0,2019
Uttar Pradesh,Uttar Pradesh PC 65,Candidate 3 (BJP),BJP,BJP,NDA,124574,18.53,672220,67.7,False,3,0,0,2019
Uttar Pradesh,Uttar Pradesh PC 65,Candidate 4 (JDU),JDU,JDU,NDA,103276,15.36,672220,61.2,False,4,0,0,2019
Uttar Pradesh,Uttar Pradesh PC 65,Candidate 5 (SP),SP,SP,SP-BSP,66689,9.92,672220,55.4,False,5,0,0,2019
Uttar Pradesh,Uttar Pradesh PC 66,Candidate 1 (INC),INC,INC,UPA,529712,45.6,1161605,61.0,True,1,147512,12.7,2019
Uttar Pradesh,Uttar Pradesh PC 66,Candidate 2 (BJP),BJP,BJP,NDA,382200,32.9,1161605,62.3,False,2,0,0,2019
Uttar Pradesh,Uttar Pradesh PC 66,Candidate 3 (OTH),OTH,OTH,,249691,21.5,1161605,62.3,False,3,0,0,2019
Uttar Pradesh,Uttar Pradesh PC 67,Candidate 1 (BJP),BJP,BJP,NDA,191969,40.51,473879,77.9,True,1,39099,8.25,2019
Uttar Pradesh,Uttar Pradesh PC 67,Candidate 2 (SP),SP,SP,SP-BSP,152870,32.26,473879,68.2,False,2,0,0,2019
Uttar Pradesh,Uttar Pradesh PC 67,Candidate 3 (INC),INC,INC,UPA,69237,14.61,473879,61.0,False,3,0,0,2019
Uttar Pradesh,Uttar Pradesh PC 67,Candidate 4 (IND),IND,IND,,59800,12.62,473879,67.2,False,4,0,0,2019
Uttar Pradesh,Uttar Pradesh PC 68,Candidate 1 (BJP),BJP,BJP,NDA,408747,47.68,857247,56.5,True,1,161881,18.88,2019
Uttar Pradesh,Uttar Pradesh PC 68,Candidate 2 (INC),INC,INC,UPA,246866,28.8,857247,77.8,False,2,0,0,2019
Uttar Pradesh,Uttar Pradesh PC 68,Candidate 3 (BRS),BRS,BRS,,201633,23.52,857247,74.2,False,3,0,0,2019
Uttar Pradesh,Uttar Pradesh PC 69,Candidate 1 (BJP),BJP,BJP,NDA,384393,38.23,1005359,69.5,True,1,144426,14.37,2019
Uttar Pradesh,Uttar Pradesh PC 69,Candidate 2 (INC),INC,INC,UPA,239967,23.87,1005359,76.9,False,2,0,0,2019
Uttar Pradesh,Uttar Pradesh PC 69,Candidate 3 (DMK),DMK,DMK,UPA,220586,21.94,1005359,70.1,False,3,0,0,2019
Uttar Pradesh,Uttar Pradesh PC 69,Candidate 4 (YSR),YSR,YSR,,160410,15.96,1005359,68.6,False,4,0,0,2019
Uttar Pradesh,Uttar Pradesh PC 70,Candidate 1 (YSR),YSR,YSR,,392428,32.9,1192782,76.6,True,1,64101,5.37,2019
Uttar Pradesh,Uttar Pradesh PC 70,Candidate 2 (BJP),BJP,BJP,NDA,328327,27.53,1192782,58.5,False,2,0,0,2019
Uttar Pradesh,Uttar Pradesh PC 70,Candidate 3 (DMK),DMK,DMK,UPA,277629,23.28,1192782,55.7,False,3,0,0,2019
Uttar Pradesh,Uttar Pradesh PC 70,Candidate 4 (TMC),TMC,TMC,,194396,16.3,1192782,58.4,False,4,0,0,2019
Uttar Pradesh,Uttar Pradesh PC 71,Candidate 1 (JDU),JDU,JDU,NDA,662002,58.37,1134122,56.2,True,1,189883,16.74,2019
Uttar Pradesh,Uttar Pradesh PC 71,Candidate 2 (BJP),BJP,BJP,NDA,472119,41.63,1134122,61.3,False,2,0,0,2019
Uttar Pradesh,Uttar Pradesh PC 72,Candidate 1 (OTH),OTH,OTH,,538189,49.57,1085787,55.0,True,1,114540,10.55,2019
Uttar Pradesh,Uttar Pradesh PC 72,Candidate 2 (BJP),BJP,BJP,NDA,423649,39.02,1085787,72.8,False,2,0,0,2019
Uttar Pradesh,Uttar Pradesh PC 72,Candidate 3 (TMC),TMC,TMC,,123947,11.42,1085787,59.1,False,3,0,0,2019
Uttar Pradesh,Uttar Pradesh PC 73,Candidate 1 (INC),INC,INC,UPA,386915,47.36,816909,66.8,True,1,64204,7.86,2019
Uttar Pradesh,Uttar Pradesh PC 73,Candidate 2 (BJP),BJP,BJP,NDA,322711,39.5,816909,56.5,False,2,0,0,2019
Uttar Pradesh,Uttar Pradesh PC 73,Candidate 3 (TMC),TMC,TMC,,107282,13.13,816909,63.7,False,3,0,0,2019
Uttar Pradesh,Uttar Pradesh PC 74,Candidate 1 (TMC),TMC,TMC,,333095,28.01,1189343,60.7,True,1,9656,0.81,2019
Uttar Pradesh,Uttar Pradesh PC 74,Candidate 2 (SP),SP,SP,SP-BSP,323439,27.19,1189343,61.2,False,2,0,0,2019
Uttar Pradesh,Uttar Pradesh PC 74,Candidate 3 (TDP),TDP,TDP,,318434,26.77,1189343,57.8,False,3,0,0,2019
Uttar Pradesh,Uttar Pradesh PC 74,Candidate 4 (BRS),BRS,BRS,,122115,10.27,1189343,73.5,False,4,0,0,2019
Uttar Pradesh,Uttar Pradesh PC 74,Candidate 5 (BJP),BJP,BJP,NDA,92257,7.76,1189343,56.5,False,5,0,0,2019
Uttar Pradesh,Uttar Pradesh PC 75,Candidate 1 (BJP),BJP,BJP,NDA,208322,31.86,653913,77.0,True,1,23023,3.52,2019
Uttar Pradesh,Uttar Pradesh PC 75,Candidate 2 (DMK),DMK,DMK,UPA,185299,28.34,653913,72.5,False,2,0,0,2019
Uttar Pradesh,Uttar Pradesh PC 75,Candidate 3 (SP),SP,SP,SP-BSP,166170,25.41,653913,57.4,False,3,0,0,2019
Uttar Pradesh,Uttar Pradesh PC 75,Candidate 4 (BRS),BRS,BRS,,94120,14.39,653913,61.4,False,4,0,0,2019
Uttar Pradesh,Uttar Pradesh PC 76,Candidate 1 (BJP),BJP,BJP,NDA,358116,50.07,715171,68.0,True,1,1062,0.15,2019
Uttar Pradesh,Uttar Pradesh PC 76,Candidate 2 (DMK),DMK,DMK,UPA,357054,49.93,715171,70.0,False,2,0,0,2019
Uttar Pradesh,Uttar Pradesh PC 77,Candidate 1 (INC),INC,INC,UPA,354705,38.55,920201,72.3,True,1,41307,4.49,2019
Uttar Pradesh,Uttar Pradesh PC 77,Candidate 2 (BJP),BJP,BJP,NDA,313398,34.06,920201,59.0,False,2,0,0,2019
Uttar Pradesh,Uttar Pradesh PC 77,Candidate 3 (AIADMK),AIADMK,AIADMK,NDA,188474,20.48,920201,69.0,False,3,0,0,2019
Uttar Pradesh,Uttar Pradesh PC 77,Candidate 4 (TMC),TMC,TMC,,63622,6.91,920201,65.8,False,4,0,0,2019
Uttar Pradesh,Uttar Pradesh PC 78,Candidate 1 (INC),INC,INC,UPA,257081,45.65,563103,72.7,True,1,15817,2.81,2019
Uttar Pradesh,Uttar Pradesh PC 78,Candidate 2 (BJP),BJP,BJP,NDA,241264,42.85,563103,69.5,False,2,0,0,2019
Uttar Pradesh,Uttar Pradesh PC 78,Candidate 3 (TMC),TMC,TMC,,64756,11.5,563103,65.4,False,3,0,0,2019
Uttar Pradesh,Uttar Pradesh PC 79,Candidate 1 (BJP),BJP,BJP,NDA,542190,46.91,1155878,67.1,True,1,185537,16.05,2019
Uttar Pradesh,Uttar Pradesh PC 79,Candidate 2 (DMK),DMK,DMK,UPA,356653,30.86,1155878,61.5,False,2,0,0,2019
Uttar Pradesh,Uttar Pradesh PC 79,Candidate 3 (SP),SP,SP,SP-BSP,257033,22.24,1155878,71.2,False,3,0,0,2019
Uttar Pradesh,Uttar Pradesh PC 80,Candidate 1 (OTH),OTH,OTH,,344037,32.35,1063630,58.6,True,1,93447,8.79,2019
Uttar Pradesh,Uttar Pradesh PC 80,Candidate 2 (BJP),BJP,BJP,NDA,250590,23.56,1063630,77.0,False,2,0,0,2019
Uttar Pradesh,Uttar Pradesh PC 80,Candidate 3 (YSR),YSR,YSR,,239583,22.53,1063630,61.9,False,3,0,0,2019
Uttar Pradesh,Uttar Pradesh PC 80,Candidate 4 (DMK),DMK,DMK,UPA,229418,21.57,1063630,76.4,False,4,0,0,2019
Maharashtra,Maharashtra PC 1,Candidate 1 (TMC),TMC,TMC,,622994,52.77,1180560,75.4,True,1,65429,5.54,2019
Maharashtra,Maharashtra PC 1,Candidate 2 (BJP),BJP,BJP,NDA,557565,47.23,1180560,57.6,False,2,0,0,2019
Maharashtra,Maharashtra PC 2,Candidate 1 (BJP),BJP,BJP,NDA,530866,65.64,808714,56.2,True,1,329174,40.7,2019
Maharashtra,Maharashtra PC 2,Candidate 2 (AIADMK),AIADMK,AIADMK,NDA,201692,24.94,808714,61.0,False,2,0,0,2019
Maharashtra,Maharashtra PC 2,Candidate 3 (DMK),DMK,DMK,UPA,76154,9.42,808714,65.0,False,3,0,0,2019
Maharashtra,Maharashtra PC 3,Candidate 1 (BRS),BRS,BRS,,136027,26.83,507086,72.3,True,1,10877,2.15,2019
Maharashtra,Maharashtra PC 3,Candidate 2 (DMK),DMK,DMK,UPA,125150,24.68,507086,60.1,False,2,0,0,2019
Maharashtra,Maharashtra PC 3,Candidate 3 (BJP),BJP,BJP,NDA,98913,19.51,507086,60.1,False,3,0,0,2019
Maharashtra,Maharashtra PC 3,Candidate 4 (INC),INC,INC,UPA,52387,10.33,507086,64.1,False,4,0,0,2019
Maharashtra,Maharashtra PC 3,Candidate 5 (OTH),OTH,OTH,,47845,9.44,507086,57.8,False,5,0,0,2019
Maharashtra,Maharashtra PC 3,Candidate 6 (TMC),TMC,TMC,,46761,9.22,507086,72.7,False,6,0,0,2019
Maharashtra,Maharashtra PC 4,Candidate 1 (DMK),DMK,DMK,UPA,124739,30.92,403442,70.3,True,1,22566,5.59,2019
Maharashtra,Maharashtra PC 4,Candidate 2 (BRS),BRS,BRS,,102173,25.33,403442,75.4,False,2,0,0,2019
Maharashtra,Maharashtra PC 4,Candidate 3 (IND),IND,IND,,59893,14.85,403442,69.4,False,3,0,0,2019
Maharashtra,Maharashtra PC 4,Candidate 4 (YSR),YSR,YSR,,55560,13.77,403442,73.8,False,4,0,0,2019
Maharashtra,Maharashtra PC 4,Candidate 5 (OTH),OTH,OTH,,42092,10.43,403442,66.7,False,5,0,0,2019
Maharashtra,Maharashtra PC 4,Candidate 6 (INC),INC,INC,UPA,18981,4.7,403442,63.7,False,6,0,0,2019
Maharashtra,Maharashtra PC 5,Candidate 1 (BJP),BJP,BJP,NDA,305411,43.62,700169,68.9,True,1,21361,3.05,2019
Maharashtra,Maharashtra PC 5,Candidate 2 (INC),INC,INC,UPA,284050,40.57,700169,65.6,False,2,0,0,2019
Maharashtra,Maharashtra PC 5,Candidate 3 (SP),SP,SP,SP-BSP,110707,15.81,700169,75.1,False,3,0,0,2019
Maharashtra,Maharashtra PC 6,Candidate 1 (AIADMK),AIADMK,AIADMK,NDA,394608,41.37,953819,65.4,True,1,75221,7.89,2019
Maharashtra,Maharashtra PC 6,Candidate 2 (BJP),BJP,BJP,NDA,319387,33.49,953819,58.6,False,2,0,0,2019
Maharashtra,Maharashtra PC 6,Candidate 3 (BRS),BRS,BRS,,181531,19.03,953819,61.6,False,3,0,0,2019
Maharashtra,Maharashtra PC 6,Candidate 4 (JDU),JDU,JDU,NDA,58291,6.11,953819,56.6,False,4,0,0,2019
Maharashtra,Maharashtra PC 7,Candidate 1 (BJP),BJP,BJP,NDA,319991,38.35,834413,74.1,True,1,30956,3.71,2019
Maharashtra,Maharashtra PC 7,Candidate 2 (INC),INC,INC,UPA,289035,34.64,834413,62.9,False,2,0,0,2019
Maharashtra,Maharashtra PC 7,Candidate 3 (SP),SP,SP,SP-BSP,123930,14.85,834413,70.3,False,3,0,0,2019
Maharashtra,Maharashtra PC 7,Candidate 4 (TMC),TMC,TMC,,101455,12.16,834413,67.4,False,4,0,0,2019
Maharashtra,Maharashtra PC 8,Candidate 1 (JDU),JDU,JDU,NDA,202046,42.07,480252,76.1,True,1,66509,13.85,2019
Maharashtra,Maharashtra PC 8,Candidate 2 (INC),INC,INC,UPA,135537,28.22,480252,77.6,False,2,0,0,2019
Maharashtra,Maharashtra PC 8,Candidate 3 (OTH),OTH,OTH,,61436,12.79,480252,61.0,False,3,0,0,2019
Maharashtra,Maharashtra PC 8,Candidate 4 (BJP),BJP,BJP,NDA,53785,11.2,480252,61.2,False,4,0,0,2019
Maharashtra,Maharashtra PC 8,Candidate 5 (TMC),TMC,TMC,,27446,5.72,480252,77.4,False,5,0,0,2019
Maharashtra,Maharashtra PC 9,Candidate 1 (BJP),BJP,BJP,NDA,222652,44.27,502937,63.9,True,1,1620,0.32,2019
Maharashtra,Maharashtra PC 9,Candidate 2 (BRS),BRS,BRS,,221032,43.95,502937,68.3,False,2,0,0,2019
Maharashtra,Maharashtra PC 9,Candidate 3 (TMC),TMC,TMC,,59251,11.78,502937,56.8,False,3,0,0,2019
Maharashtra,Maharashtra PC 10,Candidate 1 (INC),INC,INC,UPA,342188,39.02,877043,55.0,True,1,73945,8.43,2019
Maharashtra,Maharashtra PC 10,Candidate 2 (OTH),OTH,OTH,,268243,30.58,877043,61.8,False,2,0,0,2019
Maharashtra,Maharashtra PC 10,Candidate 3 (SP),SP,SP,SP-BSP,266611,30.4,877043,61.5,False,3,0,0,2019
Maharashtra,Maharashtra PC 11,Candidate 1 (TMC),TMC,TMC,,159230,29.47,540358,76.0,True,1,6537,1.21,2019
Maharashtra,Maharashtra PC 11,Candidate 2 (BJP),BJP,BJP,NDA,152693,28.26,540358,64.1,False,2,0,0,2019
Maharashtra,Maharashtra PC 11,Candidate 3 (INC),INC,INC,UPA,114985,21.28,540358,59.9,False,3,0,0,2019
Maharashtra,Maharashtra PC 11,Candidate 4 (AIADMK),AIADMK,AIADMK,NDA,113448,20.99,540358,78.0,False,4,0,0,2019
Maharashtra,Maharashtra PC 12,Candidate 1 (TMC),TMC,TMC,,410716,35.71,1150033,65.2,True,1,153269,13.33,2019
Maharashtra,Maharashtra PC 12,Candidate 2 (BRS),BRS,BRS,,257447,22.39,1150033,55.4,False,2,0,0,2019
Maharashtra,Maharashtra PC 12,Candidate 3 (BJP),BJP,BJP,NDA,193752,16.85,1150033,62.0,False,3,0,0,2019
Maharashtra,Maharashtra PC 12,Candidate 4 (DMK),DMK,DMK,UPA,178228,15.5,1150033,60.0,False,4,0,0,2019
Maharashtra,Maharashtra PC 12,Candidate 5 (AIADMK),AIADMK,AIADMK,NDA,109887,9.56,1150033,59.8,False,5,0,0,2019
Maharashtra,Maharashtra PC 13,Candidate 1 (SP),SP,SP,SP-BSP,300919,35.29,852618,72.0,True,1,49097,5.76,2019
Maharashtra,Maharashtra PC 13,Candidate 2 (BJP),BJP,BJP,NDA,251822,29.54,852618,77.3,False,2,0,0,2019
Maharashtra,Maharashtra PC 13,Candidate 3 (OTH),OTH,OTH,,193973,22.75,852618,67.2,False,3,0,0,2019
Maharashtra,Maharashtra PC 13,Candidate 4 (DMK),DMK,DMK,UPA,105901,12.42,852618,61.6,False,4,0,0,2019
Maharashtra,Maharashtra PC 14,Candidate 1 (INC),INC,INC,UPA,354138,30.13,1175331,64.0,True,1,41650,3.54,2019
Maharashtra,Maharashtra PC 14,Candidate 2 (DMK),DMK,DMK,UPA,312488,26.59,1175331,74.4,False,2,0,0,2019
Maharashtra,Maharashtra PC 14,Candidate 3 (SP),SP,SP,SP-BSP,241655,20.56,1175331,73.8,False,3,0,0,2019
Maharashtra,Maharashtra PC 14,Candidate 4 (TMC),TMC,TMC,,225548,19.19,1175331,72.3,False,4,0,0,2019
Maharashtra,Maharashtra PC 14,Candidate 5 (BJP),BJP,BJP,NDA,41500,3.53,1175331,76.0,False,5,0,0,2019
Maharashtra,Maharashtra PC 15,Candidate 1 (BJP),BJP,BJP,NDA,337320,39.92,845093,68.4,True,1,14206,1.68,2019
Maharashtra,Maharashtra PC 15,Candidate 2 (AIADMK),AIADMK,AIADMK,NDA,323114,38.23,845093,63.1,False,2,0,0,2019
Maharashtra,Maharashtra PC 15,Candidate 3 (SP),SP,SP,SP-BSP,184657,21.85,845093,60.5,False,3,0,0,2019
Maharashtra,Maharashtra PC 16,Candidate 1 (BJP),BJP,BJP,NDA,748300,79.41,942281,76.6,True,1,554320,58.83,2019
Maharashtra,Maharashtra PC 16,Candidate 2 (INC),INC,INC,UPA,193980,20.59,942281,64.2,False,2,0,0,2019
Maharashtra,Maharashtra PC 17,Candidate 1 (BJP),BJP,BJP,NDA,443559,37.72,1175823,67.7,True,1,38444,3.27,2019
Maharashtra,Maharashtra PC 17,Candidate 2 (BRS),BRS,BRS,,405115,34.45,1175823,58.2,False,2,0,0,2019
Maharashtra,Maharashtra PC 17,Candidate 3 (SP),SP,SP,SP-BSP,174880,14.87,1175823,57.7,False,3,0,0,2019
Maharashtra,Maharashtra PC 17,Candidate 4 (YSR),YSR,YSR,,152268,12.95,1175823,75.3,False,4,0,0,2019
Maharashtra,Maharashtra PC 18,Candidate 1 (SP),SP,SP,SP-BSP,679145,57.67,1177698,66.5,True,1,265002,22.5,2019
Maharashtra,Maharashtra PC 18,Candidate 2 (DMK),DMK,DMK,UPA,414143,35.17,1177698,64.9,False,2,0,0,2019
Maharashtra,Maharashtra PC 18,Candidate 3 (BJP),BJP,BJP,NDA,84408,7.17,1177698,76.8,False,3,0,0,2019
Maharashtra,Maharashtra PC 19,Candidate 1 (BJP),BJP,BJP,NDA,253515,54.45,465611,55.3,True,1,94929,20.39,2019
Maharashtra,Maharashtra PC 19,Candidate 2 (INC),INC,INC,UPA,158586,34.06,465611,77.2,False,2,0,0,2019
Maharashtra,Maharashtra PC 19,Candidate 3 (JDU),JDU,JDU,NDA,53508,11.49,465611,64.9,False,3,0,0,2019
Maharashtra,Maharashtra PC 20,Candidate 1 (SP),SP,SP,SP-BSP,368783,34.6,1065900,66.7,True,1,24192,2.27,2019
Maharashtra,Maharashtra PC 20,Candidate 2 (YSR),YSR,YSR,,344591,32.33,1065900,74.0,False,2,0,0,2019
Maharashtra,Maharashtra PC 20,Candidate 3 (INC),INC,INC,UPA,254045,23.83,1065900,73.2,False,3,0,0,2019
Maharashtra,Maharashtra PC 20,Candidate 4 (BJP),BJP,BJP,NDA,98479,9.24,1065900,68.3,False,4,0,0,2019
Maharashtra,Maharashtra PC 21,Candidate 1 (SP),SP,SP,SP-BSP,183836,34.37,534852,72.7,True,1,17526,3.28,2019
Maharashtra,Maharashtra PC 21,Candidate 2 (OTH),OTH,OTH,,166310,31.09,534852,68.7,False,2,0,0,2019
Maharashtra,Maharashtra PC 21,Candidate 3 (BJP),BJP,BJP,NDA,122068,22.82,534852,61.9,False,3,0,0,2019
Maharashtra,Maharashtra PC 21,Candidate 4 (DMK),DMK,DMK,UPA,62636,11.71,534852,57.1,False,4,0,0,2019
Maharashtra,Maharashtra PC 22,Candidate 1 (AIADMK),AIADMK,AIADMK,NDA,286730,43.12,664927,72.1,True,1,44288,6.66,2019
Maharashtra,Maharashtra PC 22,Candidate 2 (BJP),BJP,BJP,NDA,242442,36.46,664927,56.3,False,2,0,0,2019
Maharashtra,Maharashtra PC 22,Candidate 3 (INC),INC,INC,UPA,135753,20.42,664927,70.2,False,3,0,0,2019
Maharashtra,Maharashtra PC 23,Candidate 1 (INC),INC,INC,UPA,329647,41.77,789104,71.8,True,1,73849,9.36,2019
Maharashtra,Maharashtra PC 23,Candidate 2 (BJP),BJP,BJP,NDA,255798,32.42,789104,68.4,False,2,0,0,2019
Maharashtra,Maharashtra PC 23,Candidate 3 (SP),SP,SP,SP-BSP,203658,25.81,789104,66.8,False,3,0,0,2019
Maharashtra,Maharashtra PC 24,Candidate 1 (BJP),BJP,BJP,NDA,414880,46.95,883582,70.4,True,1,43964,4.98,2019
Maharashtra,Maharashtra PC 24,Candidate 2 (INC),INC,INC,UPA,370916,41.98,883582,61.9,False,2,0,0,2019
Maharashtra,Maharashtra PC 24,Candidate 3 (AIADMK),AIADMK,AIADMK,NDA,97785,11.07,883582,64.8,False,3,0,0,2019
Maharashtra,Maharashtra PC 25,Candidate 1 (TMC),TMC,TMC,,290606,36.52,795855,71.5,True,1,20351,2.56,2019
Maharashtra,Maharashtra PC 25,Candidate 2 (SP),SP,SP,SP-BSP,270255,33.96,795855,68.6,False,2,0,0,2019
Maharashtra,Maharashtra PC 25,Candidate 3 (BJP),BJP,BJP,NDA,160580,20.18,795855,64.2,False,3,0,0,2019
Maharashtra,Maharashtra PC 25,Candidate 4 (JDU),JDU,JDU,NDA,39676,4.99,795855,62.5,False,4,0,0,2019
Maharashtra,Maharashtra PC 25,Candidate 5 (DMK),DMK,DMK,UPA,34736,4.36,795855,67.2,False,5,0,0,2019
Maharashtra,Maharashtra PC 26,Candidate 1 (DMK),DMK,DMK,UPA,233318,36.28,643193,77.1,True,1,70280,10.93,2019
Maharashtra,Maharashtra PC 26,Candidate 2 (BJP),BJP,BJP,NDA,163038,25.35,643193,62.4,False,2,0,0,2019
Maharashtra,Maharashtra PC 26,Candidate 3 (IND),IND,IND,,145152,22.57,643193,70.5,False,3,0,0,2019
Maharashtra,Maharashtra PC 26,Candidate 4 (BRS),BRS,BRS,,101683,15.81,643193,73.8,False,4,0,0,2019
Maharashtra,Maharashtra PC 27,Candidate 1 (BJP),BJP,BJP,NDA,198334,46.8,423824,73.4,True,1,94162,22.22,2019
Maharashtra,Maharashtra PC 27,Candidate 2 (INC),INC,INC,UPA,104172,24.58,423824,73.4,False,2,0,0,2019
Maharashtra,Maharashtra PC 27,Candidate 3 (DMK),DMK,DMK,UPA,61868,14.6,423824,67.7,False,3,0,0,2019
Maharashtra,Maharashtra PC 27,Candidate 4 (SP),SP,SP,SP-BSP,59447,14.03,423824,75.6,False,4,0,0,2019
Maharashtra,Maharashtra PC 28,Candidate 1 (SP),SP,SP,SP-BSP,264548,24.72,1070310,62.3,True,1,38224,3.57,2019
Maharashtra,Maharashtra PC 28,Candidate 2 (BJP),BJP,BJP,NDA,226324,21.15,1070310,57.0,False,2,0,0,2019
Maharashtra,Maharashtra PC 28,Candidate 3 (IND),IND,IND,,176504,16.49,1070310,72.8,False,3,0,0,2019
Maharashtra,Maharashtra PC 28,Candidate 4 (OTH),OTH,OTH,,150833,14.09,1070310,56.6,False,4,0,0,2019
Maharashtra,Maharashtra PC 28,Candidate 5 (INC),INC,INC,UPA,134428,12.56,1070310,59.9,False,5,0,0,2019
Maharashtra,Maharashtra PC 28,Candidate 6 (TMC),TMC,TMC,,117669,10.99,1070310,70.0,False,6,0,0,2019
Maharashtra,Maharashtra PC 29,Candidate 1 (BJP),BJP,BJP,NDA,323812,37.15,871540,55.6,True,1,85917,9.86,2019
Maharashtra,Maharashtra PC 29,Candidate 2 (INC),INC,INC,UPA,237895,27.3,871540,76.0,False,2,0,0,2019
Maharashtra,Maharashtra PC 29,Candidate 3 (OTH),OTH,OTH,,203163,23.31,871540,72.0,False,3,0,0,2019
Maharashtra,Maharashtra PC 29,Candidate 4 (AIADMK),AIADMK,AIADMK,NDA,106668,12.24,871540,70.7,False,4,0,0,2019
Maharashtra,Maharashtra PC 30,Candidate 1 (DMK),DMK,DMK,UPA,320819,46.57,688910,75.2,True,1,125516,18.22,2019
Maharashtra,Maharashtra PC 30,Candidate 2 (BRS),BRS,BRS,,195303,28.35,688910,62.9,False,2,0,0,2019
Maharashtra,Maharashtra PC 30,Candidate 3 (BJP),BJP,BJP,NDA,113025,16.41,688910,71.9,False,3,0,0,2019
Maharashtra,Maharashtra PC 30,Candidate 4 (TMC),TMC,TMC,,59761,8.67,688910,58.5,False,4,0,0,2019
Maharashtra,Maharashtra PC 31,Candidate 1 (DMK),DMK,DMK,UPA,236978,30.42,778913,74.0,True,1,8550,1.1,2019
Maharashtra,Maharashtra PC 31,Candidate 2 (INC),INC,INC,UPA,228428,29.33,778913,61.4,False,2,0,0,2019
Maharashtra,Maharashtra PC 31,Candidate 3 (AIADMK),AIADMK,AIADMK,NDA,146580,18.82,778913,68.1,False,3,0,0,2019
Maharashtra,Maharashtra PC 31,Candidate 4 (IND),IND,IND,,106058,13.62,778913,64.8,False,4,0,0,2019
Maharashtra,Maharashtra PC 31,Candidate 5 (TMC),TMC,TMC,,60866,7.81,778913,67.2,False,5,0,0,2019
Maharashtra,Maharashtra PC 32,Candidate 1 (SP),SP,SP,SP-BSP,514475,43.72,1176714,58.4,True,1,90551,7.7,2019
Maharashtra,Maharashtra PC 32,Candidate 2 (BJP),BJP,BJP,NDA,423924,36.03,1176714,76.0,False,2,0,0,2019
Maharashtra,Maharashtra PC 32,Candidate 3 (IND),IND,IND,,238313,20.25,1176714,67.5,False,3,0,0,2019
Maharashtra,Maharashtra PC 33,Candidate 1 (SP),SP,SP,SP-BSP,366967,52.47,699423,59.6,True,1,112633,16.1,2019
Maharashtra,Maharashtra PC 33,Candidate 2 (INC),INC,INC,UPA,254334,36.36,699423,62.4,False,2,0,0,2019
Maharashtra,Maharashtra PC 33,Candidate 3 (BJP),BJP,BJP,NDA,78120,11.17,699423,62.4,False,3,0,0,2019
Maharashtra,Maharashtra PC 34,Candidate 1 (INC),INC,INC,UPA,242095,49.04,493715,74.7,True,1,102023,20.66,2019
Maharashtra,Maharashtra PC 34,Candidate 2 (IND),IND,IND,,140072,28.37,493715,68.9,False,2,0,0,2019
Maharashtra,Maharashtra PC 34,Candidate 3 (BJP),BJP,BJP,NDA,111546,22.59,493715,76.9,False,3,0,0,2019
Maharashtra,Maharashtra PC 35,Candidate 1 (INC),INC,INC,UPA,359321,32.91,1091917,66.6,True,1,83659,7.66,2019
Maharashtra,Maharashtra PC 35,Candidate 2 (BJP),BJP,BJP,NDA,275662,25.25,1091917,63.8,False,2,0,0,2019
Maharashtra,Maharashtra PC 35,Candidate 3 (TMC),TMC,TMC,,240268,22.0,1091917,58.1,False,3,0,0,2019
Maharashtra,Maharashtra PC 35,Candidate 4 (SP),SP,SP,SP-BSP,176155,16.13,1091917,73.3,False,4,0,0,2019
Maharashtra,Maharashtra PC 35,Candidate 5 (IND),IND,IND,,40509,3.71,1091917,64.7,False,5,0,0,2019
Maharashtra,Maharashtra PC 36,Candidate 1 (BJP),BJP,BJP,NDA,573887,75.73,757839,71.2,True,1,470709,62.11,2019
Maharashtra,Maharashtra PC 36,Candidate 2 (INC),INC,INC,UPA,103178,13.61,757839,74.1,False,2,0,0,2019
Maharashtra,Maharashtra PC 36,Candidate 3 (SP),SP,SP,SP-BSP,80772,10.66,757839,62.2,False,3,0,0,2019
Maharashtra,Maharashtra PC 37,Candidate 1 (INC),INC,INC,UPA,361376,30.74,1175504,66.4,True,1,114582,9.75,2019
Maharashtra,Maharashtra PC 37,Candidate 2 (TMC),TMC,TMC,,246794,20.99,1175504,66.9,False,2,0,0,2019
Maharashtra,Maharashtra PC 37,Candidate 3 (BJP),BJP,BJP,NDA,187243,15.93,1175504,61.0,False,3,0,0,2019
Maharashtra,Maharashtra PC 37,Candidate 4 (YSR),YSR,YSR,,164410,13.99,1175504,59.2,False,4,0,0,2019
Maharashtra,Maharashtra PC 37,Candidate 5 (AIADMK),AIADMK,AIADMK,NDA,155029,13.19,1175504,62.5,False,5,0,0,2019
Maharashtra,Maharashtra PC 37,Candidate 6 (JDU),JDU,JDU,NDA,60649,5.16,1175504,75.2,False,6,0,0,2019
Maharashtra,Maharashtra PC 38,Candidate 1 (BJP),BJP,BJP,NDA,185126,26.2,706629,72.8,True,1,1560,0.22,2019
Maharashtra,Maharashtra PC 38,Candidate 2 (OTH),OTH,OTH,,183566,25.98,706629,77.3,False,2,0,0,2019
Maharashtra,Maharashtra PC 38,Candidate 3 (TMC),TMC,TMC,,161080,22.8,706629,72.2,False,3,0,0,2019
Maharashtra,Maharashtra PC 38,Candidate 4 (INC),INC,INC,UPA,116970,16.55,706629,55.5,False,4,0,0,2019
Maharashtra,Maharashtra PC 38,Candidate 5 (JDU),JDU,JDU,NDA,59884,8.47,706629,69.8,False,5,0,0,2019
Maharashtra,Maharashtra PC 39,Candidate 1 (YSR),YSR,YSR,,176814,21.79,811348,58.2,True,1,1773,0.22,2019
Maharashtra,Maharashtra PC 39,Candidate 2 (BJP),BJP,BJP,NDA,175041,21.57,811348,77.4,False,2,0,0,2019
Maharashtra,Maharashtra PC 39,Candidate 3 (INC),INC,INC,UPA,156986,19.35,811348,60.5,False,3,0,0,2019
Maharashtra,Maharashtra PC 39,Candidate 4 (TMC),TMC,TMC,,153378,18.9,811348,73.0,False,4,0,0,2019
Maharashtra,Maharashtra PC 39,Candidate 5 (JDU),JDU,JDU,NDA,149127,18.38,811348,70.9,False,5,0,0,2019
Maharashtra,Maharashtra PC 40,Candidate 1 (INC),INC,INC,UPA,403157,37.02,1088913,64.8,True,1,14663,1.35,2019
Maharashtra,Maharashtra PC 40,Candidate 2 (SP),SP,SP,SP-BSP,388494,35.68,1088913,74.1,False,2,0,0,2019
Maharashtra,Maharashtra PC 40,Candidate 3 (BJP),BJP,BJP,NDA,297261,27.3,1088913,70.1,False,3,0,0,2019
Maharashtra,Maharashtra PC 41,Candidate 1 (OTH),OTH,OTH,,469285,40.28,1165169,64.6,True,1,123117,10.57,2019
Maharashtra,Maharashtra PC 41,Candidate 2 (TMC),TMC,TMC,,346168,29.71,1165169,72.6,False,2,0,0,2019
Maharashtra,Maharashtra PC 41,Candidate 3 (DMK),DMK,DMK,UPA,205810,17.66,1165169,67.3,False,3,0,0,2019
Maharashtra,Maharashtra PC 41,Candidate 4 (BJP),BJP,BJP,NDA,143905,12.35,1165169,71.1,False,4,0,0,2019
Maharashtra,Maharashtra PC 42,Candidate 1 (INC),INC,INC,UPA,351333,35.45,991050,58.3,True,1,41560,4.19,2019
Maharashtra,Maharashtra PC 42,Candidate 2 (JDU),JDU,JDU,NDA,309773,31.26,991050,60.9,False,2,0,0,2019
Maharashtra,Maharashtra PC 42,Candidate 3 (BJP),BJP,BJP,NDA,289668,29.23,991050,63.5,False,3,0,0,2019
Maharashtra,Maharashtra PC 42,Candidate 4 (DMK),DMK,DMK,UPA,40274,4.06,991050,77.7,False,4,0,0,2019
Maharashtra,Maharashtra PC 43,Candidate 1 (AIADMK),AIADMK,AIADMK,NDA,273836,24.25,1129305,57.2,True,1,3965,0.35,2019
Maharashtra,Maharashtra PC 43,Candidate 2 (DMK),DMK,DMK,UPA,269871,23.9,1129305,61.4,False,2,0,0,2019
Maharashtra,Maharashtra PC 43,Candidate 3 (JDU),JDU,JDU,NDA,234831,20.79,1129305,77.6,False,3,0,0,2019
Maharashtra,Maharashtra PC 43,Candidate 4 (SP),SP,SP,SP-BSP,216819,19.2,1129305,64.9,False,4,0,0,2019
Maharashtra,Maharashtra PC 43,Candidate 5 (BJP),BJP,BJP,NDA,76052,6.73,1129305,73.5,False,5,0,0,2019
Maharashtra,Maharashtra PC 43,Candidate 6 (INC),INC,INC,UPA,57893,5.13,1129305,55.1,False,6,0,0,2019
Maharashtra,Maharashtra PC 44,Candidate 1 (OTH),OTH,OTH,,236101,39.97,590694,67.1,True,1,78224,13.24,2019
Maharashtra,Maharashtra PC 44,Candidate 2 (TMC),TMC,TMC,,157877,26.73,590694,55.9,False,2,0,0,2019
Maharashtra,Maharashtra PC 44,Candidate 3 (BJP),BJP,BJP,NDA,102574,17.37,590694,64.6,False,3,0,0,2019
Maharashtra,Maharashtra PC 44,Candidate 4 (JDU),JDU,JDU,NDA,94140,15.94,590694,72.7,False,4,0,0,2019
Maharashtra,Maharashtra PC 45,Candidate 1 (BJP),BJP,BJP,NDA,128368,30.9,415375,67.5,True,1,22309,5.37,2019
Maharashtra,Maharashtra PC 45,Candidate 2 (DMK),DMK,DMK,UPA,106059,25.53,415375,69.7,False,2,0,0,2019
Maharashtra,Maharashtra PC 45,Candidate 3 (INC),INC,INC,UPA,97464,23.46,415375,63.0,False,3,0,0,2019
Maharashtra,Maharashtra PC 45,Candidate 4 (IND),IND,IND,,83482,20.1,415375,65.0,False,4,0,0,2019
Maharashtra,Maharashtra PC 46,Candidate 1 (TMC),TMC,TMC,,348309,36.49,954593,61.9,True,1,11073,1.16,2019
Maharashtra,Maharashtra PC 46,Candidate 2 (DMK),DMK,DMK,UPA,337236,35.33,954593,58.0,False,2,0,0,2019
Maharashtra,Maharashtra PC 46,Candidate 3 (BJP),BJP,BJP,NDA,269047,28.18,954593,71.5,False,3,0,0,2019
Maharashtra,Maharashtra PC 47,Candidate 1 (TDP),TDP,TDP,,355455,32.02,1110272,67.9,True,1,12131,1.09,2019
Maharashtra,Maharashtra PC 47,Candidate 2 (IND),IND,IND,,343324,30.92,1110272,77.2,False,2,0,0,2019
Maharashtra,Maharashtra PC 47,Candidate 3 (DMK),DMK,DMK,UPA,180143,16.23,1110272,71.1,False,3,0,0,2019
Maharashtra,Maharashtra PC 47,Candidate 4 (BJP),BJP,BJP,NDA,145126,13.07,1110272,74.4,False,4,0,0,2019
Maharashtra,Maharashtra PC 47,Candidate 5 (BRS),BRS,BRS,,86222,7.77,1110272,61.1,False,5,0,0,2019
Maharashtra,Maharashtra PC 48,Candidate 1 (BJP),BJP,BJP,NDA,363809,33.07,1100098,57.5,True,1,82103,7.46,2019
Maharashtra,Maharashtra PC 48,Candidate 2 (BRS),BRS,BRS,,281706,25.61,1100098,74.4,False,2,0,0,2019
Maharashtra,Maharashtra PC 48,Candidate 3 (JDU),JDU,JDU,NDA,256432,23.31,1100098,70.3,False,3,0,0,2019
Maharashtra,Maharashtra PC 48,Candidate 4 (IND),IND,IND,,135756,12.34,1100098,73.2,False,4,0,0,2019
Maharashtra,Maharashtra PC 48,Candidate 5 (SP),SP,SP,SP-BSP,62393,5.67,1100098,62.2,False,5,0,0,2019
West Bengal,West Bengal PC 1,Candidate 1 (BJP),BJP,BJP,NDA,369828,37.78,978776,77.8,True,1,25139,2.57,2019
West Bengal,West Bengal PC 1,Candidate 2 (OTH),OTH,OTH,,344689,35.22,978776,59.8,False,2,0,0,2019
West Bengal,West Bengal PC 1,Candidate 3 (DMK),DMK,DMK,UPA,264257,27.0,978776,70.4,False,3,0,0,2019
West Bengal,West Bengal PC 2,Candidate 1 (JDU),JDU,JDU,NDA,428198,40.54,1056357,56.1,True,1,15478,1.47,2019
West Bengal,West Bengal PC 2,Candidate 2 (BJP),BJP,BJP,NDA,412720,39.07,1056357,60.8,False,2,0,0,2019
West Bengal,West Bengal PC 2,Candidate 3 (INC),INC,INC,UPA,164643,15.59,1056357,60.9,False,3,0,0,2019
West Bengal,West Bengal PC 2,Candidate 4 (BRS),BRS,BRS,,50794,4.81,1056357,59.1,False,4,0,0,2019
West Bengal,West Bengal PC 3,Candidate 1 (BJP),BJP,BJP,NDA,132079,30.13,438355,68.7,True,1,23803,5.43,2019
West Bengal,West Bengal PC 3,Candidate 2 (DMK),DMK,DMK,UPA,108276,24.7,438355,59.5,False,2,0,0,2019
West Bengal,West Bengal PC 3,Candidate 3 (JDU),JDU,JDU,NDA,100574,22.94,438355,65.3,False,3,0,0,2019
West Bengal,West Bengal PC 3,Candidate 4 (BRS),BRS,BRS,,80469,18.36,438355,66.2,False,4,0,0,2019
West Bengal,West Bengal PC 3,Candidate 5 (OTH),OTH,OTH,,16955,3.87,438355,69.5,False,5,0,0,2019
West Bengal,West Bengal PC 4,Candidate 1 (BRS),BRS,BRS,,278585,24.36,1143845,56.7,True,1,40836,3.57,2019
West Bengal,West Bengal PC 4,Candidate 2 (IND),IND,IND,,237749,20.79,1143845,59.0,False,2,0,0,2019
West Bengal,West Bengal PC 4,Candidate 3 (TMC),TMC,TMC,,214009,18.71,1143845,63.5,False,3,0,0,2019
West Bengal,West Bengal PC 4,Candidate 4 (SP),SP,SP,SP-BSP,189640,16.58,1143845,60.9,False,4,0,0,2019
West Bengal,West Bengal PC 4,Candidate 5 (INC),INC,INC,UPA,157741,13.79,1143845,77.9,False,5,0,0,2019
West Bengal,West Bengal PC 4,Candidate 6 (BJP),BJP,BJP,NDA,66119,5.78,1143845,75.8,False,6,0,0,2019
West Bengal,West Bengal PC 5,Candidate 1 (SP),SP,SP,SP-BSP,229301,35.68,642640,61.1,True,1,28251,4.4,2019
West Bengal,West Bengal PC 5,Candidate 2 (INC),INC,INC,UPA,201050,31.29,642640,59.5,False,2,0,0,2019
West Bengal,West Bengal PC 5,Candidate 3 (BJP),BJP,BJP,NDA,180515,28.09,642640,56.3,False,3,0,0,2019
West Bengal,West Bengal PC 5,Candidate 4 (TMC),TMC,TMC,,31771,4.94,642640,56.1,False,4,0,0,2019
West Bengal,West Bengal PC 6,Candidate 1 (BJP),BJP,BJP,NDA,537593,52.02,1033483,63.3,True,1,269510,26.08,2019
West Bengal,West Bengal PC 6,Candidate 2 (YSR),YSR,YSR,,268083,25.94,1033483,56.5,False,2,0,0,2019
West Bengal,West Bengal PC 6,Candidate 3 (BRS),BRS,BRS,,227805,22.04,1033483,55.8,False,3,0,0,2019
West Bengal,West Bengal PC 7,Candidate 1 (AIADMK),AIADMK,AIADMK,NDA,280511,27.99,1002131,56.3,True,1,11372,1.13,2019
West Bengal,West Bengal PC 7,Candidate 2 (BJP),BJP,BJP,NDA,269139,26.86,1002131,60.6,False,2,0,0,2019
West Bengal,West Bengal PC 7,Candidate 3 (INC),INC,INC,UPA,253768,25.32,1002131,55.3,False,3,0,0,2019
West Bengal,West Bengal PC 7,Candidate 4 (DMK),DMK,DMK,UPA,198710,19.83,1002131,57.7,False,4,0,0,2019
West Bengal,West Bengal PC 8,Candidate 1 (JDU),JDU,JDU,NDA,131597,26.25,501292,65.0,True,1,18688,3.73,2019
West Bengal,West Bengal PC 8,Candidate 2 (BJP),BJP,BJP,NDA,112909,22.52,501292,71.6,False,2,0,0,2019
West Bengal,West Bengal PC 8,Candidate 3 (BRS),BRS,BRS,,98301,19.61,501292,68.2,False,3,0,0,2019
West Bengal,West Bengal PC 8,Candidate 4 (SP),SP,SP,SP-BSP,97727,19.5,501292,71.8,False,4,0,0,2019
West Bengal,West Bengal PC 8,Candidate 5 (TMC),TMC,TMC,,31005,6.19,501292,77.1,False,5,0,0,2019
West Bengal,West Bengal PC 8,Candidate 6 (TDP),TDP,TDP,,29750,5.93,501292,71.5,False,6,0,0,2019
West Bengal,West Bengal PC 9,Candidate 1 (TMC),TMC,TMC,,339270,34.21,991799,72.6,True,1,20675,2.08,2019
West Bengal,West Bengal PC 9,Candidate 2 (SP),SP,SP,SP-BSP,318595,32.12,991799,59.7,False,2,0,0,2019
West Bengal,West Bengal PC 9,Candidate 3 (BJP),BJP,BJP,NDA,251494,25.36,991799,55.9,False,3,0,0,2019
West Bengal,West Bengal PC 9,Candidate 4 (DMK),DMK,DMK,UPA,82438,8.31,991799,57.5,False,4,0,0,2019
West Bengal,West Bengal PC 10,Candidate 1 (SP),SP,SP,SP-BSP,245982,38.75,634768,60.0,True,1,21037,3.31,2019
West Bengal,West Bengal PC 10,Candidate 2 (YSR),YSR,YSR,,224945,35.44,634768,73.3,False,2,0,0,2019
West Bengal,West Bengal PC 10,Candidate 3 (BJP),BJP,BJP,NDA,94184,14.84,634768,55.8,False,3,0,0,2019
West Bengal,West Bengal PC 10,Candidate 4 (INC),INC,INC,UPA,69654,10.97,634768,71.3,False,4,0,0,2019
West Bengal,West Bengal PC 11,Candidate 1 (BJP),BJP,BJP,NDA,318147,38.31,830393,62.5,True,1,65604,7.9,2019
West Bengal,West Bengal PC 11,Candidate 2 (OTH),OTH,OTH,,252543,30.41,830393,59.8,False,2,0,0,2019
West Bengal,West Bengal PC 11,Candidate 3 (DMK),DMK,DMK,UPA,208899,25.16,830393,72.6,False,3,0,0,2019
West Bengal,West Bengal PC 11,Candidate 4 (INC),INC,INC,UPA,50802,6.12,830393,69.6,False,4,0,0,2019
West Bengal,West Bengal PC 12,Candidate 1 (BJP),BJP,BJP,NDA,211400,29.62,713713,72.4,True,1,13658,1.91,2019
West Bengal,West Bengal PC 12,Candidate 2 (JDU),JDU,JDU,NDA,197742,27.71,713713,74.0,False,2,0,0,2019
West Bengal,West Bengal PC 12,Candidate 3 (BRS),BRS,BRS,,173958,24.37,713713,57.6,False,3,0,0,2019
West Bengal,West Bengal PC 12,Candidate 4 (TMC),TMC,TMC,,130611,18.3,713713,68.6,False,4,0,0,2019
West Bengal,West Bengal PC 13,Candidate 1 (INC),INC,INC,UPA,326799,38.08,858271,75.2,True,1,57339,6.68,2019
West Bengal,West Bengal PC 13,Candidate 2 (AIADMK),AIADMK,AIADMK,NDA,269460,31.4,858271,77.1,False,2,0,0,2019
West Bengal,West Bengal PC 13,Candidate 3 (BJP),BJP,BJP,NDA,218792,25.49,858271,65.5,False,3,0,0,2019
West Bengal,West Bengal PC 13,Candidate 4 (OTH),OTH,OTH,,43218,5.04,858271,56.3,False,4,0,0,2019
West Bengal,West Bengal PC 14,Candidate 1 (INC),INC,INC,UPA,272470,42.01,648647,65.3,True,1,7160,1.1,2019
West Bengal,West Bengal PC 14,Candidate 2 (BJP),BJP,BJP,NDA,265310,40.9,648647,55.4,False,2,0,0,2019
West Bengal,West Bengal PC 14,Candidate 3 (TDP),TDP,TDP,,110865,17.09,648647,77.2,False,3,0,0,2019
West Bengal,West Bengal PC 15,Candidate 1 (OTH),OTH,OTH,,353185,30.87,1144107,76.2,True,1,48653,4.25,2019
West Bengal,West Bengal PC 15,Candidate 2 (BRS),BRS,BRS,,304532,26.62,1144107,56.0,False,2,0,0,2019
West Bengal,West Bengal PC 15,Candidate 3 (INC),INC,INC,UPA,284697,24.88,1144107,67.7,False,3,0,0,2019
West Bengal,West Bengal PC 15,Candidate 4 (BJP),BJP,BJP,NDA,201690,17.63,1144107,58.7,False,4,0,0,2019
West Bengal,West Bengal PC 16,Candidate 1 (BJP),BJP,BJP,NDA,304966,43.05,708465,72.4,True,1,36136,5.1,2019
West Bengal,West Bengal PC 16,Candidate 2 (DMK),DMK,DMK,UPA,268830,37.95,708465,74.7,False,2,0,0,2019
West Bengal,West Bengal PC 16,Candidate 3 (INC),INC,INC,UPA,134668,19.01,708465,75.4,False,3,0,0,2019
West Bengal,West Bengal PC 17,Candidate 1 (BJP),BJP,BJP,NDA,342728,40.94,837230,60.6,True,1,50534,6.04,2019
West Bengal,West Bengal PC 17,Candidate 2 (TMC),TMC,TMC,,292194,34.9,837230,75.5,False,2,0,0,2019
West Bengal,West Bengal PC 17,Candidate 3 (YSR),YSR,YSR,,202307,24.16,837230,73.1,False,3,0,0,2019
West Bengal,West Bengal PC 18,Candidate 1 (INC),INC,INC,UPA,186790,34.62,539518,58.7,True,1,31043,5.75,2019
West Bengal,West Bengal PC 18,Candidate 2 (OTH),OTH,OTH,,155747,28.87,539518,66.3,False,2,0,0,2019
West Bengal,West Bengal PC 18,Candidate 3 (BJP),BJP,BJP,NDA,99582,18.46,539518,68.3,False,3,0,0,2019
West Bengal,West Bengal PC 18,Candidate 4 (SP),SP,SP,SP-BSP,97396,18.05,539518,71.5,False,4,0,0,2019
West Bengal,West Bengal PC 19,Candidate 1 (BJP),BJP,BJP,NDA,180773,35.91,503421,55.1,True,1,4131,0.82,2019
West Bengal,West Bengal PC 19,Candidate 2 (INC),INC,INC,UPA,176642,35.09,503421,64.8,False,2,0,0,2019
West Bengal,West Bengal PC 19,Candidate 3 (AIADMK),AIADMK,AIADMK,NDA,87273,17.34,503421,69.2,False,3,0,0,2019
West Bengal,West Bengal PC 19,Candidate 4 (OTH),OTH,OTH,,58731,11.67,503421,63.8,False,4,0,0,2019
West Bengal,West Bengal PC 20,Candidate 1 (BJP),BJP,BJP,NDA,230170,37.29,617184,58.2,True,1,47357,7.67,2019
West Bengal,West Bengal PC 20,Candidate 2 (TMC),TMC,TMC,,182813,29.62,617184,62.9,False,2,0,0,2019
West Bengal,West Bengal PC 20,Candidate 3 (SP),SP,SP,SP-BSP,115956,18.79,617184,61.0,False,3,0,0,2019
West Bengal,West Bengal PC 20,Candidate 4 (BRS),BRS,BRS,,88244,14.3,617184,75.2,False,4,0,0,2019
West Bengal,West Bengal PC 21,Candidate 1 (SP),SP,SP,SP-BSP,211321,34.14,618976,76.6,True,1,23218,3.75,2019
West Bengal,West Bengal PC 21,Candidate 2 (TMC),TMC,TMC,,188103,30.39,618976,68.7,False,2,0,0,2019
West Bengal,West Bengal PC 21,Candidate 3 (BJP),BJP,BJP,NDA,112230,18.13,618976,68.2,False,3,0,0,2019
West Bengal,West Bengal PC 21,Candidate 4 (JDU),JDU,JDU,NDA,74798,12.08,618976,70.7,False,4,0,0,2019
West Bengal,West Bengal PC 21,Candidate 5 (BRS),BRS,BRS,,32521,5.25,618976,59.3,False,5,0,0,2019
West Bengal,West Bengal PC 22,Candidate 1 (INC),INC,INC,UPA,360771,46.05,783409,70.7,True,1,33673,4.3,2019
West Bengal,West Bengal PC 22,Candidate 2 (BJP),BJP,BJP,NDA,327098,41.75,783409,60.3,False,2,0,0,2019
West Bengal,West Bengal PC 22,Candidate 3 (DMK),DMK,DMK,UPA,95539,12.2,783409,69.9,False,3,0,0,2019
West Bengal,West Bengal PC 23,Candidate 1 (BJP),BJP,BJP,NDA,467485,42.12,1109944,61.9,True,1,63290,5.7,2019
West Bengal,West Bengal PC 23,Candidate 2 (TMC),TMC,TMC,,404195,36.42,1109944,76.8,False,2,0,0,2019
West Bengal,West Bengal PC 23,Candidate 3 (OTH),OTH,OTH,,238262,21.47,1109944,72.7,False,3,0,0,2019
West Bengal,West Bengal PC 24,Candidate 1 (JDU),JDU,JDU,NDA,419478,36.86,1138058,65.9,True,1,73369,6.45,2019
West Bengal,West Bengal PC 24,Candidate 2 (TMC),TMC,TMC,,346109,30.41,1138058,70.0,False,2,0,0,2019
West Bengal,West Bengal PC 24,Candidate 3 (BJP),BJP,BJP,NDA,243860,21.43,1138058,62.3,False,3,0,0,2019
West Bengal,West Bengal PC 24,Candidate 4 (SP),SP,SP,SP-BSP,128608,11.3,1138058,72.4,False,4,0,0,2019
West Bengal,West Bengal PC 25,Candidate 1 (TMC),TMC,TMC,,475016,41.9,1133780,68.4,True,1,74682,6.59,2019
West Bengal,West Bengal PC 25,Candidate 2 (BJP),BJP,BJP,NDA,400334,35.31,1133780,70.1,False,2,0,0,2019
West Bengal,West Bengal PC 25,Candidate 3 (DMK),DMK,DMK,UPA,148989,13.14,1133780,60.5,False,3,0,0,2019
West Bengal,West Bengal PC 25,Candidate 4 (SP),SP,SP,SP-BSP,109440,9.65,1133780,77.2,False,4,0,0,2019
West Bengal,West Bengal PC 26,Candidate 1 (OTH),OTH,OTH,,190691,32.06,594751,66.0,True,1,27982,4.7,2019
West Bengal,West Bengal PC 26,Candidate 2 (INC),INC,INC,UPA,162709,27.36,594751,69.8,False,2,0,0,2019
West Bengal,West Bengal PC 26,Candidate 3 (AIADMK),AIADMK,AIADMK,NDA,109505,18.41,594751,67.7,False,3,0,0,2019
West Bengal,West Bengal PC 26,Candidate 4 (BJP),BJP,BJP,NDA,75598,12.71,594751,56.7,False,4,0,0,2019
West Bengal,West Bengal PC 26,Candidate 5 (JDU),JDU,JDU,NDA,56245,9.46,594751,66.5,False,5,0,0,2019
West Bengal,West Bengal PC 27,Candidate 1 (BJP),BJP,BJP,NDA,875936,73.76,1187574,68.7,True,1,564299,47.52,2019
West Bengal,West Bengal PC 27,Candidate 2 (INC),INC,INC,UPA,311637,26.24,1187574,72.9,False,2,0,0,2019
West Bengal,West Bengal PC 28,Candidate 1 (TMC),TMC,TMC,,446753,42.97,1039621,75.7,True,1,227662,21.9,2019
West Bengal,West Bengal PC 28,Candidate 2 (TDP),TDP,TDP,,219091,21.07,1039621,64.6,False,2,0,0,2019
West Bengal,West Bengal PC 28,Candidate 3 (BJP),BJP,BJP,NDA,217690,20.94,1039621,73.0,False,3,0,0,2019
West Bengal,West Bengal PC 28,Candidate 4 (INC),INC,INC,UPA,156085,15.01,1039621,72.0,False,4,0,0,2019
West Bengal,West Bengal PC 29,Candidate 1 (BJP),BJP,BJP,NDA,542639,56.7,957105,68.3,True,1,128174,13.39,2019
West Bengal,West Bengal PC 29,Candidate 2 (YSR),YSR,YSR,,414465,43.3,957105,76.1,False,2,0,0,2019
West Bengal,West Bengal PC 30,Candidate 1 (BJP),BJP,BJP,NDA,211262,28.78,733956,72.4,True,1,8723,1.19,2019
West Bengal,West Bengal PC 30,Candidate 2 (TDP),TDP,TDP,,202539,27.6,733956,58.4,False,2,0,0,2019
West Bengal,West Bengal PC 30,Candidate 3 (TMC),TMC,TMC,,169853,23.14,733956,68.7,False,3,0,0,2019
West Bengal,West Bengal PC 30,Candidate 4 (SP),SP,SP,SP-BSP,150300,20.48,733956,56.8,False,4,0,0,2019
West Bengal,West Bengal PC 31,Candidate 1 (INC),INC,INC,UPA,273450,26.32,1039122,66.9,True,1,1351,0.13,2019
West Bengal,West Bengal PC 31,Candidate 2 (BJP),BJP,BJP,NDA,272099,26.19,1039122,77.4,False,2,0,0,2019
West Bengal,West Bengal PC 31,Candidate 3 (AIADMK),AIADMK,AIADMK,NDA,247042,23.77,1039122,60.7,False,3,0,0,2019
West Bengal,West Bengal PC 31,Candidate 4 (OTH),OTH,OTH,,246529,23.72,1039122,68.2,False,4,0,0,2019
West Bengal,West Bengal PC 32,Candidate 1 (SP),SP,SP,SP-BSP,433218,36.65,1182024,71.0,True,1,60949,5.16,2019
West Bengal,West Bengal PC 32,Candidate 2 (IND),IND,IND,,372269,31.49,1182024,59.0,False,2,0,0,2019
West Bengal,West Bengal PC 32,Candidate 3 (BJP),BJP,BJP,NDA,187290,15.84,1182024,67.0,False,3,0,0,2019
West Bengal,West Bengal PC 32,Candidate 4 (BRS),BRS,BRS,,129387,10.95,1182024,61.4,False,4,0,0,2019
West Bengal,West Bengal PC 32,Candidate 5 (TMC),TMC,TMC,,59858,5.06,1182024,68.4,False,5,0,0,2019
West Bengal,West Bengal PC 33,Candidate 1 (IND),IND,IND,,136826,28.94,472833,74.0,True,1,11004,2.33,2019
West Bengal,West Bengal PC 33,Candidate 2 (SP),SP,SP,SP-BSP,125822,26.61,472833,57.8,False,2,0,0,2019
West Bengal,West Bengal PC 33,Candidate 3 (BJP),BJP,BJP,NDA,88680,18.76,472833,70.6,False,3,0,0,2019
West Bengal,West Bengal PC 33,Candidate 4 (BRS),BRS,BRS,,64341,13.61,472833,58.7,False,4,0,0,2019
West Bengal,West Bengal PC 33,Candidate 5 (INC),INC,INC,UPA,57162,12.09,472833,62.5,False,5,0,0,2019
West Bengal,West Bengal PC 34,Candidate 1 (DMK),DMK,DMK,UPA,179793,27.04,664838,70.3,True,1,2233,0.34,2019
West Bengal,West Bengal PC 34,Candidate 2 (AIADMK),AIADMK,AIADMK,NDA,177560,26.71,664838,61.5,False,2,0,0,2019
West Bengal,West Bengal PC 34,Candidate 3 (BJP),BJP,BJP,NDA,168972,25.42,664838,55.5,False,3,0,0,2019
West Bengal,West Bengal PC 34,Candidate 4 (OTH),OTH,OTH,,138511,20.83,664838,65.2,False,4,0,0,2019
West Bengal,West Bengal PC 35,Candidate 1 (BJP),BJP,BJP,NDA,129908,30.07,431952,69.2,True,1,19248,4.46,2019
West Bengal,West Bengal PC 35,Candidate 2 (JDU),JDU,JDU,NDA,110660,25.62,431952,58.8,False,2,0,0,2019
West Bengal,West Bengal PC 35,Candidate 3 (AIADMK),AIADMK,AIADMK,NDA,99695,23.08,431952,61.9,False,3,0,0,2019
West Bengal,West Bengal PC 35,Candidate 4 (TMC),TMC,TMC,,62237,14.41,431952,76.7,False,4,0,0,2019
West Bengal,West Bengal PC 35,Candidate 5 (OTH),OTH,OTH,,29451,6.82,431952,74.3,False,5,0,0,2019
West Bengal,West Bengal PC 36,Candidate 1 (TMC),TMC,TMC,,307251,32.57,943244,57.9,True,1,69055,7.32,2019
West Bengal,West Bengal PC 36,Candidate 2 (SP),SP,SP,SP-BSP,238196,25.25,943244,73.9,False,2,0,0,2019
West Bengal,West Bengal PC 36,Candidate 3 (TDP),TDP,TDP,,221387,23.47,943244,68.1,False,3,0,0,2019
West Bengal,West Bengal PC 36,Candidate 4 (BJP),BJP,BJP,NDA,176409,18.7,943244,63.6,False,4,0,0,2019
West Bengal,West Bengal PC 37,Candidate 1 (BJP),BJP,BJP,NDA,465733,77.48,601074,62.3,True,1,330393,54.97,2019
West Bengal,West Bengal PC 37,Candidate 2 (INC),INC,INC,UPA,135340,22.52,601074,66.1,False,2,0,0,2019
West Bengal,West Bengal PC 38,Candidate 1 (JDU),JDU,JDU,NDA,423505,37.59,1126605,60.6,True,1,51748,4.59,2019
West Bengal,West Bengal PC 38,Candidate 2 (BJP),BJP,BJP,NDA,371757,33.0,1126605,74.8,False,2,0,0,2019
West Bengal,West Bengal PC 38,Candidate 3 (INC),INC,INC,UPA,331341,29.41,1126605,60.2,False,3,0,0,2019
West Bengal,West Bengal PC 39,Candidate 1 (SP),SP,SP,SP-BSP,335825,39.98,840070,70.1,True,1,72968,8.69,2019
West Bengal,West Bengal PC 39,Candidate 2 (BJP),BJP,BJP,NDA,262857,31.29,840070,65.5,False,2,0,0,2019
West Bengal,West Bengal PC 39,Candidate 3 (DMK),DMK,DMK,UPA,176734,21.04,840070,56.1,False,3,0,0,2019
West Bengal,West Bengal PC 39,Candidate 4 (OTH),OTH,OTH,,64653,7.7,840070,57.0,False,4,0,0,2019
West Bengal,West Bengal PC 40,Candidate 1 (JDU),JDU,JDU,NDA,287922,31.27,920714,71.1,True,1,6901,0.75,2019
West Bengal,West Bengal PC 40,Candidate 2 (TDP),TDP,TDP,,281021,30.52,920714,66.1,False,2,0,0,2019
West Bengal,West Bengal PC 40,Candidate 3 (BJP),BJP,BJP,NDA,206710,22.45,920714,75.6,False,3,0,0,2019
West Bengal,West Bengal PC 40,Candidate 4 (OTH),OTH,OTH,,145059,15.76,920714,71.3,False,4,0,0,2019
West Bengal,West Bengal PC 41,Candidate 1 (INC),INC,INC,UPA,493277,45.81,1076702,58.6,True,1,10708,0.99,2019
West Bengal,West Bengal PC 41,Candidate 2 (BJP),BJP,BJP,NDA,482569,44.82,1076702,70.6,False,2,0,0,2019
West Bengal,West Bengal PC 41,Candidate 3 (TDP),TDP,TDP,,100854,9.37,1076702,68.3,False,3,0,0,2019
West Bengal,West Bengal PC 42,Candidate 1 (INC),INC,INC,UPA,274750,40.55,677519,69.2,True,1,16631,2.45,2019
West Bengal,West Bengal PC 42,Candidate 2 (AIADMK),AIADMK,AIADMK,NDA,258119,38.1,677519,66.5,False,2,0,0,2019
West Bengal,West Bengal PC 42,Candidate 3 (BJP),BJP,BJP,NDA,79200,11.69,677519,60.7,False,3,0,0,2019
West Bengal,West Bengal PC 42,Candidate 4 (YSR),YSR,YSR,,65447,9.66,677519,76.1,False,4,0,0,2019
Bihar,Bihar PC 1,Candidate 1 (BJP),BJP,BJP,NDA,171982,23.92,719117,75.4,True,1,82,0.01,2019
Bihar,Bihar PC 1,Candidate 2 (INC),INC,INC,UPA,171900,23.9,719117,61.7,False,2,0,0,2019
Bihar,Bihar PC 1,Candidate 3 (OTH),OTH,OTH,,161060,22.4,719117,71.3,False,3,0,0,2019
Bihar,Bihar PC 1,Candidate 4 (BRS),BRS,BRS,,126964,17.66,719117,69.7,False,4,0,0,2019
Bihar,Bihar PC 1,Candidate 5 (JDU),JDU,JDU,NDA,87209,12.13,719117,71.3,False,5,0,0,2019
Bihar,Bihar PC 2,Candidate 1 (OTH),OTH,OTH,,624341,71.6,871991,60.4,True,1,479697,55.01,2019
Bihar,Bihar PC 2,Candidate 2 (TDP),TDP,TDP,,144644,16.59,871991,71.8,False,2,0,0,2019
Bihar,Bihar PC 2,Candidate 3 (BJP),BJP,BJP,NDA,103004,11.81,871991,60.4,False,3,0,0,2019
Bihar,Bihar PC 3,Candidate 1 (OTH),OTH,OTH,,314685,37.41,841116,57.1,True,1,24204,2.88,2019
Bihar,Bihar PC 3,Candidate 2 (BJP),BJP,BJP,NDA,290481,34.54,841116,62.3,False,2,0,0,2019
Bihar,Bihar PC 3,Candidate 3 (INC),INC,INC,UPA,118173,14.05,841116,76.8,False,3,0,0,2019
Bihar,Bihar PC 3,Candidate 4 (TMC),TMC,TMC,,117774,14.0,841116,70.7,False,4,0,0,2019
Bihar,Bihar PC 4,Candidate 1 (BJP),BJP,BJP,NDA,684185,64.48,1061022,56.1,True,1,383090,36.11,2019
Bihar,Bihar PC 4,Candidate 2 (INC),INC,INC,UPA,301095,28.38,1061022,75.3,False,2,0,0,2019
Bihar,Bihar PC 4,Candidate 3 (SP),SP,SP,SP-BSP,75740,7.14,1061022,56.2,False,3,0,0,2019
Bihar,Bihar PC 5,Candidate 1 (BRS),BRS,BRS,,235202,21.32,1103034,75.4,True,1,10809,0.98,2019
Bihar,Bihar PC 5,Candidate 2 (BJP),BJP,BJP,NDA,224393,20.34,1103034,70.0,False,2,0,0,2019
Bihar,Bihar PC 5,Candidate 3 (INC),INC,INC,UPA,216724,19.65,1103034,55.7,False,3,0,0,2019
Bihar,Bihar PC 5,Candidate 4 (IND),IND,IND,,150489,13.64,1103034,72.7,False,4,0,0,2019
Bihar,Bihar PC 5,Candidate 5 (TDP),TDP,TDP,,144605,13.11,1103034,72.1,False,5,0,0,2019
Bihar,Bihar PC 5,Candidate 6 (OTH),OTH,OTH,,131617,11.93,1103034,69.7,False,6,0,0,2019
Bihar,Bihar PC 6,Candidate 1 (BJP),BJP,BJP,NDA,230130,35.01,657322,68.5,True,1,25445,3.87,2019
Bihar,Bihar PC 6,Candidate 2 (INC),INC,INC,UPA,204685,31.14,657322,74.9,False,2,0,0,2019
Bihar,Bihar PC 6,Candidate 3 (TMC),TMC,TMC,,87452,13.3,657322,58.3,False,3,0,0,2019
Bihar,Bihar PC 6,Candidate 4 (AIADMK),AIADMK,AIADMK,NDA,70814,10.77,657322,60.2,False,4,0,0,2019
Bihar,Bihar PC 6,Candidate 5 (OTH),OTH,OTH,,64238,9.77,657322,68.7,False,5,0,0,2019
Bihar,Bihar PC 7,Candidate 1 (INC),INC,INC,UPA,193038,33.7,572844,68.3,True,1,515,0.09,2019
Bihar,Bihar PC 7,Candidate 2 (SP),SP,SP,SP-BSP,192523,33.61,572844,69.8,False,2,0,0,2019
Bihar,Bihar PC 7,Candidate 3 (BJP),BJP,BJP,NDA,138648,24.2,572844,77.8,False,3,0,0,2019
Bihar,Bihar PC 7,Candidate 4 (BRS),BRS,BRS,,48632,8.49,572844,63.3,False,4,0,0,2019
Bihar,Bihar PC 8,Candidate 1 (OTH),OTH,OTH,,428793,40.09,1069620,63.0,True,1,135246,12.64,2019
Bihar,Bihar PC 8,Candidate 2 (INC),INC,INC,UPA,293547,27.44,1069620,66.0,False,2,0,0,2019
Bihar,Bihar PC 8,Candidate 3 (JDU),JDU,JDU,NDA,216192,20.21,1069620,76.8,False,3,0,0,2019
Bihar,Bihar PC 8,Candidate 4 (BJP),BJP,BJP,NDA,131087,12.26,1069620,66.9,False,4,0,0,2019
Bihar,Bihar PC 9,Candidate 1 (INC),INC,INC,UPA,194201,28.08,691510,61.1,True,1,5133,0.74,2019
Bihar,Bihar PC 9,Candidate 2 (SP),SP,SP,SP-BSP,189068,27.34,691510,76.5,False,2,0,0,2019
Bihar,Bihar PC 9,Candidate 3 (BJP),BJP,BJP,NDA,186391,26.95,691510,60.9,False,3,0,0,2019
Bihar,Bihar PC 9,Candidate 4 (YSR),YSR,YSR,,121848,17.62,691510,60.6,False,4,0,0,2019
Bihar,Bihar PC 10,Candidate 1 (SP),SP,SP,SP-BSP,161098,37.94,424666,57.4,True,1,4133,0.97,2019
Bihar,Bihar PC 10,Candidate 2 (AIADMK),AIADMK,AIADMK,NDA,156965,36.96,424666,72.6,False,2,0,0,2019
Bihar,Bihar PC 10,Candidate 3 (JDU),JDU,JDU,NDA,48100,11.33,424666,58.5,False,3,0,0,2019
Bihar,Bihar PC 10,Candidate 4 (BJP),BJP,BJP,NDA,37258,8.77,424666,67.9,False,4,0,0,2019
Bihar,Bihar PC 10,Candidate 5 (INC),INC,INC,UPA,21242,5.0,424666,57.1,False,5,0,0,2019
Bihar,Bihar PC 11,Candidate 1 (BRS),BRS,BRS,,184015,29.77,618103,59.9,True,1,35655,5.77,2019
Bihar,Bihar PC 11,Candidate 2 (BJP),BJP,BJP,NDA,148360,24.0,618103,71.1,False,2,0,0,2019
Bihar,Bihar PC 11,Candidate 3 (AIADMK),AIADMK,AIADMK,NDA,142592,23.07,618103,71.2,False,3,0,0,2019
Bihar,Bihar PC 11,Candidate 4 (TMC),TMC,TMC,,120326,19.47,618103,65.6,False,4,0,0,2019
Bihar,Bihar PC 11,Candidate 5 (INC),INC,INC,UPA,22807,3.69,618103,71.4,False,5,0,0,2019
Bihar,Bihar PC 12,Candidate 1 (IND),IND,IND,,224206,35.48,631965,66.6,True,1,27623,4.37,2019
Bihar,Bihar PC 12,Candidate 2 (JDU),JDU,JDU,NDA,196583,31.11,631965,63.2,False,2,0,0,2019
Bihar,Bihar PC 12,Candidate 3 (TDP),TDP,TDP,,132390,20.95,631965,56.7,False,3,0,0,2019
Bihar,Bihar PC 12,Candidate 4 (BJP),BJP,BJP,NDA,52382,8.29,631965,65.7,False,4,0,0,2019
Bihar,Bihar PC 12,Candidate 5 (AIADMK),AIADMK,AIADMK,NDA,26402,4.18,631965,59.5,False,5,0,0,2019
Bihar,Bihar PC 13,Candidate 1 (BJP),BJP,BJP,NDA,399814,33.51,1193145,60.8,True,1,73207,6.14,2019
Bihar,Bihar PC 13,Candidate 2 (JDU),JDU,JDU,NDA,326607,27.37,1193145,69.3,False,2,0,0,2019
Bihar,Bihar PC 13,Candidate 3 (TDP),TDP,TDP,,294002,24.64,1193145,59.3,False,3,0,0,2019
Bihar,Bihar PC 13,Candidate 4 (OTH),OTH,OTH,,172720,14.48,1193145,77.7,False,4,0,0,2019
Bihar,Bihar PC 14,Candidate 1 (INC),INC,INC,UPA,234196,45.51,514602,67.1,True,1,67020,13.02,2019
Bihar,Bihar PC 14,Candidate 2 (BJP),BJP,BJP,NDA,167176,32.49,514602,69.5,False,2,0,0,2019
Bihar,Bihar PC 14,Candidate 3 (OTH),OTH,OTH,,82250,15.98,514602,77.9,False,3,0,0,2019
Bihar,Bihar PC 14,Candidate 4 (AIADMK),AIADMK,AIADMK,NDA,30977,6.02,514602,67.1,False,4,0,0,2019
Bihar,Bihar PC 15,Candidate 1 (INC),INC,INC,UPA,332035,53.87,616420,72.9,True,1,47651,7.73,2019
Bihar,Bihar PC 15,Candidate 2 (BJP),BJP,BJP,NDA,284384,46.13,616420,69.5,False,2,0,0,2019
Bihar,Bihar PC 16,Candidate 1 (BJP),BJP,BJP,NDA,330187,46.27,713680,58.7,True,1,150178,21.04,2019
Bihar,Bihar PC 16,Candidate 2 (AIADMK),AIADMK,AIADMK,NDA,180009,25.22,713680,72.5,False,2,0,0,2019
Bihar,Bihar PC 16,Candidate 3 (DMK),DMK,DMK,UPA,130510,18.29,713680,70.0,False,3,0,0,2019
Bihar,Bihar PC 16,Candidate 4 (BRS),BRS,BRS,,72972,10.22,713680,77.7,False,4,0,0,2019
Bihar,Bihar PC 17,Candidate 1 (SP),SP,SP,SP-BSP,586123,51.68,1134245,67.6,True,1,110322,9.73,2019
Bihar,Bihar PC 17,Candidate 2 (BJP),BJP,BJP,NDA,475801,41.95,1134245,56.8,False,2,0,0,2019
Bihar,Bihar PC 17,Candidate 3 (BRS),BRS,BRS,,72320,6.38,1134245,60.8,False,3,0,0,2019
Bihar,Bihar PC 18,Candidate 1 (INC),INC,INC,UPA,305721,40.34,757826,66.4,True,1,18714,2.47,2019
Bihar,Bihar PC 18,Candidate 2 (BJP),BJP,BJP,NDA,287007,37.87,757826,68.4,False,2,0,0,2019
Bihar,Bihar PC 18,Candidate 3 (OTH),OTH,OTH,,165097,21.79,757826,63.4,False,3,0,0,2019
Bihar,Bihar PC 19,Candidate 1 (DMK),DMK,DMK,UPA,221276,36.56,605220,69.1,True,1,25763,4.26,2019
Bihar,Bihar PC 19,Candidate 2 (BJP),BJP,BJP,NDA,195513,32.3,605220,61.5,False,2,0,0,2019
Bihar,Bihar PC 19,Candidate 3 (TMC),TMC,TMC,,188430,31.13,605220,61.7,False,3,0,0,2019
Bihar,Bihar PC 20,Candidate 1 (BJP),BJP,BJP,NDA,397564,38.98,1020011,61.8,True,1,59470,5.83,2019
Bihar,Bihar PC 20,Candidate 2 (INC),INC,INC,UPA,338094,33.15,1020011,57.7,False,2,0,0,2019
Bihar,Bihar PC 20,Candidate 3 (JDU),JDU,JDU,NDA,221148,21.68,1020011,67.6,False,3,0,0,2019
Bihar,Bihar PC 20,Candidate 4 (SP),SP,SP,SP-BSP,63203,6.2,1020011,68.6,False,4,0,0,2019
Bihar,Bihar PC 21,Candidate 1 (INC),INC,INC,UPA,269868,36.94,730467,59.9,True,1,13052,1.79,2019
Bihar,Bihar PC 21,Candidate 2 (BJP),BJP,BJP,NDA,256816,35.16,730467,60.2,False,2,0,0,2019
Bihar,Bihar PC 21,Candidate 3 (YSR),YSR,YSR,,140171,19.19,730467,75.3,False,3,0,0,2019
Bihar,Bihar PC 21,Candidate 4 (IND),IND,IND,,63610,8.71,730467,71.2,False,4,0,0,2019
Bihar,Bihar PC 22,Candidate 1 (INC),INC,INC,UPA,256976,44.61,575989,63.9,True,1,34294,5.95,2019
Bihar,Bihar PC 22,Candidate 2 (TMC),TMC,TMC,,222682,38.66,575989,64.3,False,2,0,0,2019
Bihar,Bihar PC 22,Candidate 3 (BJP),BJP,BJP,NDA,96329,16.72,575989,70.2,False,3,0,0,2019
Bihar,Bihar PC 23,Candidate 1 (OTH),OTH,OTH,,250704,31.1,806020,74.7,True,1,45748,5.68,2019
Bihar,Bihar PC 23,Candidate 2 (BJP),BJP,BJP,NDA,204956,25.43,806020,73.1,False,2,0,0,2019
Bihar,Bihar PC 23,Candidate 3 (SP),SP,SP,SP-BSP,193025,23.95,806020,59.1,False,3,0,0,2019
Bihar,Bihar PC 23,Candidate 4 (JDU),JDU,JDU,NDA,157333,19.52,806020,70.3,False,4,0,0,2019
Bihar,Bihar PC 24,Candidate 1 (DMK),DMK,DMK,UPA,131736,31.63,416460,58.7,True,1,17950,4.31,2019
Bihar,Bihar PC 24,Candidate 2 (AIADMK),AIADMK,AIADMK,NDA,113786,27.32,416460,76.9,False,2,0,0,2019
Bihar,Bihar PC 24,Candidate 3 (INC),INC,INC,UPA,107550,25.82,416460,57.7,False,3,0,0,2019
Bihar,Bihar PC 24,Candidate 4 (YSR),YSR,YSR,,63385,15.22,416460,61.6,False,4,0,0,2019
Bihar,Bihar PC 25,Candidate 1 (OTH),OTH,OTH,,431070,39.19,1099962,62.1,True,1,72523,6.59,2019
Bihar,Bihar PC 25,Candidate 2 (BJP),BJP,BJP,NDA,358547,32.6,1099962,58.0,False,2,0,0,2019
Bihar,Bihar PC 25,Candidate 3 (INC),INC,INC,UPA,310343,28.21,1099962,73.0,False,3,0,0,2019
Bihar,Bihar PC 26,Candidate 1 (SP),SP,SP,SP-BSP,449214,40.55,1107705,65.5,True,1,185089,16.71,2019
Bihar,Bihar PC 26,Candidate 2 (INC),INC,INC,UPA,264125,23.84,1107705,68.6,False,2,0,0,2019
Bihar,Bihar PC 26,Candidate 3 (OTH),OTH,OTH,,200362,18.09,1107705,77.3,False,3,0,0,2019
Bihar,Bihar PC 26,Candidate 4 (BJP),BJP,BJP,NDA,194003,17.51,1107705,58.7,False,4,0,0,2019
Bihar,Bihar PC 27,Candidate 1 (BJP),BJP,BJP,NDA,293416,37.18,789086,57.4,True,1,58741,7.44,2019
Bihar,Bihar PC 27,Candidate 2 (INC),INC,INC,UPA,234675,29.74,789086,68.6,False,2,0,0,2019
Bihar,Bihar PC 27,Candidate 3 (YSR),YSR,YSR,,166405,21.09,789086,66.4,False,3,0,0,2019
Bihar,Bihar PC 27,Candidate 4 (TMC),TMC,TMC,,94588,11.99,789086,61.6,False,4,0,0,2019
Bihar,Bihar PC 28,Candidate 1 (SP),SP,SP,SP-BSP,219194,52.48,417668,71.0,True,1,91935,22.01,2019
Bihar,Bihar PC 28,Candidate 2 (BJP),BJP,BJP,NDA,127259,30.47,417668,75.1,False,2,0,0,2019
Bihar,Bihar PC 28,Candidate 3 (INC),INC,INC,UPA,71213,17.05,417668,77.4,False,3,0,0,2019
Bihar,Bihar PC 29,Candidate 1 (AIADMK),AIADMK,AIADMK,NDA,679389,56.73,1197521,60.6,True,1,243086,20.3,2019
Bihar,Bihar PC 29,Candidate 2 (BJP),BJP,BJP,NDA,436303,36.43,1197521,65.1,False,2,0,0,2019
Bihar,Bihar PC 29,Candidate 3 (OTH),OTH,OTH,,81827,6.83,1197521,58.3,False,3,0,0,2019
Bihar,Bihar PC 30,Candidate 1 (OTH),OTH,OTH,,217441,27.0,805203,59.7,True,1,10536,1.31,2019
Bihar,Bihar PC 30,Candidate 2 (JDU),JDU,JDU,NDA,206905,25.7,805203,57.7,False,2,0,0,2019
Bihar,Bihar PC 30,Candidate 3 (BJP),BJP,BJP,NDA,187390,23.27,805203,68.1,False,3,0,0,2019
Bihar,Bihar PC 30,Candidate 4 (IND),IND,IND,,133010,16.52,805203,56.6,False,4,0,0,2019
Bihar,Bihar PC 30,Candidate 5 (DMK),DMK,DMK,UPA,60455,7.51,805203,69.1,False,5,0,0,2019
Bihar,Bihar PC 31,Candidate 1 (INC),INC,INC,UPA,428300,40.45,1058935,68.8,True,1,9759,0.92,2019
Bihar,Bihar PC 31,Candidate 2 (BJP),BJP,BJP,NDA,418541,39.52,1058935,60.3,False,2,0,0,2019
Bihar,Bihar PC 31,Candidate 3 (TMC),TMC,TMC,,118510,11.19,1058935,70.1,False,3,0,0,2019
Bihar,Bihar PC 31,Candidate 4 (JDU),JDU,JDU,NDA,93582,8.84,1058935,68.4,False,4,0,0,2019
Bihar,Bihar PC 32,Candidate 1 (BJP),BJP,BJP,NDA,444505,50.79,875143,74.6,True,1,279845,31.98,2019
Bihar,Bihar PC 32,Candidate 2 (OTH),OTH,OTH,,164660,18.82,875143,56.4,False,2,0,0,2019
Bihar,Bihar PC 32,Candidate 3 (AIADMK),AIADMK,AIADMK,NDA,148647,16.99,875143,64.9,False,3,0,0,2019
Bihar,Bihar PC 32,Candidate 4 (DMK),DMK,DMK,UPA,117330,13.41,875143,76.1,False,4,0,0,2019
Bihar,Bihar PC 33,Candidate 1 (BJP),BJP,BJP,NDA,227586,36.92,616364,61.9,True,1,14823,2.4,2019
Bihar,Bihar PC 33,Candidate 2 (JDU),JDU,JDU,NDA,212763,34.52,616364,57.0,False,2,0,0,2019
Bihar,Bihar PC 33,Candidate 3 (INC),INC,INC,UPA,176013,28.56,616364,67.1,False,3,0,0,2019
Bihar,Bihar PC 34,Candidate 1 (BJP),BJP,BJP,NDA,270378,55.37,488333,57.2,True,1,109361,22.39,2019
Bihar,Bihar PC 34,Candidate 2 (JDU),JDU,JDU,NDA,161017,32.97,488333,67.4,False,2,0,0,2019
Bihar,Bihar PC 34,Candidate 3 (BRS),BRS,BRS,,56936,11.66,488333,71.4,False,3,0,0,2019
Bihar,Bihar PC 35,Candidate 1 (INC),INC,INC,UPA,380400,41.58,914825,59.3,True,1,93819,10.26,2019
Bihar,Bihar PC 35,Candidate 2 (BJP),BJP,BJP,NDA,286581,31.33,914825,60.4,False,2,0,0,2019
Bihar,Bihar PC 35,Candidate 3 (SP),SP,SP,SP-BSP,247842,27.09,914825,59.6,False,3,0,0,2019
Bihar,Bihar PC 36,Candidate 1 (INC),INC,INC,UPA,107611,26.16,411360,61.2,True,1,14046,3.41,2019
Bihar,Bihar PC 36,Candidate 2 (TDP),TDP,TDP,,93565,22.75,411360,65.0,False,2,0,0,2019
Bihar,Bihar PC 36,Candidate 3 (SP),SP,SP,SP-BSP,80754,19.63,411360,67.8,False,3,0,0,2019
Bihar,Bihar PC 36,Candidate 4 (BJP),BJP,BJP,NDA,53758,13.07,411360,76.0,False,4,0,0,2019
Bihar,Bihar PC 36,Candidate 5 (TMC),TMC,TMC,,48773,11.86,411360,60.6,False,5,0,0,2019
Bihar,Bihar PC 36,Candidate 6 (OTH),OTH,OTH,,26896,6.54,411360,57.7,False,6,0,0,2019
Bihar,Bihar PC 37,Candidate 1 (JDU),JDU,JDU,NDA,251043,32.8,765417,75.6,True,1,7957,1.04,2019
Bihar,Bihar PC 37,Candidate 2 (TMC),TMC,TMC,,243086,31.76,765417,59.3,False,2,0,0,2019
Bihar,Bihar PC 37,Candidate 3 (YSR),YSR,YSR,,223242,29.17,765417,74.2,False,3,0,0,2019
Bihar,Bihar PC 37,Candidate 4 (BJP),BJP,BJP,NDA,48044,6.28,765417,75.7,False,4,0,0,2019
Bihar,Bihar PC 38,Candidate 1 (YSR),YSR,YSR,,316404,26.7,1184887,62.2,True,1,10207,0.86,2019
Bihar,Bihar PC 38,Candidate 2 (BRS),BRS,BRS,,306197,25.84,1184887,66.8,False,2,0,0,2019
Bihar,Bihar PC 38,Candidate 3 (TMC),TMC,TMC,,255974,21.6,1184887,56.4,False,3,0,0,2019
Bihar,Bihar PC 38,Candidate 4 (BJP),BJP,BJP,NDA,200632,16.93,1184887,55.9,False,4,0,0,2019
Bihar,Bihar PC 38,Candidate 5 (JDU),JDU,JDU,NDA,105678,8.92,1184887,58.0,False,5,0,0,2019
Bihar,Bihar PC 39,Candidate 1 (INC),INC,INC,UPA,220661,29.44,749486,62.0,True,1,62960,8.4,2019
Bihar,Bihar PC 39,Candidate 2 (DMK),DMK,DMK,UPA,157701,21.04,749486,58.4,False,2,0,0,2019
Bihar,Bihar PC 39,Candidate 3 (BJP),BJP,BJP,NDA,152266,20.32,749486,60.8,False,3,0,0,2019
Bihar,Bihar PC 39,Candidate 4 (AIADMK),AIADMK,AIADMK,NDA,101717,13.57,749486,57.4,False,4,0,0,2019
Bihar,Bihar PC 39,Candidate 5 (SP),SP,SP,SP-BSP,70288,9.38,749486,62.3,False,5,0,0,2019
Bihar,Bihar PC 39,Candidate 6 (TMC),TMC,TMC,,46849,6.25,749486,77.5,False,6,0,0,2019
Bihar,Bihar PC 40,Candidate 1 (AIADMK),AIADMK,AIADMK,NDA,429656,37.47,1146745,73.2,True,1,4446,0.39,2019
Bihar,Bihar PC 40,Candidate 2 (BJP),BJP,BJP,NDA,425210,37.08,1146745,65.4,False,2,0,0,2019
Bihar,Bihar PC 40,Candidate 3 (INC),INC,INC,UPA,291877,25.45,1146745,75.8,False,3,0,0,2019
Tamil Nadu,Tamil Nadu PC 1,Candidate 1 (BJP),BJP,BJP,NDA,357651,45.38,788046,67.1,True,1,68788,8.73,2019
Tamil Nadu,Tamil Nadu PC 1,Candidate 2 (IND),IND,IND,,288863,36.66,788046,77.1,False,2,0,0,2019
Tamil Nadu,Tamil Nadu PC 1,Candidate 3 (BRS),BRS,BRS,,141530,17.96,788046,73.8,False,3,0,0,2019
Tamil Nadu,Tamil Nadu PC 2,Candidate 1 (BJP),BJP,BJP,NDA,216159,45.65,473509,60.4,True,1,37877,8.0,2019
Tamil Nadu,Tamil Nadu PC 2,Candidate 2 (INC),INC,INC,UPA,178282,37.65,473509,67.1,False,2,0,0,2019
Tamil Nadu,Tamil Nadu PC 2,Candidate 3 (TDP),TDP,TDP,,79066,16.7,473509,59.2,False,3,0,0,2019
Tamil Nadu,Tamil Nadu PC 3,Candidate 1 (BJP),BJP,BJP,NDA,484177,51.43,941511,70.2,True,1,170745,18.14,2019
Tamil Nadu,Tamil Nadu PC 3,Candidate 2 (DMK),DMK,DMK,UPA,313432,33.29,941511,57.5,False,2,0,0,2019
Tamil Nadu,Tamil Nadu PC 3,Candidate 3 (INC),INC,INC,UPA,74829,7.95,941511,55.1,False,3,0,0,2019
Tamil Nadu,Tamil Nadu PC 3,Candidate 4 (TDP),TDP,TDP,,69072,7.34,941511,74.7,False,4,0,0,2019
Tamil Nadu,Tamil Nadu PC 4,Candidate 1 (OTH),OTH,OTH,,298970,26.78,1116596,69.1,True,1,15112,1.35,2019
Tamil Nadu,Tamil Nadu PC 4,Candidate 2 (TMC),TMC,TMC,,283858,25.42,1116596,75.2,False,2,0,0,2019
Tamil Nadu,Tamil Nadu PC 4,Candidate 3 (BJP),BJP,BJP,NDA,278375,24.93,1116596,75.9,False,3,0,0,2019
Tamil Nadu,Tamil Nadu PC 4,Candidate 4 (INC),INC,INC,UPA,165582,14.83,1116596,69.7,False,4,0,0,2019
Tamil Nadu,Tamil Nadu PC 4,Candidate 5 (IND),IND,IND,,89808,8.04,1116596,71.5,False,5,0,0,2019
Tamil Nadu,Tamil Nadu PC 5,Candidate 1 (INC),INC,INC,UPA,171855,40.65,422799,75.5,True,1,30138,7.13,2019
Tamil Nadu,Tamil Nadu PC 5,Candidate 2 (BJP),BJP,BJP,NDA,141717,33.52,422799,66.1,False,2,0,0,2019
Tamil Nadu,Tamil Nadu PC 5,Candidate 3 (JDU),JDU,JDU,NDA,61866,14.63,422799,57.8,False,3,0,0,2019
Tamil Nadu,Tamil Nadu PC 5,Candidate 4 (DMK),DMK,DMK,UPA,47359,11.2,422799,64.4,False,4,0,0,2019
Tamil Nadu,Tamil Nadu PC 6,Candidate 1 (JDU),JDU,JDU,NDA,243816,35.07,695260,63.0,True,1,17648,2.54,2019
Tamil Nadu,Tamil Nadu PC 6,Candidate 2 (INC),INC,INC,UPA,226168,32.53,695260,60.8,False,2,0,0,2019
Tamil Nadu,Tamil Nadu PC 6,Candidate 3 (BJP),BJP,BJP,NDA,225274,32.4,695260,63.2,False,3,0,0,2019
Tamil Nadu,Tamil Nadu PC 7,Candidate 1 (BJP),BJP,BJP,NDA,303800,32.88,924042,56.3,True,1,21342,2.31,2019
Tamil Nadu,Tamil Nadu PC 7,Candidate 2 (INC),INC,INC,UPA,282458,30.57,924042,66.4,False,2,0,0,2019
Tamil Nadu,Tamil Nadu PC 7,Candidate 3 (OTH),OTH,OTH,,214243,23.19,924042,59.0,False,3,0,0,2019
Tamil Nadu,Tamil Nadu PC 7,Candidate 4 (TMC),TMC,TMC,,73444,7.95,924042,69.0,False,4,0,0,2019
Tamil Nadu,Tamil Nadu PC 7,Candidate 5 (SP),SP,SP,SP-BSP,50094,5.42,924042,66.9,False,5,0,0,2019
Tamil Nadu,Tamil Nadu PC 8,Candidate 1 (INC),INC,INC,UPA,382205,34.82,1097681,65.5,True,1,16091,1.47,2019
Tamil Nadu,Tamil Nadu PC 8,Candidate 2 (YSR),YSR,YSR,,366114,33.35,1097681,60.4,False,2,0,0,2019
Tamil Nadu,Tamil Nadu PC 8,Candidate 3 (BJP),BJP,BJP,NDA,276364,25.18,1097681,59.3,False,3,0,0,2019
Tamil Nadu,Tamil Nadu PC 8,Candidate 4 (DMK),DMK,DMK,UPA,72995,6.65,1097681,64.8,False,4,0,0,2019
Tamil Nadu,Tamil Nadu PC 9,Candidate 1 (INC),INC,INC,UPA,261904,32.2,813309,57.2,True,1,23663,2.91,2019
Tamil Nadu,Tamil Nadu PC 9,Candidate 2 (TMC),TMC,TMC,,238241,29.29,813309,69.5,False,2,0,0,2019
Tamil Nadu,Tamil Nadu PC 9,Candidate 3 (SP),SP,SP,SP-BSP,142298,17.5,813309,77.2,False,3,0,0,2019
Tamil Nadu,Tamil Nadu PC 9,Candidate 4 (BJP),BJP,BJP,NDA,100238,12.32,813309,65.8,False,4,0,0,2019
Tamil Nadu,Tamil Nadu PC 9,Candidate 5 (YSR),YSR,YSR,,70625,8.68,813309,76.2,False,5,0,0,2019
Tamil Nadu,Tamil Nadu PC 10,Candidate 1 (SP),SP,SP,SP-BSP,217223,35.29,615556,60.4,True,1,52800,8.58,2019
Tamil Nadu,Tamil Nadu PC 10,Candidate 2 (BJP),BJP,BJP,NDA,164423,26.71,615556,72.1,False,2,0,0,2019
Tamil Nadu,Tamil Nadu PC 10,Candidate 3 (BRS),BRS,BRS,,159333,25.88,615556,67.2,False,3,0,0,2019
Tamil Nadu,Tamil Nadu PC 10,Candidate 4 (INC),INC,INC,UPA,74575,12.12,615556,69.0,False,4,0,0,2019
Tamil Nadu,Tamil Nadu PC 11,Candidate 1 (BJP),BJP,BJP,NDA,357563,39.45,906362,55.8,True,1,78541,8.67,2019
Tamil Nadu,Tamil Nadu PC 11,Candidate 2 (DMK),DMK,DMK,UPA,279022,30.78,906362,71.8,False,2,0,0,2019
Tamil Nadu,Tamil Nadu PC 11,Candidate 3 (TDP),TDP,TDP,,138950,15.33,906362,55.4,False,3,0,0,2019
Tamil Nadu,Tamil Nadu PC 11,Candidate 4 (BRS),BRS,BRS,,70812,7.81,906362,73.6,False,4,0,0,2019
Tamil Nadu,Tamil Nadu PC 11,Candidate 5 (SP),SP,SP,SP-BSP,60011,6.62,906362,74.7,False,5,0,0,2019
Tamil Nadu,Tamil Nadu PC 12,Candidate 1 (AIADMK),AIADMK,AIADMK,NDA,210408,29.98,701928,75.5,True,1,9513,1.36,2019
Tamil Nadu,Tamil Nadu PC 12,Candidate 2 (OTH),OTH,OTH,,200895,28.62,701928,65.5,False,2,0,0,2019
Tamil Nadu,Tamil Nadu PC 12,Candidate 3 (BJP),BJP,BJP,NDA,165701,23.61,701928,61.1,False,3,0,0,2019
Tamil Nadu,Tamil Nadu PC 12,Candidate 4 (BRS),BRS,BRS,,97560,13.9,701928,75.8,False,4,0,0,2019
Tamil Nadu,Tamil Nadu PC 12,Candidate 5 (INC),INC,INC,UPA,27362,3.9,701928,69.0,False,5,0,0,2019
Tamil Nadu,Tamil Nadu PC 13,Candidate 1 (TMC),TMC,TMC,,408878,35.95,1137449,76.6,True,1,48762,4.29,2019
Tamil Nadu,Tamil Nadu PC 13,Candidate 2 (SP),SP,SP,SP-BSP,360116,31.66,1137449,70.9,False,2,0,0,2019
Tamil Nadu,Tamil Nadu PC 13,Candidate 3 (OTH),OTH,OTH,,266701,23.45,1137449,59.5,False,3,0,0,2019
Tamil Nadu,Tamil Nadu PC 13,Candidate 4 (BJP),BJP,BJP,NDA,101752,8.95,1137449,65.8,False,4,0,0,2019
Tamil Nadu,Tamil Nadu PC 14,Candidate 1 (AIADMK),AIADMK,AIADMK,NDA,200126,28.49,702427,57.9,True,1,10341,1.47,2019
Tamil Nadu,Tamil Nadu PC 14,Candidate 2 (YSR),YSR,YSR,,189785,27.02,702427,75.2,False,2,0,0,2019
Tamil Nadu,Tamil Nadu PC 14,Candidate 3 (INC),INC,INC,UPA,170537,24.28,702427,58.6,False,3,0,0,2019
Tamil Nadu,Tamil Nadu PC 14,Candidate 4 (BJP),BJP,BJP,NDA,72070,10.26,702427,62.0,False,4,0,0,2019
Tamil Nadu,Tamil Nadu PC 14,Candidate 5 (DMK),DMK,DMK,UPA,69907,9.95,702427,68.5,False,5,0,0,2019
Tamil Nadu,Tamil Nadu PC 15,Candidate 1 (DMK),DMK,DMK,UPA,207190,34.49,600674,71.0,True,1,62199,10.35,2019
Tamil Nadu,Tamil Nadu PC 15,Candidate 2 (BJP),BJP,BJP,NDA,144991,24.14,600674,73.2,False,2,0,0,2019
Tamil Nadu,Tamil Nadu PC 15,Candidate 3 (INC),INC,INC,UPA,136451,22.72,600674,67.7,False,3,0,0,2019
Tamil Nadu,Tamil Nadu PC 15,Candidate 4 (TDP),TDP,TDP,,112040,18.65,600674,72.5,False,4,0,0,2019
Tamil Nadu,Tamil Nadu PC 16,Candidate 1 (JDU),JDU,JDU,NDA,391074,36.15,1081871,58.0,True,1,10226,0.95,2019
Tamil Nadu,Tamil Nadu PC 16,Candidate 2 (BJP),BJP,BJP,NDA,380848,35.2,1081871,62.8,False,2,0,0,2019
Tamil Nadu,Tamil Nadu PC 16,Candidate 3 (OTH),OTH,OTH,,309947,28.65,1081871,76.5,False,3,0,0,2019
Tamil Nadu,Tamil Nadu PC 17,Candidate 1 (IND),IND,IND,,274014,32.12,853169,55.7,True,1,44235,5.18,2019
Tamil Nadu,Tamil Nadu PC 17,Candidate 2 (OTH),OTH,OTH,,229779,26.93,853169,67.6,False,2,0,0,2019
Tamil Nadu,Tamil Nadu PC 17,Candidate 3 (BJP),BJP,BJP,NDA,188683,22.12,853169,72.6,False,3,0,0,2019
Tamil Nadu,Tamil Nadu PC 17,Candidate 4 (BRS),BRS,BRS,,160691,18.83,853169,73.4,False,4,0,0,2019
Tamil Nadu,Tamil Nadu PC 18,Candidate 1 (BJP),BJP,BJP,NDA,334066,61.86,540023,64.4,True,1,227202,42.07,2019
Tamil Nadu,Tamil Nadu PC 18,Candidate 2 (OTH),OTH,OTH,,106864,19.79,540023,66.7,False,2,0,0,2019
Tamil Nadu,Tamil Nadu PC 18,Candidate 3 (AIADMK),AIADMK,AIADMK,NDA,99091,18.35,540023,55.2,False,3,0,0,2019
Tamil Nadu,Tamil Nadu PC 19,Candidate 1 (BJP),BJP,BJP,NDA,366945,33.2,1105371,63.8,True,1,50189,4.54,2019
Tamil Nadu,Tamil Nadu PC 19,Candidate 2 (INC),INC,INC,UPA,316756,28.66,1105371,73.4,False,2,0,0,2019
Tamil Nadu,Tamil Nadu PC 19,Candidate 3 (TDP),TDP,TDP,,251038,22.71,1105371,75.5,False,3,0,0,2019
Tamil Nadu,Tamil Nadu PC 19,Candidate 4 (DMK),DMK,DMK,UPA,170629,15.44,1105371,55.6,False,4,0,0,2019
Tamil Nadu,Tamil Nadu PC 20,Candidate 1 (BJP),BJP,BJP,NDA,534367,49.33,1083192,55.5,True,1,96381,8.9,2019
Tamil Nadu,Tamil Nadu PC 20,Candidate 2 (BRS),BRS,BRS,,437986,40.43,1083192,60.8,False,2,0,0,2019
Tamil Nadu,Tamil Nadu PC 20,Candidate 3 (INC),INC,INC,UPA,110837,10.23,1083192,59.3,False,3,0,0,2019
Tamil Nadu,Tamil Nadu PC 21,Candidate 1 (SP),SP,SP,SP-BSP,281807,38.26,736501,61.7,True,1,62317,8.46,2019
Tamil Nadu,Tamil Nadu PC 21,Candidate 2 (INC),INC,INC,UPA,219490,29.8,736501,69.3,False,2,0,0,2019
Tamil Nadu,Tamil Nadu PC 21,Candidate 3 (BJP),BJP,BJP,NDA,128510,17.45,736501,74.2,False,3,0,0,2019
Tamil Nadu,Tamil Nadu PC 21,Candidate 4 (BRS),BRS,BRS,,106692,14.49,736501,76.4,False,4,0,0,2019
Tamil Nadu,Tamil Nadu PC 22,Candidate 1 (BRS),BRS,BRS,,511719,52.74,970192,62.4,True,1,53247,5.49,2019
Tamil Nadu,Tamil Nadu PC 22,Candidate 2 (BJP),BJP,BJP,NDA,458472,47.26,970192,69.6,False,2,0,0,2019
Tamil Nadu,Tamil Nadu PC 23,Candidate 1 (YSR),YSR,YSR,,263526,33.84,778750,77.0,True,1,47683,6.12,2019
Tamil Nadu,Tamil Nadu PC 23,Candidate 2 (DMK),DMK,DMK,UPA,215843,27.72,778750,63.6,False,2,0,0,2019
Tamil Nadu,Tamil Nadu PC 23,Candidate 3 (BJP),BJP,BJP,NDA,132104,16.96,778750,61.6,False,3,0,0,2019
Tamil Nadu,Tamil Nadu PC 23,Candidate 4 (TMC),TMC,TMC,,96392,12.38,778750,57.6,False,4,0,0,2019
Tamil Nadu,Tamil Nadu PC 23,Candidate 5 (AIADMK),AIADMK,AIADMK,NDA,70882,9.1,778750,66.9,False,5,0,0,2019
Tamil Nadu,Tamil Nadu PC 24,Candidate 1 (AIADMK),AIADMK,AIADMK,NDA,200093,29.48,678807,69.1,True,1,8290,1.22,2019
Tamil Nadu,Tamil Nadu PC 24,Candidate 2 (OTH),OTH,OTH,,191803,28.26,678807,55.9,False,2,0,0,2019
Tamil Nadu,Tamil Nadu PC 24,Candidate 3 (INC),INC,INC,UPA,178578,26.31,678807,64.8,False,3,0,0,2019
Tamil Nadu,Tamil Nadu PC 24,Candidate 4 (TDP),TDP,TDP,,76266,11.24,678807,72.2,False,4,0,0,2019
Tamil Nadu,Tamil Nadu PC 24,Candidate 5 (BJP),BJP,BJP,NDA,32065,4.72,678807,61.1,False,5,0,0,2019
Tamil Nadu,Tamil Nadu PC 25,Candidate 1 (BJP),BJP,BJP,NDA,143930,26.7,539047,57.5,True,1,801,0.15,2019
Tamil Nadu,Tamil Nadu PC 25,Candidate 2 (BRS),BRS,BRS,,143129,26.55,539047,64.4,False,2,0,0,2019
Tamil Nadu,Tamil Nadu PC 25,Candidate 3 (YSR),YSR,YSR,,115060,21.35,539047,71.8,False,3,0,0,2019
Tamil Nadu,Tamil Nadu PC 25,Candidate 4 (SP),SP,SP,SP-BSP,71253,13.22,539047,73.1,False,4,0,0,2019
Tamil Nadu,Tamil Nadu PC 25,Candidate 5 (JDU),JDU,JDU,NDA,65673,12.18,539047,75.0,False,5,0,0,2019
Tamil Nadu,Tamil Nadu PC 26,Candidate 1 (INC),INC,INC,UPA,284660,27.55,1033346,59.2,True,1,24324,2.35,2019
Tamil Nadu,Tamil Nadu PC 26,Candidate 2 (JDU),JDU,JDU,NDA,260336,25.19,1033346,74.5,False,2,0,0,2019
Tamil Nadu,Tamil Nadu PC 26,Candidate 3 (BRS),BRS,BRS,,252237,24.41,1033346,59.8,False,3,0,0,2019
Tamil Nadu,Tamil Nadu PC 26,Candidate 4 (OTH),OTH,OTH,,155079,15.01,1033346,67.2,False,4,0,0,2019
Tamil Nadu,Tamil Nadu PC 26,Candidate 5 (BJP),BJP,BJP,NDA,81031,7.84,1033346,74.2,False,5,0,0,2019
Tamil Nadu,Tamil Nadu PC 27,Candidate 1 (BJP),BJP,BJP,NDA,465861,54.22,859226,76.7,True,1,72497,8.44,2019
Tamil Nadu,Tamil Nadu PC 27,Candidate 2 (IND),IND,IND,,393364,45.78,859226,58.0,False,2,0,0,2019
Tamil Nadu,Tamil Nadu PC 28,Candidate 1 (BJP),BJP,BJP,NDA,245797,46.01,534257,73.1,True,1,74990,14.04,2019
Tamil Nadu,Tamil Nadu PC 28,Candidate 2 (AIADMK),AIADMK,AIADMK,NDA,170807,31.97,534257,65.4,False,2,0,0,2019
Tamil Nadu,Tamil Nadu PC 28,Candidate 3 (BRS),BRS,BRS,,117651,22.02,534257,62.7,False,3,0,0,2019
Tamil Nadu,Tamil Nadu PC 29,Candidate 1 (BJP),BJP,BJP,NDA,252265,32.64,772845,77.6,True,1,741,0.1,2019
Tamil Nadu,Tamil Nadu PC 29,Candidate 2 (OTH),OTH,OTH,,251524,32.55,772845,61.0,False,2,0,0,2019
Tamil Nadu,Tamil Nadu PC 29,Candidate 3 (TMC),TMC,TMC,,221733,28.69,772845,69.7,False,3,0,0,2019
Tamil Nadu,Tamil Nadu PC 29,Candidate 4 (INC),INC,INC,UPA,47321,6.12,772845,56.4,False,4,0,0,2019
Tamil Nadu,Tamil Nadu PC 30,Candidate 1 (YSR),YSR,YSR,,141596,33.29,425402,71.1,True,1,27034,6.35,2019
Tamil Nadu,Tamil Nadu PC 30,Candidate 2 (BJP),BJP,BJP,NDA,114562,26.93,425402,61.3,False,2,0,0,2019
Tamil Nadu,Tamil Nadu PC 30,Candidate 3 (INC),INC,INC,UPA,89381,21.01,425402,67.1,False,3,0,0,2019
Tamil Nadu,Tamil Nadu PC 30,Candidate 4 (JDU),JDU,JDU,NDA,52488,12.34,425402,55.7,False,4,0,0,2019
Tamil Nadu,Tamil Nadu PC 30,Candidate 5 (OTH),OTH,OTH,,27372,6.43,425402,67.3,False,5,0,0,2019
Tamil Nadu,Tamil Nadu PC 31,Candidate 1 (TDP),TDP,TDP,,246655,26.0,948712,70.5,True,1,29527,3.11,2019
Tamil Nadu,Tamil Nadu PC 31,Candidate 2 (BRS),BRS,BRS,,217128,22.89,948712,63.7,False,2,0,0,2019
Tamil Nadu,Tamil Nadu PC 31,Candidate 3 (BJP),BJP,BJP,NDA,204273,21.53,948712,72.2,False,3,0,0,2019
Tamil Nadu,Tamil Nadu PC 31,Candidate 4 (INC),INC,INC,UPA,153811,16.21,948712,74.7,False,4,0,0,2019
Tamil Nadu,Tamil Nadu PC 31,Candidate 5 (IND),IND,IND,,91763,9.67,948712,63.6,False,5,0,0,2019
Tamil Nadu,Tamil Nadu PC 31,Candidate 6 (DMK),DMK,DMK,UPA,35078,3.7,948712,57.9,False,6,0,0,2019
Tamil Nadu,Tamil Nadu PC 32,Candidate 1 (IND),IND,IND,,412482,36.92,1117086,66.0,True,1,45228,4.05,2019
Tamil Nadu,Tamil Nadu PC 32,Candidate 2 (BJP),BJP,BJP,NDA,367254,32.88,1117086,57.4,False,2,0,0,2019
Tamil Nadu,Tamil Nadu PC 32,Candidate 3 (SP),SP,SP,SP-BSP,164534,14.73,1117086,64.8,False,3,0,0,2019
Tamil Nadu,Tamil Nadu PC 32,Candidate 4 (TMC),TMC,TMC,,108810,9.74,1117086,58.9,False,4,0,0,2019
Tamil Nadu,Tamil Nadu PC 32,Candidate 5 (AIADMK),AIADMK,AIADMK,NDA,64004,5.73,1117086,56.4,False,5,0,0,2019
Tamil Nadu,Tamil Nadu PC 33,Candidate 1 (JDU),JDU,JDU,NDA,450229,43.05,1045824,67.1,True,1,13025,1.25,2019
Tamil Nadu,Tamil Nadu PC 33,Candidate 2 (BJP),BJP,BJP,NDA,437204,41.8,1045824,69.2,False,2,0,0,2019
Tamil Nadu,Tamil Nadu PC 33,Candidate 3 (OTH),OTH,OTH,,158389,15.14,1045824,64.5,False,3,0,0,2019
Tamil Nadu,Tamil Nadu PC 34,Candidate 1 (BJP),BJP,BJP,NDA,355890,38.66,920599,71.9,True,1,82848,9.0,2019
Tamil Nadu,Tamil Nadu PC 34,Candidate 2 (TDP),TDP,TDP,,273042,29.66,920599,63.1,False,2,0,0,2019
Tamil Nadu,Tamil Nadu PC 34,Candidate 3 (JDU),JDU,JDU,NDA,164095,17.82,920599,60.0,False,3,0,0,2019
Tamil Nadu,Tamil Nadu PC 34,Candidate 4 (OTH),OTH,OTH,,127569,13.86,920599,66.5,False,4,0,0,2019
Tamil Nadu,Tamil Nadu PC 35,Candidate 1 (IND),IND,IND,,364077,61.94,587787,59.1,True,1,248576,42.29,2019
Tamil Nadu,Tamil Nadu PC 35,Candidate 2 (INC),INC,INC,UPA,115501,19.65,587787,67.3,False,2,0,0,2019
Tamil Nadu,Tamil Nadu PC 35,Candidate 3 (TDP),TDP,TDP,,67775,11.53,587787,59.3,False,3,0,0,2019
Tamil Nadu,Tamil Nadu PC 35,Candidate 4 (BJP),BJP,BJP,NDA,40431,6.88,587787,70.7,False,4,0,0,2019
Tamil Nadu,Tamil Nadu PC 36,Candidate 1 (AIADMK),AIADMK,AIADMK,NDA,215964,31.76,679996,64.9,True,1,2714,0.4,2019
Tamil Nadu,Tamil Nadu PC 36,Candidate 2 (SP),SP,SP,SP-BSP,213250,31.36,679996,74.9,False,2,0,0,2019
Tamil Nadu,Tamil Nadu PC 36,Candidate 3 (BJP),BJP,BJP,NDA,127087,18.69,679996,76.9,False,3,0,0,2019
Tamil Nadu,Tamil Nadu PC 36,Candidate 4 (YSR),YSR,YSR,,123693,18.19,679996,61.8,False,4,0,0,2019
Tamil Nadu,Tamil Nadu PC 37,Candidate 1 (TMC),TMC,TMC,,275129,37.85,726851,72.0,True,1,90675,12.48,2019
Tamil Nadu,Tamil Nadu PC 37,Candidate 2 (YSR),YSR,YSR,,184454,25.38,726851,75.8,False,2,0,0,2019
Tamil Nadu,Tamil Nadu PC 37,Candidate 3 (JDU),JDU,JDU,NDA,122981,16.92,726851,72.8,False,3,0,0,2019
Tamil Nadu,Tamil Nadu PC 37,Candidate 4 (DMK),DMK,DMK,UPA,80464,11.07,726851,67.4,False,4,0,0,2019
Tamil Nadu,Tamil Nadu PC 37,Candidate 5 (BJP),BJP,BJP,NDA,63820,8.78,726851,73.0,False,5,0,0,2019
Tamil Nadu,Tamil Nadu PC 38,Candidate 1 (SP),SP,SP,SP-BSP,150901,22.88,659659,61.4,True,1,12063,1.83,2019
Tamil Nadu,Tamil Nadu PC 38,Candidate 2 (DMK),DMK,DMK,UPA,138838,21.05,659659,56.3,False,2,0,0,2019
Tamil Nadu,Tamil Nadu PC 38,Candidate 3 (TDP),TDP,TDP,,121088,18.36,659659,72.5,False,3,0,0,2019
Tamil Nadu,Tamil Nadu PC 38,Candidate 4 (BRS),BRS,BRS,,99237,15.04,659659,71.1,False,4,0,0,2019
Tamil Nadu,Tamil Nadu PC 38,Candidate 5 (INC),INC,INC,UPA,78096,11.84,659659,55.2,False,5,0,0,2019
Tamil Nadu,Tamil Nadu PC 38,Candidate 6 (AIADMK),AIADMK,AIADMK,NDA,71497,10.84,659659,57.3,False,6,0,0,2019
Tamil Nadu,Tamil Nadu PC 39,Candidate 1 (BJP),BJP,BJP,NDA,214571,30.94,693537,68.5,True,1,43832,6.32,2019
Tamil Nadu,Tamil Nadu PC 39,Candidate 2 (AIADMK),AIADMK,AIADMK,NDA,170739,24.62,693537,61.9,False,2,0,0,2019
Tamil Nadu,Tamil Nadu PC 39,Candidate 3 (YSR),YSR,YSR,,162909,23.49,693537,55.7,False,3,0,0,2019
Tamil Nadu,Tamil Nadu PC 39,Candidate 4 (BRS),BRS,BRS,,145315,20.95,693537,62.2,False,4,0,0,2019
Madhya Pradesh,Madhya Pradesh PC 1,Candidate 1 (BJP),BJP,BJP,NDA,176420,27.35,645095,61.9,True,1,717,0.11,2019
Madhya Pradesh,Madhya Pradesh PC 1,Candidate 2 (OTH),OTH,OTH,,175703,27.24,645095,74.6,False,2,0,0,2019
Madhya Pradesh,Madhya Pradesh PC 1,Candidate 3 (INC),INC,INC,UPA,156229,24.22,645095,71.5,False,3,0,0,2019
Madhya Pradesh,Madhya Pradesh PC 1,Candidate 4 (DMK),DMK,DMK,UPA,136741,21.2,645095,66.2,False,4,0,0,2019
Madhya Pradesh,Madhya Pradesh PC 2,Candidate 1 (JDU),JDU,JDU,NDA,179329,30.39,590121,67.5,True,1,8476,1.44,2019
Madhya Pradesh,Madhya Pradesh PC 2,Candidate 2 (BJP),BJP,BJP,NDA,170853,28.95,590121,69.2,False,2,0,0,2019
Madhya Pradesh,Madhya Pradesh PC 2,Candidate 3 (INC),INC,INC,UPA,150018,25.42,590121,73.6,False,3,0,0,2019
Madhya Pradesh,Madhya Pradesh PC 2,Candidate 4 (DMK),DMK,DMK,UPA,89919,15.24,590121,64.6,False,4,0,0,2019
Madhya Pradesh,Madhya Pradesh PC 3,Candidate 1 (SP),SP,SP,SP-BSP,186753,45.39,411448,71.4,True,1,24169,5.87,2019
Madhya Pradesh,Madhya Pradesh PC 3,Candidate 2 (OTH),OTH,OTH,,162584,39.52,411448,71.4,False,2,0,0,2019
Madhya Pradesh,Madhya Pradesh PC 3,Candidate 3 (BJP),BJP,BJP,NDA,62109,15.1,411448,67.6,False,3,0,0,2019
Madhya Pradesh,Madhya Pradesh PC 4,Candidate 1 (BJP),BJP,BJP,NDA,373842,45.71,817856,65.7,True,1,47661,5.83,2019
Madhya Pradesh,Madhya Pradesh PC 4,Candidate 2 (DMK),DMK,DMK,UPA,326181,39.88,817856,72.7,False,2,0,0,2019
Madhya Pradesh,Madhya Pradesh PC 4,Candidate 3 (AIADMK),AIADMK,AIADMK,NDA,117831,14.41,817856,74.4,False,3,0,0,2019
Madhya Pradesh,Madhya Pradesh PC 5,Candidate 1 (BRS),BRS,BRS,,396797,35.2,1127421,55.4,True,1,19285,1.71,2019
Madhya Pradesh,Madhya Pradesh PC 5,Candidate 2 (BJP),BJP,BJP,NDA,377512,33.48,1127421,66.7,False,2,0,0,2019
Madhya Pradesh,Madhya Pradesh PC 5,Candidate 3 (SP),SP,SP,SP-BSP,256889,22.79,1127421,58.1,False,3,0,0,2019
Madhya Pradesh,Madhya Pradesh PC 5,Candidate 4 (INC),INC,INC,UPA,96221,8.53,1127421,67.1,False,4,0,0,2019
Madhya Pradesh,Madhya Pradesh PC 6,Candidate 1 (BRS),BRS,BRS,,297807,28.99,1027264,66.0,True,1,53039,5.16,2019
Madhya Pradesh,Madhya Pradesh PC 6,Candidate 2 (BJP),BJP,BJP,NDA,244768,23.83,1027264,63.8,False,2,0,0,2019
Madhya Pradesh,Madhya Pradesh PC 6,Candidate 3 (TMC),TMC,TMC,,215079,20.94,1027264,77.9,False,3,0,0,2019
Madhya Pradesh,Madhya Pradesh PC 6,Candidate 4 (TDP),TDP,TDP,,175677,17.1,1027264,57.7,False,4,0,0,2019
Madhya Pradesh,Madhya Pradesh PC 6,Candidate 5 (INC),INC,INC,UPA,93929,9.14,1027264,56.1,False,5,0,0,2019
Madhya Pradesh,Madhya Pradesh PC 7,Candidate 1 (BJP),BJP,BJP,NDA,248462,54.22,458261,74.2,True,1,116418,25.4,2019
Madhya Pradesh,Madhya Pradesh PC 7,Candidate 2 (OTH),OTH,OTH,,132044,28.81,458261,67.6,False,2,0,0,2019
Madhya Pradesh,Madhya Pradesh PC 7,Candidate 3 (TDP),TDP,TDP,,41225,9.0,458261,70.8,False,3,0,0,2019
Madhya Pradesh,Madhya Pradesh PC 7,Candidate 4 (AIADMK),AIADMK,AIADMK,NDA,36528,7.97,458261,62.4,False,4,0,0,2019
Madhya Pradesh,Madhya Pradesh PC 8,Candidate 1 (JDU),JDU,JDU,NDA,367559,36.21,1014978,55.7,True,1,25900,2.55,2019
Madhya Pradesh,Madhya Pradesh PC 8,Candidate 2 (BJP),BJP,BJP,NDA,341659,33.66,1014978,77.0,False,2,0,0,2019
Madhya Pradesh,Madhya Pradesh PC 8,Candidate 3 (BRS),BRS,BRS,,305758,30.12,1014978,77.0,False,3,0,0,2019
Madhya Pradesh,Madhya Pradesh PC 9,Candidate 1 (DMK),DMK,DMK,UPA,226087,34.7,651623,67.8,True,1,34458,5.29,2019
Madhya Pradesh,Madhya Pradesh PC 9,Candidate 2 (INC),INC,INC,UPA,191629,29.41,651623,69.2,False,2,0,0,2019
Madhya Pradesh,Madhya Pradesh PC 9,Candidate 3 (TMC),TMC,TMC,,138963,21.33,651623,57.7,False,3,0,0,2019
Madhya Pradesh,Madhya Pradesh PC 9,Candidate 4 (BJP),BJP,BJP,NDA,94941,14.57,651623,76.8,False,4,0,0,2019
Madhya Pradesh,Madhya Pradesh PC 10,Candidate 1 (JDU),JDU,JDU,NDA,203731,31.94,637889,69.7,True,1,25733,4.03,2019
Madhya Pradesh,Madhya Pradesh PC 10,Candidate 2 (SP),SP,SP,SP-BSP,177998,27.9,637889,55.7,False,2,0,0,2019
Madhya Pradesh,Madhya Pradesh PC 10,Candidate 3 (TMC),TMC,TMC,,171498,26.89,637889,64.2,False,3,0,0,2019
Madhya Pradesh,Madhya Pradesh PC 10,Candidate 4 (BJP),BJP,BJP,NDA,84660,13.27,637889,61.9,False,4,0,0,2019
Madhya Pradesh,Madhya Pradesh PC 11,Candidate 1 (TMC),TMC,TMC,,397770,40.95,971322,58.2,True,1,11246,1.16,2019
Madhya Pradesh,Madhya Pradesh PC 11,Candidate 2 (BJP),BJP,BJP,NDA,386524,39.79,971322,58.6,False,2,0,0,2019
Madhya Pradesh,Madhya Pradesh PC 11,Candidate 3 (SP),SP,SP,SP-BSP,94028,9.68,971322,60.9,False,3,0,0,2019
Madhya Pradesh,Madhya Pradesh PC 11,Candidate 4 (IND),IND,IND,,92998,9.57,971322,63.8,False,4,0,0,2019
Madhya Pradesh,Madhya Pradesh PC 12,Candidate 1 (SP),SP,SP,SP-BSP,361348,46.55,776207,71.0,True,1,174065,22.43,2019
Madhya Pradesh,Madhya Pradesh PC 12,Candidate 2 (AIADMK),AIADMK,AIADMK,NDA,187283,24.13,776207,56.4,False,2,0,0,2019
Madhya Pradesh,Madhya Pradesh PC 12,Candidate 3 (TMC),TMC,TMC,,134766,17.36,776207,64.2,False,3,0,0,2019
Madhya Pradesh,Madhya Pradesh PC 12,Candidate 4 (JDU),JDU,JDU,NDA,92808,11.96,776207,65.2,False,4,0,0,2019
Madhya Pradesh,Madhya Pradesh PC 13,Candidate 1 (BRS),BRS,BRS,,304891,31.95,954182,64.3,True,1,46968,4.92,2019
Madhya Pradesh,Madhya Pradesh PC 13,Candidate 2 (BJP),BJP,BJP,NDA,257923,27.03,954182,61.2,False,2,0,0,2019
Madhya Pradesh,Madhya Pradesh PC 13,Candidate 3 (INC),INC,INC,UPA,243046,25.47,954182,59.5,False,3,0,0,2019
Madhya Pradesh,Madhya Pradesh PC 13,Candidate 4 (OTH),OTH,OTH,,148320,15.54,954182,71.1,False,4,0,0,2019
Madhya Pradesh,Madhya Pradesh PC 14,Candidate 1 (BJP),BJP,BJP,NDA,157012,36.81,426595,71.9,True,1,44436,10.42,2019
Madhya Pradesh,Madhya Pradesh PC 14,Candidate 2 (DMK),DMK,DMK,UPA,112576,26.39,426595,65.7,False,2,0,0,2019
Madhya Pradesh,Madhya Pradesh PC 14,Candidate 3 (YSR),YSR,YSR,,103853,24.34,426595,55.3,False,3,0,0,2019
Madhya Pradesh,Madhya Pradesh PC 14,Candidate 4 (AIADMK),AIADMK,AIADMK,NDA,53152,12.46,426595,66.7,False,4,0,0,2019
Madhya Pradesh,Madhya Pradesh PC 15,Candidate 1 (BJP),BJP,BJP,NDA,330353,33.81,977062,66.5,True,1,93797,9.6,2019
Madhya Pradesh,Madhya Pradesh PC 15,Candidate 2 (TMC),TMC,TMC,,236556,24.21,977062,62.1,False,2,0,0,2019
Madhya Pradesh,Madhya Pradesh PC 15,Candidate 3 (INC),INC,INC,UPA,208002,21.29,977062,70.0,False,3,0,0,2019
Madhya Pradesh,Madhya Pradesh PC 15,Candidate 4 (OTH),OTH,OTH,,202150,20.69,977062,55.3,False,4,0,0,2019
Madhya Pradesh,Madhya Pradesh PC 16,Candidate 1 (BJP),BJP,BJP,NDA,379635,52.75,719665,69.4,True,1,39606,5.5,2019
Madhya Pradesh,Madhya Pradesh PC 16,Candidate 2 (BRS),BRS,BRS,,340029,47.25,719665,57.0,False,2,0,0,2019
Madhya Pradesh,Madhya Pradesh PC 17,Candidate 1 (IND),IND,IND,,234136,35.08,667391,74.1,True,1,63402,9.5,2019
Madhya Pradesh,Madhya Pradesh PC 17,Candidate 2 (INC),INC,INC,UPA,170734,25.58,667391,74.3,False,2,0,0,2019
Madhya Pradesh,Madhya Pradesh PC 17,Candidate 3 (BJP),BJP,BJP,NDA,136191,20.41,667391,58.0,False,3,0,0,2019
Madhya Pradesh,Madhya Pradesh PC 17,Candidate 4 (TMC),TMC,TMC,,126328,18.93,667391,61.1,False,4,0,0,2019
Madhya Pradesh,Madhya Pradesh PC 18,Candidate 1 (JDU),JDU,JDU,NDA,358883,48.52,739657,76.3,True,1,141043,19.07,2019
Madhya Pradesh,Madhya Pradesh PC 18,Candidate 2 (DMK),DMK,DMK,UPA,217840,29.45,739657,57.9,False,2,0,0,2019
Madhya Pradesh,Madhya Pradesh PC 18,Candidate 3 (BJP),BJP,BJP,NDA,100893,13.64,739657,59.6,False,3,0,0,2019
Madhya Pradesh,Madhya Pradesh PC 18,Candidate 4 (BRS),BRS,BRS,,62039,8.39,739657,77.6,False,4,0,0,2019
Madhya Pradesh,Madhya Pradesh PC 19,Candidate 1 (OTH),OTH,OTH,,210818,24.66,854988,61.3,True,1,1595,0.19,2019
Madhya Pradesh,Madhya Pradesh PC 19,Candidate 2 (IND),IND,IND,,209223,24.47,854988,56.6,False,2,0,0,2019
Madhya Pradesh,Madhya Pradesh PC 19,Candidate 3 (INC),INC,INC,UPA,163844,19.16,854988,74.2,False,3,0,0,2019
Madhya Pradesh,Madhya Pradesh PC 19,Candidate 4 (BRS),BRS,BRS,,153487,17.95,854988,68.7,False,4,0,0,2019
Madhya Pradesh,Madhya Pradesh PC 19,Candidate 5 (BJP),BJP,BJP,NDA,117613,13.76,854988,76.0,False,5,0,0,2019
Madhya Pradesh,Madhya Pradesh PC 20,Candidate 1 (BJP),BJP,BJP,NDA,399241,55.82,715248,59.8,True,1,83235,11.64,2019
Madhya Pradesh,Madhya Pradesh PC 20,Candidate 2 (TMC),TMC,TMC,,316006,44.18,715248,68.0,False,2,0,0,2019
Madhya Pradesh,Madhya Pradesh PC 21,Candidate 1 (IND),IND,IND,,198996,23.65,841305,72.2,True,1,41666,4.95,2019
Madhya Pradesh,Madhya Pradesh PC 21,Candidate 2 (YSR),YSR,YSR,,157330,18.7,841305,56.8,False,2,0,0,2019
Madhya Pradesh,Madhya Pradesh PC 21,Candidate 3 (INC),INC,INC,UPA,140000,16.64,841305,69.2,False,3,0,0,2019
Madhya Pradesh,Madhya Pradesh PC 21,Candidate 4 (TDP),TDP,TDP,,127468,15.15,841305,75.0,False,4,0,0,2019
Madhya Pradesh,Madhya Pradesh PC 21,Candidate 5 (SP),SP,SP,SP-BSP,110228,13.1,841305,64.7,False,5,0,0,2019
Madhya Pradesh,Madhya Pradesh PC 21,Candidate 6 (TMC),TMC,TMC,,107279,12.75,841305,68.0,False,6,0,0,2019
Madhya Pradesh,Madhya Pradesh PC 22,Candidate 1 (BJP),BJP,BJP,NDA,603864,52.08,1159541,59.0,True,1,207463,17.89,2019
Madhya Pradesh,Madhya Pradesh PC 22,Candidate 2 (OTH),OTH,OTH,,396401,34.19,1159541,56.3,False,2,0,0,2019
Madhya Pradesh,Madhya Pradesh PC 22,Candidate 3 (TDP),TDP,TDP,,159274,13.74,1159541,57.2,False,3,0,0,2019
Madhya Pradesh,Madhya Pradesh PC 23,Candidate 1 (BJP),BJP,BJP,NDA,304395,33.86,899080,65.2,True,1,7962,0.89,2019
Madhya Pradesh,Madhya Pradesh PC 23,Candidate 2 (OTH),OTH,OTH,,296433,32.97,899080,63.5,False,2,0,0,2019
Madhya Pradesh,Madhya Pradesh PC 23,Candidate 3 (SP),SP,SP,SP-BSP,220843,24.56,899080,74.0,False,3,0,0,2019
Madhya Pradesh,Madhya Pradesh PC 23,Candidate 4 (INC),INC,INC,UPA,77407,8.61,899080,56.8,False,4,0,0,2019
Madhya Pradesh,Madhya Pradesh PC 24,Candidate 1 (TMC),TMC,TMC,,201805,37.93,532056,55.8,True,1,14585,2.74,2019
Madhya Pradesh,Madhya Pradesh PC 24,Candidate 2 (BJP),BJP,BJP,NDA,187220,35.19,532056,65.7,False,2,0,0,2019
Madhya Pradesh,Madhya Pradesh PC 24,Candidate 3 (SP),SP,SP,SP-BSP,143029,26.88,532056,70.3,False,3,0,0,2019
Madhya Pradesh,Madhya Pradesh PC 25,Candidate 1 (AIADMK),AIADMK,AIADMK,NDA,276096,25.56,1080333,59.3,True,1,3071,0.28,2019
Madhya Pradesh,Madhya Pradesh PC 25,Candidate 2 (BJP),BJP,BJP,NDA,273025,25.27,1080333,59.9,False,2,0,0,2019
Madhya Pradesh,Madhya Pradesh PC 25,Candidate 3 (INC),INC,INC,UPA,223137,20.65,1080333,58.3,False,3,0,0,2019
Madhya Pradesh,Madhya Pradesh PC 25,Candidate 4 (JDU),JDU,JDU,NDA,155972,14.44,1080333,76.9,False,4,0,0,2019
Madhya Pradesh,Madhya Pradesh PC 25,Candidate 5 (OTH),OTH,OTH,,101059,9.35,1080333,72.3,False,5,0,0,2019
Madhya Pradesh,Madhya Pradesh PC 25,Candidate 6 (DMK),DMK,DMK,UPA,51042,4.72,1080333,58.4,False,6,0,0,2019
Madhya Pradesh,Madhya Pradesh PC 26,Candidate 1 (INC),INC,INC,UPA,333283,31.63,1053715,60.6,True,1,9835,0.93,2019
Madhya Pradesh,Madhya Pradesh PC 26,Candidate 2 (BJP),BJP,BJP,NDA,323448,30.7,1053715,62.7,False,2,0,0,2019
Madhya Pradesh,Madhya Pradesh PC 26,Candidate 3 (TMC),TMC,TMC,,237389,22.53,1053715,72.4,False,3,0,0,2019
Madhya Pradesh,Madhya Pradesh PC 26,Candidate 4 (JDU),JDU,JDU,NDA,159593,15.15,1053715,59.9,False,4,0,0,2019
Madhya Pradesh,Madhya Pradesh PC 27,Candidate 1 (BJP),BJP,BJP,NDA,425858,50.89,836886,72.9,True,1,14831,1.77,2019
Madhya Pradesh,Madhya Pradesh PC 27,Candidate 2 (INC),INC,INC,UPA,411027,49.11,836886,65.3,False,2,0,0,2019
Madhya Pradesh,Madhya Pradesh PC 28,Candidate 1 (TMC),TMC,TMC,,329490,30.1,1094728,56.2,True,1,8359,0.76,2019
Madhya Pradesh,Madhya Pradesh PC 28,Candidate 2 (DMK),DMK,DMK,UPA,321131,29.33,1094728,70.5,False,2,0,0,2019
Madhya Pradesh,Madhya Pradesh PC 28,Candidate 3 (SP),SP,SP,SP-BSP,298673,27.28,1094728,74.8,False,3,0,0,2019
Madhya Pradesh,Madhya Pradesh PC 28,Candidate 4 (BJP),BJP,BJP,NDA,145432,13.28,1094728,77.7,False,4,0,0,2019
Madhya Pradesh,Madhya Pradesh PC 29,Candidate 1 (BJP),BJP,BJP,NDA,254768,38.97,653827,60.4,True,1,32987,5.05,2019
Madhya Pradesh,Madhya Pradesh PC 29,Candidate 2 (TMC),TMC,TMC,,221781,33.92,653827,58.9,False,2,0,0,2019
Madhya Pradesh,Madhya Pradesh PC 29,Candidate 3 (JDU),JDU,JDU,NDA,177276,27.11,653827,60.8,False,3,0,0,2019
Rajasthan,Rajasthan PC 1,Candidate 1 (BJP),BJP,BJP,NDA,290626,29.95,970387,59.4,True,1,6918,0.71,2019
Rajasthan,Rajasthan PC 1,Candidate 2 (AIADMK),AIADMK,AIADMK,NDA,283708,29.24,970387,74.7,False,2,0,0,2019
Rajasthan,Rajasthan PC 1,Candidate 3 (YSR),YSR,YSR,,239741,24.71,970387,56.7,False,3,0,0,2019
Rajasthan,Rajasthan PC 1,Candidate 4 (INC),INC,INC,UPA,156309,16.11,970387,68.9,False,4,0,0,2019
Rajasthan,Rajasthan PC 2,Candidate 1 (TMC),TMC,TMC,,302707,67.79,446546,76.7,True,1,217385,48.68,2019
Rajasthan,Rajasthan PC 2,Candidate 2 (BJP),BJP,BJP,NDA,85322,19.11,446546,63.3,False,2,0,0,2019
Rajasthan,Rajasthan PC 2,Candidate 3 (INC),INC,INC,UPA,58516,13.1,446546,63.7,False,3,0,0,2019
Rajasthan,Rajasthan PC 3,Candidate 1 (BJP),BJP,BJP,NDA,298409,28.45,1048962,64.0,True,1,31718,3.02,2019
Rajasthan,Rajasthan PC 3,Candidate 2 (OTH),OTH,OTH,,266691,25.42,1048962,63.4,False,2,0,0,2019
Rajasthan,Rajasthan PC 3,Candidate 3 (TMC),TMC,TMC,,207054,19.74,1048962,73.7,False,3,0,0,2019
Rajasthan,Rajasthan PC 3,Candidate 4 (TDP),TDP,TDP,,147659,14.08,1048962,67.9,False,4,0,0,2019
Rajasthan,Rajasthan PC 3,Candidate 5 (INC),INC,INC,UPA,129147,12.31,1048962,67.4,False,5,0,0,2019
Rajasthan,Rajasthan PC 4,Candidate 1 (BJP),BJP,BJP,NDA,207335,36.59,566644,68.7,True,1,23365,4.12,2019
Rajasthan,Rajasthan PC 4,Candidate 2 (YSR),YSR,YSR,,183970,32.47,566644,73.1,False,2,0,0,2019
Rajasthan,Rajasthan PC 4,Candidate 3 (INC),INC,INC,UPA,110188,19.45,566644,70.2,False,3,0,0,2019
Rajasthan,Rajasthan PC 4,Candidate 4 (SP),SP,SP,SP-BSP,65148,11.5,566644,74.5,False,4,0,0,2019
Rajasthan,Rajasthan PC 5,Candidate 1 (BJP),BJP,BJP,NDA,426043,40.58,1049759,68.0,True,1,118459,11.28,2019
Rajasthan,Rajasthan PC 5,Candidate 2 (INC),INC,INC,UPA,307584,29.3,1049759,59.9,False,2,0,0,2019
Rajasthan,Rajasthan PC 5,Candidate 3 (AIADMK),AIADMK,AIADMK,NDA,198026,18.86,1049759,61.2,False,3,0,0,2019
Rajasthan,Rajasthan PC 5,Candidate 4 (SP),SP,SP,SP-BSP,118104,11.25,1049759,67.6,False,4,0,0,2019
Rajasthan,Rajasthan PC 6,Candidate 1 (BJP),BJP,BJP,NDA,496315,42.34,1172323,67.0,True,1,160209,13.67,2019
Rajasthan,Rajasthan PC 6,Candidate 2 (OTH),OTH,OTH,,336106,28.67,1172323,70.5,False,2,0,0,2019
Rajasthan,Rajasthan PC 6,Candidate 3 (JDU),JDU,JDU,NDA,188563,16.08,1172323,67.2,False,3,0,0,2019
Rajasthan,Rajasthan PC 6,Candidate 4 (BRS),BRS,BRS,,151337,12.91,1172323,75.7,False,4,0,0,2019
Rajasthan,Rajasthan PC 7,Candidate 1 (BJP),BJP,BJP,NDA,407915,37.77,1080094,57.7,True,1,15272,1.41,2019
Rajasthan,Rajasthan PC 7,Candidate 2 (SP),SP,SP,SP-BSP,392643,36.35,1080094,59.7,False,2,0,0,2019
Rajasthan,Rajasthan PC 7,Candidate 3 (IND),IND,IND,,175177,16.22,1080094,62.2,False,3,0,0,2019
Rajasthan,Rajasthan PC 7,Candidate 4 (AIADMK),AIADMK,AIADMK,NDA,104357,9.66,1080094,62.6,False,4,0,0,2019
Rajasthan,Rajasthan PC 8,Candidate 1 (TMC),TMC,TMC,,126051,24.63,511792,70.6,True,1,4527,0.88,2019
Rajasthan,Rajasthan PC 8,Candidate 2 (INC),INC,INC,UPA,121524,23.74,511792,62.8,False,2,0,0,2019
Rajasthan,Rajasthan PC 8,Candidate 3 (BRS),BRS,BRS,,96130,18.78,511792,69.4,False,3,0,0,2019
Rajasthan,Rajasthan PC 8,Candidate 4 (IND),IND,IND,,59325,11.59,511792,72.6,False,4,0,0,2019
Rajasthan,Rajasthan PC 8,Candidate 5 (DMK),DMK,DMK,UPA,55602,10.86,511792,71.9,False,5,0,0,2019
Rajasthan,Rajasthan PC 8,Candidate 6 (TDP),TDP,TDP,,53156,10.39,511792,64.7,False,6,0,0,2019
Rajasthan,Rajasthan PC 9,Candidate 1 (TMC),TMC,TMC,,394885,37.42,1055164,71.3,True,1,8813,0.84,2019
Rajasthan,Rajasthan PC 9,Candidate 2 (IND),IND,IND,,386072,36.59,1055164,68.9,False,2,0,0,2019
Rajasthan,Rajasthan PC 9,Candidate 3 (SP),SP,SP,SP-BSP,219207,20.77,1055164,66.4,False,3,0,0,2019
Rajasthan,Rajasthan PC 9,Candidate 4 (BJP),BJP,BJP,NDA,54998,5.21,1055164,77.6,False,4,0,0,2019
Rajasthan,Rajasthan PC 10,Candidate 1 (BJP),BJP,BJP,NDA,420639,38.44,1094299,61.8,True,1,12421,1.14,2019
Rajasthan,Rajasthan PC 10,Candidate 2 (IND),IND,IND,,408218,37.3,1094299,59.4,False,2,0,0,2019
Rajasthan,Rajasthan PC 10,Candidate 3 (INC),INC,INC,UPA,265441,24.26,1094299,57.5,False,3,0,0,2019
Rajasthan,Rajasthan PC 11,Candidate 1 (BRS),BRS,BRS,,231126,27.37,844345,59.0,True,1,29039,3.44,2019
Rajasthan,Rajasthan PC 11,Candidate 2 (BJP),BJP,BJP,NDA,202087,23.93,844345,55.8,False,2,0,0,2019
Rajasthan,Rajasthan PC 11,Candidate 3 (SP),SP,SP,SP-BSP,182099,21.57,844345,60.3,False,3,0,0,2019
Rajasthan,Rajasthan PC 11,Candidate 4 (TDP),TDP,TDP,,121566,14.4,844345,55.5,False,4,0,0,2019
Rajasthan,Rajasthan PC 11,Candidate 5 (JDU),JDU,JDU,NDA,107466,12.73,844345,61.6,False,5,0,0,2019
Rajasthan,Rajasthan PC 12,Candidate 1 (INC),INC,INC,UPA,115814,27.06,428029,61.5,True,1,9750,2.28,2019
Rajasthan,Rajasthan PC 12,Candidate 2 (BJP),BJP,BJP,NDA,106064,24.78,428029,77.6,False,2,0,0,2019
Rajasthan,Rajasthan PC 12,Candidate 3 (AIADMK),AIADMK,AIADMK,NDA,99193,23.17,428029,70.4,False,3,0,0,2019
Rajasthan,Rajasthan PC 12,Candidate 4 (SP),SP,SP,SP-BSP,88364,20.64,428029,66.8,False,4,0,0,2019
Rajasthan,Rajasthan PC 12,Candidate 5 (TMC),TMC,TMC,,18591,4.34,428029,64.1,False,5,0,0,2019
Rajasthan,Rajasthan PC 13,Candidate 1 (SP),SP,SP,SP-BSP,485123,47.53,1020615,69.5,True,1,183087,17.94,2019
Rajasthan,Rajasthan PC 13,Candidate 2 (AIADMK),AIADMK,AIADMK,NDA,302036,29.59,1020615,70.0,False,2,0,0,2019
Rajasthan,Rajasthan PC 13,Candidate 3 (BJP),BJP,BJP,NDA,160399,15.72,1020615,65.8,False,3,0,0,2019
Rajasthan,Rajasthan PC 13,Candidate 4 (INC),INC,INC,UPA,73055,7.16,1020615,63.7,False,4,0,0,2019
Rajasthan,Rajasthan PC 14,Candidate 1 (INC),INC,INC,UPA,220540,27.94,789276,61.2,True,1,4105,0.52,2019
Rajasthan,Rajasthan PC 14,Candidate 2 (SP),SP,SP,SP-BSP,216435,27.42,789276,65.7,False,2,0,0,2019
Rajasthan,Rajasthan PC 14,Candidate 3 (TMC),TMC,TMC,,152386,19.31,789276,58.4,False,3,0,0,2019
Rajasthan,Rajasthan PC 14,Candidate 4 (OTH),OTH,OTH,,115836,14.68,789276,63.8,False,4,0,0,2019
Rajasthan,Rajasthan PC 14,Candidate 5 (BJP),BJP,BJP,NDA,84077,10.65,789276,61.3,False,5,0,0,2019
Rajasthan,Rajasthan PC 15,Candidate 1 (JDU),JDU,JDU,NDA,280675,37.78,742955,57.9,True,1,60147,8.1,2019
Rajasthan,Rajasthan PC 15,Candidate 2 (TMC),TMC,TMC,,220528,29.68,742955,56.4,False,2,0,0,2019
Rajasthan,Rajasthan PC 15,Candidate 3 (OTH),OTH,OTH,,123350,16.6,742955,63.9,False,3,0,0,2019
Rajasthan,Rajasthan PC 15,Candidate 4 (YSR),YSR,YSR,,118400,15.94,742955,63.4,False,4,0,0,2019
Rajasthan,Rajasthan PC 16,Candidate 1 (TMC),TMC,TMC,,334942,39.37,850720,69.8,True,1,3044,0.36,2019
Rajasthan,Rajasthan PC 16,Candidate 2 (AIADMK),AIADMK,AIADMK,NDA,331898,39.01,850720,74.0,False,2,0,0,2019
Rajasthan,Rajasthan PC 16,Candidate 3 (SP),SP,SP,SP-BSP,139108,16.35,850720,70.4,False,3,0,0,2019
Rajasthan,Rajasthan PC 16,Candidate 4 (BJP),BJP,BJP,NDA,44770,5.26,850720,59.2,False,4,0,0,2019
Rajasthan,Rajasthan PC 17,Candidate 1 (INC),INC,INC,UPA,527741,55.75,946609,60.1,True,1,108874,11.5,2019
Rajasthan,Rajasthan PC 17,Candidate 2 (BJP),BJP,BJP,NDA,418867,44.25,946609,76.9,False,2,0,0,2019
Rajasthan,Rajasthan PC 18,Candidate 1 (BJP),BJP,BJP,NDA,294087,50.05,587610,57.2,True,1,69158,11.77,2019
Rajasthan,Rajasthan PC 18,Candidate 2 (TDP),TDP,TDP,,224929,38.28,587610,57.3,False,2,0,0,2019
Rajasthan,Rajasthan PC 18,Candidate 3 (INC),INC,INC,UPA,68593,11.67,587610,65.3,False,3,0,0,2019
Rajasthan,Rajasthan PC 19,Candidate 1 (INC),INC,INC,UPA,386607,71.78,538598,67.6,True,1,234617,43.56,2019
Rajasthan,Rajasthan PC 19,Candidate 2 (BJP),BJP,BJP,NDA,151990,28.22,538598,61.6,False,2,0,0,2019
Rajasthan,Rajasthan PC 20,Candidate 1 (OTH),OTH,OTH,,185811,37.08,501148,71.1,True,1,4064,0.81,2019
Rajasthan,Rajasthan PC 20,Candidate 2 (BJP),BJP,BJP,NDA,181747,36.27,501148,56.4,False,2,0,0,2019
Rajasthan,Rajasthan PC 20,Candidate 3 (TMC),TMC,TMC,,51734,10.32,501148,76.4,False,3,0,0,2019
Rajasthan,Rajasthan PC 20,Candidate 4 (INC),INC,INC,UPA,50260,10.03,501148,61.9,False,4,0,0,2019
Rajasthan,Rajasthan PC 20,Candidate 5 (AIADMK),AIADMK,AIADMK,NDA,31593,6.3,501148,61.3,False,5,0,0,2019
Rajasthan,Rajasthan PC 21,Candidate 1 (TDP),TDP,TDP,,427272,45.73,934366,70.3,True,1,49846,5.33,2019
Rajasthan,Rajasthan PC 21,Candidate 2 (BJP),BJP,BJP,NDA,377426,40.39,934366,78.0,False,2,0,0,2019
Rajasthan,Rajasthan PC 21,Candidate 3 (INC),INC,INC,UPA,129667,13.88,934366,63.9,False,3,0,0,2019
Rajasthan,Rajasthan PC 22,Candidate 1 (INC),INC,INC,UPA,180328,25.83,698172,67.3,True,1,3251,0.47,2019
Rajasthan,Rajasthan PC 22,Candidate 2 (BJP),BJP,BJP,NDA,177077,25.36,698172,76.3,False,2,0,0,2019
Rajasthan,Rajasthan PC 22,Candidate 3 (IND),IND,IND,,136574,19.56,698172,70.4,False,3,0,0,2019
Rajasthan,Rajasthan PC 22,Candidate 4 (TDP),TDP,TDP,,104923,15.03,698172,55.1,False,4,0,0,2019
Rajasthan,Rajasthan PC 22,Candidate 5 (SP),SP,SP,SP-BSP,99267,14.22,698172,64.0,False,5,0,0,2019
Rajasthan,Rajasthan PC 23,Candidate 1 (INC),INC,INC,UPA,417900,41.08,1017227,61.3,True,1,92202,9.06,2019
Rajasthan,Rajasthan PC 23,Candidate 2 (TDP),TDP,TDP,,325698,32.02,1017227,68.4,False,2,0,0,2019
Rajasthan,Rajasthan PC 23,Candidate 3 (BJP),BJP,BJP,NDA,176019,17.3,1017227,60.5,False,3,0,0,2019
Rajasthan,Rajasthan PC 23,Candidate 4 (DMK),DMK,DMK,UPA,97608,9.6,1017227,70.7,False,4,0,0,2019
Rajasthan,Rajasthan PC 24,Candidate 1 (JDU),JDU,JDU,NDA,501746,49.51,1013370,75.7,True,1,134803,13.3,2019
Rajasthan,Rajasthan PC 24,Candidate 2 (AIADMK),AIADMK,AIADMK,NDA,366943,36.21,1013370,64.7,False,2,0,0,2019
Rajasthan,Rajasthan PC 24,Candidate 3 (INC),INC,INC,UPA,144680,14.28,1013370,56.5,False,3,0,0,2019
Rajasthan,Rajasthan PC 25,Candidate 1 (TMC),TMC,TMC,,194743,30.48,638992,58.1,True,1,40959,6.41,2019
Rajasthan,Rajasthan PC 25,Candidate 2 (BJP),BJP,BJP,NDA,153784,24.07,638992,74.5,False,2,0,0,2019
Rajasthan,Rajasthan PC 25,Candidate 3 (BRS),BRS,BRS,,135319,21.18,638992,70.6,False,3,0,0,2019
Rajasthan,Rajasthan PC 25,Candidate 4 (JDU),JDU,JDU,NDA,86033,13.46,638992,72.8,False,4,0,0,2019
Rajasthan,Rajasthan PC 25,Candidate 5 (OTH),OTH,OTH,,69111,10.82,638992,72.1,False,5,0,0,2019
Karnataka,Karnataka PC 1,Candidate 1 (INC),INC,INC,UPA,189790,45.94,413136,74.3,True,1,86692,20.98,2019
Karnataka,Karnataka PC 1,Candidate 2 (OTH),OTH,OTH,,103098,24.96,413136,67.7,False,2,0,0,2019
Karnataka,Karnataka PC 1,Candidate 3 (BJP),BJP,BJP,NDA,50872,12.31,413136,60.7,False,3,0,0,2019
Karnataka,Karnataka PC 1,Candidate 4 (AIADMK),AIADMK,AIADMK,NDA,47076,11.39,413136,64.8,False,4,0,0,2019
Karnataka,Karnataka PC 1,Candidate 5 (BRS),BRS,BRS,,22298,5.4,413136,63.3,False,5,0,0,2019
Karnataka,Karnataka PC 2,Candidate 1 (BJP),BJP,BJP,NDA,421547,46.86,899673,75.8,True,1,101655,11.3,2019
Karnataka,Karnataka PC 2,Candidate 2 (YSR),YSR,YSR,,319892,35.56,899673,60.2,False,2,0,0,2019
Karnataka,Karnataka PC 2,Candidate 3 (INC),INC,INC,UPA,158233,17.59,899673,62.4,False,3,0,0,2019
Karnataka,Karnataka PC 3,Candidate 1 (BJP),BJP,BJP,NDA,805431,82.93,971206,71.6,True,1,639657,65.86,2019
Karnataka,Karnataka PC 3,Candidate 2 (SP),SP,SP,SP-BSP,165774,17.07,971206,76.9,False,2,0,0,2019
Karnataka,Karnataka PC 4,Candidate 1 (BJP),BJP,BJP,NDA,271575,29.29,927134,72.0,True,1,52288,5.64,2019
Karnataka,Karnataka PC 4,Candidate 2 (DMK),DMK,DMK,UPA,219287,23.65,927134,59.8,False,2,0,0,2019
Karnataka,Karnataka PC 4,Candidate 3 (TMC),TMC,TMC,,219123,23.63,927134,69.8,False,3,0,0,2019
Karnataka,Karnataka PC 4,Candidate 4 (INC),INC,INC,UPA,217148,23.42,927134,63.9,False,4,0,0,2019
Karnataka,Karnataka PC 5,Candidate 1 (INC),INC,INC,UPA,230312,43.25,532541,56.9,True,1,44257,8.31,2019
Karnataka,Karnataka PC 5,Candidate 2 (BJP),BJP,BJP,NDA,186055,34.94,532541,62.1,False,2,0,0,2019
Karnataka,Karnataka PC 5,Candidate 3 (TMC),TMC,TMC,,116173,21.81,532541,65.3,False,3,0,0,2019
Karnataka,Karnataka PC 6,Candidate 1 (BJP),BJP,BJP,NDA,499918,41.97,1191048,76.8,True,1,41482,3.48,2019
Karnataka,Karnataka PC 6,Candidate 2 (IND),IND,IND,,458436,38.49,1191048,72.1,False,2,0,0,2019
Karnataka,Karnataka PC 6,Candidate 3 (TMC),TMC,TMC,,232693,19.54,1191048,56.0,False,3,0,0,2019
Karnataka,Karnataka PC 7,Candidate 1 (OTH),OTH,OTH,,216283,30.92,699480,60.3,True,1,51822,7.41,2019
Karnataka,Karnataka PC 7,Candidate 2 (SP),SP,SP,SP-BSP,164461,23.51,699480,71.0,False,2,0,0,2019
Karnataka,Karnataka PC 7,Candidate 3 (DMK),DMK,DMK,UPA,142955,20.44,699480,55.8,False,3,0,0,2019
Karnataka,Karnataka PC 7,Candidate 4 (BJP),BJP,BJP,NDA,122545,17.52,699480,70.5,False,4,0,0,2019
Karnataka,Karnataka PC 7,Candidate 5 (BRS),BRS,BRS,,53233,7.61,699480,74.0,False,5,0,0,2019
Karnataka,Karnataka PC 8,Candidate 1 (BRS),BRS,BRS,,681267,68.91,988576,72.6,True,1,373959,37.83,2019
Karnataka,Karnataka PC 8,Candidate 2 (BJP),BJP,BJP,NDA,307308,31.09,988576,72.6,False,2,0,0,2019
Karnataka,Karnataka PC 9,Candidate 1 (OTH),OTH,OTH,,434358,52.66,824887,56.1,True,1,211719,25.67,2019
Karnataka,Karnataka PC 9,Candidate 2 (BJP),BJP,BJP,NDA,222639,26.99,824887,73.9,False,2,0,0,2019
Karnataka,Karnataka PC 9,Candidate 3 (INC),INC,INC,UPA,167888,20.35,824887,78.0,False,3,0,0,2019
Karnataka,Karnataka PC 10,Candidate 1 (JDU),JDU,JDU,NDA,235028,52.93,444051,59.4,True,1,105557,23.77,2019
Karnataka,Karnataka PC 10,Candidate 2 (BJP),BJP,BJP,NDA,129471,29.16,444051,68.3,False,2,0,0,2019
Karnataka,Karnataka PC 10,Candidate 3 (TMC),TMC,TMC,,79550,17.91,444051,76.4,False,3,0,0,2019
Karnataka,Karnataka PC 11,Candidate 1 (INC),INC,INC,UPA,159024,23.97,663450,57.0,True,1,7408,1.12,2019
Karnataka,Karnataka PC 11,Candidate 2 (TMC),TMC,TMC,,151616,22.85,663450,59.7,False,2,0,0,2019
Karnataka,Karnataka PC 11,Candidate 3 (OTH),OTH,OTH,,126439,19.06,663450,69.6,False,3,0,0,2019
Karnataka,Karnataka PC 11,Candidate 4 (DMK),DMK,DMK,UPA,119194,17.97,663450,61.6,False,4,0,0,2019
Karnataka,Karnataka PC 11,Candidate 5 (BJP),BJP,BJP,NDA,107175,16.15,663450,61.4,False,5,0,0,2019
Karnataka,Karnataka PC 12,Candidate 1 (IND),IND,IND,,257010,37.4,687111,73.9,True,1,48404,7.04,2019
Karnataka,Karnataka PC 12,Candidate 2 (BJP),BJP,BJP,NDA,208606,30.36,687111,74.5,False,2,0,0,2019
Karnataka,Karnataka PC 12,Candidate 3 (BRS),BRS,BRS,,133879,19.48,687111,61.4,False,3,0,0,2019
Karnataka,Karnataka PC 12,Candidate 4 (INC),INC,INC,UPA,51518,7.5,687111,58.3,False,4,0,0,2019
Karnataka,Karnataka PC 12,Candidate 5 (AIADMK),AIADMK,AIADMK,NDA,36095,5.25,687111,68.3,False,5,0,0,2019
Karnataka,Karnataka PC 13,Candidate 1 (TMC),TMC,TMC,,184053,41.22,446568,75.8,True,1,31305,7.01,2019
Karnataka,Karnataka PC 13,Candidate 2 (BJP),BJP,BJP,NDA,152748,34.2,446568,57.7,False,2,0,0,2019
Karnataka,Karnataka PC 13,Candidate 3 (YSR),YSR,YSR,,109766,24.58,446568,59.5,False,3,0,0,2019
Karnataka,Karnataka PC 14,Candidate 1 (DMK),DMK,DMK,UPA,338753,35.48,954719,66.2,True,1,77905,8.16,2019
Karnataka,Karnataka PC 14,Candidate 2 (BJP),BJP,BJP,NDA,260848,27.32,954719,55.3,False,2,0,0,2019
Karnataka,Karnataka PC 14,Candidate 3 (YSR),YSR,YSR,,258899,27.12,954719,69.4,False,3,0,0,2019
Karnataka,Karnataka PC 14,Candidate 4 (SP),SP,SP,SP-BSP,96217,10.08,954719,68.0,False,4,0,0,2019
Karnataka,Karnataka PC 15,Candidate 1 (BJP),BJP,BJP,NDA,385730,35.73,1079656,57.0,True,1,99797,9.24,2019
Karnataka,Karnataka PC 15,Candidate 2 (INC),INC,INC,UPA,285933,26.48,1079656,55.6,False,2,0,0,2019
Karnataka,Karnataka PC 15,Candidate 3 (DMK),DMK,DMK,UPA,236804,21.93,1079656,63.1,False,3,0,0,2019
Karnataka,Karnataka PC 15,Candidate 4 (OTH),OTH,OTH,,171187,15.86,1079656,63.9,False,4,0,0,2019
Karnataka,Karnataka PC 16,Candidate 1 (JDU),JDU,JDU,NDA,185143,35.78,517504,75.8,True,1,20989,4.06,2019
Karnataka,Karnataka PC 16,Candidate 2 (AIADMK),AIADMK,AIADMK,NDA,164154,31.72,517504,76.9,False,2,0,0,2019
Karnataka,Karnataka PC 16,Candidate 3 (BJP),BJP,BJP,NDA,143809,27.79,517504,60.8,False,3,0,0,2019
Karnataka,Karnataka PC 16,Candidate 4 (SP),SP,SP,SP-BSP,24396,4.71,517504,69.8,False,4,0,0,2019
Karnataka,Karnataka PC 17,Candidate 1 (TDP),TDP,TDP,,407173,48.36,841877,71.5,True,1,278591,33.09,2019
Karnataka,Karnataka PC 17,Candidate 2 (BJP),BJP,BJP,NDA,128582,15.27,841877,72.2,False,2,0,0,2019
Karnataka,Karnataka PC 17,Candidate 3 (DMK),DMK,DMK,UPA,111465,13.24,841877,69.9,False,3,0,0,2019
Karnataka,Karnataka PC 17,Candidate 4 (INC),INC,INC,UPA,98999,11.76,841877,77.4,False,4,0,0,2019
Karnataka,Karnataka PC 17,Candidate 5 (BRS),BRS,BRS,,95655,11.36,841877,56.6,False,5,0,0,2019
Karnataka,Karnataka PC 18,Candidate 1 (BJP),BJP,BJP,NDA,218630,46.98,465399,69.0,True,1,57832,12.43,2019
Karnataka,Karnataka PC 18,Candidate 2 (TMC),TMC,TMC,,160798,34.55,465399,69.6,False,2,0,0,2019
Karnataka,Karnataka PC 18,Candidate 3 (DMK),DMK,DMK,UPA,85969,18.47,465399,61.8,False,3,0,0,2019
Karnataka,Karnataka PC 19,Candidate 1 (INC),INC,INC,UPA,170632,28.18,605517,69.5,True,1,2437,0.4,2019
Karnataka,Karnataka PC 19,Candidate 2 (AIADMK),AIADMK,AIADMK,NDA,168195,27.78,605517,66.6,False,2,0,0,2019
Karnataka,Karnataka PC 19,Candidate 3 (JDU),JDU,JDU,NDA,141650,23.39,605517,67.2,False,3,0,0,2019
Karnataka,Karnataka PC 19,Candidate 4 (DMK),DMK,DMK,UPA,63335,10.46,605517,68.0,False,4,0,0,2019
Karnataka,Karnataka PC 19,Candidate 5 (BJP),BJP,BJP,NDA,61702,10.19,605517,61.9,False,5,0,0,2019
Karnataka,Karnataka PC 20,Candidate 1 (BRS),BRS,BRS,,253659,24.31,1043329,56.0,True,1,3120,0.3,2019
Karnataka,Karnataka PC 20,Candidate 2 (AIADMK),AIADMK,AIADMK,NDA,250539,24.01,1043329,62.6,False,2,0,0,2019
Karnataka,Karnataka PC 20,Candidate 3 (SP),SP,SP,SP-BSP,219593,21.05,1043329,66.4,False,3,0,0,2019
Karnataka,Karnataka PC 20,Candidate 4 (TMC),TMC,TMC,,186690,17.89,1043329,74.2,False,4,0,0,2019
Karnataka,Karnataka PC 20,Candidate 5 (INC),INC,INC,UPA,132845,12.73,1043329,59.5,False,5,0,0,2019
Karnataka,Karnataka PC 21,Candidate 1 (BJP),BJP,BJP,NDA,520180,51.73,1005665,66.5,True,1,34696,3.45,2019
Karnataka,Karnataka PC 21,Candidate 2 (INC),INC,INC,UPA,485484,48.27,1005665,71.7,False,2,0,0,2019
Karnataka,Karnataka PC 22,Candidate 1 (YSR),YSR,YSR,,259938,29.71,874938,76.7,True,1,21483,2.46,2019
Karnataka,Karnataka PC 22,Candidate 2 (BJP),BJP,BJP,NDA,238455,27.25,874938,64.9,False,2,0,0,2019
Karnataka,Karnataka PC 22,Candidate 3 (INC),INC,INC,UPA,224951,25.71,874938,70.5,False,3,0,0,2019
Karnataka,Karnataka PC 22,Candidate 4 (IND),IND,IND,,151592,17.33,874938,66.1,False,4,0,0,2019
Karnataka,Karnataka PC 23,Candidate 1 (INC),INC,INC,UPA,338841,35.09,965576,64.2,True,1,27584,2.86,2019
Karnataka,Karnataka PC 23,Candidate 2 (TDP),TDP,TDP,,311257,32.24,965576,76.8,False,2,0,0,2019
Karnataka,Karnataka PC 23,Candidate 3 (BJP),BJP,BJP,NDA,142832,14.79,965576,62.0,False,3,0,0,2019
Karnataka,Karnataka PC 23,Candidate 4 (TMC),TMC,TMC,,100038,10.36,965576,72.5,False,4,0,0,2019
Karnataka,Karnataka PC 23,Candidate 5 (JDU),JDU,JDU,NDA,72606,7.52,965576,73.5,False,5,0,0,2019
Karnataka,Karnataka PC 24,Candidate 1 (BJP),BJP,BJP,NDA,365883,41.54,880753,67.8,True,1,64907,7.37,2019
Karnataka,Karnataka PC 24,Candidate 2 (JDU),JDU,JDU,NDA,300976,34.17,880753,61.1,False,2,0,0,2019
Karnataka,Karnataka PC 24,Candidate 3 (YSR),YSR,YSR,,123860,14.06,880753,73.5,False,3,0,0,2019
Karnataka,Karnataka PC 24,Candidate 4 (OTH),OTH,OTH,,90031,10.22,880753,65.1,False,4,0,0,2019
Karnataka,Karnataka PC 25,Candidate 1 (BJP),BJP,BJP,NDA,739484,85.31,866862,61.3,True,1,612107,70.61,2019
Karnataka,Karnataka PC 25,Candidate 2 (INC),INC,INC,UPA,127377,14.69,866862,70.4,False,2,0,0,2019
Karnataka,Karnataka PC 26,Candidate 1 (INC),INC,INC,UPA,333417,30.85,1080690,64.7,True,1,26487,2.45,2019
Karnataka,Karnataka PC 26,Candidate 2 (DMK),DMK,DMK,UPA,306930,28.4,1080690,71.3,False,2,0,0,2019
Karnataka,Karnataka PC 26,Candidate 3 (SP),SP,SP,SP-BSP,283949,26.27,1080690,55.1,False,3,0,0,2019
Karnataka,Karnataka PC 26,Candidate 4 (TMC),TMC,TMC,,99949,9.25,1080690,61.2,False,4,0,0,2019
Karnataka,Karnataka PC 26,Candidate 5 (BJP),BJP,BJP,NDA,56442,5.22,1080690,60.0,False,5,0,0,2019
Karnataka,Karnataka PC 27,Candidate 1 (DMK),DMK,DMK,UPA,447605,46.91,954133,59.5,True,1,34999,3.67,2019
Karnataka,Karnataka PC 27,Candidate 2 (BJP),BJP,BJP,NDA,412606,43.24,954133,60.1,False,2,0,0,2019
Karnataka,Karnataka PC 27,Candidate 3 (IND),IND,IND,,93920,9.84,954133,62.8,False,3,0,0,2019
Karnataka,Karnataka PC 28,Candidate 1 (BRS),BRS,BRS,,291511,41.31,705750,62.6,True,1,78654,11.14,2019
Karnataka,Karnataka PC 28,Candidate 2 (BJP),BJP,BJP,NDA,212857,30.16,705750,66.7,False,2,0,0,2019
Karnataka,Karnataka PC 28,Candidate 3 (INC),INC,INC,UPA,201380,28.53,705750,60.4,False,3,0,0,2019
Gujarat,Gujarat PC 1,Candidate 1 (BJP),BJP,BJP,NDA,434314,42.39,1024500,60.6,True,1,53542,5.23,2019
Gujarat,Gujarat PC 1,Candidate 2 (OTH),OTH,OTH,,380772,37.17,1024500,69.1,False,2,0,0,2019
Gujarat,Gujarat PC 1,Candidate 3 (INC),INC,INC,UPA,209413,20.44,1024500,74.0,False,3,0,0,2019
Gujarat,Gujarat PC 2,Candidate 1 (SP),SP,SP,SP-BSP,342393,33.04,1036164,63.0,True,1,18703,1.81,2019
Gujarat,Gujarat PC 2,Candidate 2 (OTH),OTH,OTH,,323690,31.24,1036164,75.2,False,2,0,0,2019
Gujarat,Gujarat PC 2,Candidate 3 (BJP),BJP,BJP,NDA,271324,26.19,1036164,58.4,False,3,0,0,2019
Gujarat,Gujarat PC 2,Candidate 4 (TDP),TDP,TDP,,98755,9.53,1036164,58.0,False,4,0,0,2019
Gujarat,Gujarat PC 3,Candidate 1 (AIADMK),AIADMK,AIADMK,NDA,126708,22.73,557418,55.9,True,1,18951,3.4,2019
Gujarat,Gujarat PC 3,Candidate 2 (BRS),BRS,BRS,,107757,19.33,557418,59.0,False,2,0,0,2019
Gujarat,Gujarat PC 3,Candidate 3 (JDU),JDU,JDU,NDA,103369,18.54,557418,72.7,False,3,0,0,2019
Gujarat,Gujarat PC 3,Candidate 4 (BJP),BJP,BJP,NDA,101991,18.3,557418,77.1,False,4,0,0,2019
Gujarat,Gujarat PC 3,Candidate 5 (TMC),TMC,TMC,,94372,16.93,557418,69.3,False,5,0,0,2019
Gujarat,Gujarat PC 3,Candidate 6 (YSR),YSR,YSR,,23218,4.17,557418,56.5,False,6,0,0,2019
Gujarat,Gujarat PC 4,Candidate 1 (JDU),JDU,JDU,NDA,180796,33.33,542430,70.9,True,1,21090,3.89,2019
Gujarat,Gujarat PC 4,Candidate 2 (BJP),BJP,BJP,NDA,159706,29.44,542430,56.8,False,2,0,0,2019
Gujarat,Gujarat PC 4,Candidate 3 (INC),INC,INC,UPA,153490,28.3,542430,59.7,False,3,0,0,2019
Gujarat,Gujarat PC 4,Candidate 4 (SP),SP,SP,SP-BSP,48436,8.93,542430,64.0,False,4,0,0,2019
Gujarat,Gujarat PC 5,Candidate 1 (BJP),BJP,BJP,NDA,242936,26.95,901466,77.7,True,1,34811,3.86,2019
Gujarat,Gujarat PC 5,Candidate 2 (DMK),DMK,DMK,UPA,208125,23.09,901466,70.1,False,2,0,0,2019
Gujarat,Gujarat PC 5,Candidate 3 (BRS),BRS,BRS,,163149,18.1,901466,59.2,False,3,0,0,2019
Gujarat,Gujarat PC 5,Candidate 4 (TMC),TMC,TMC,,145028,16.09,901466,70.3,False,4,0,0,2019
Gujarat,Gujarat PC 5,Candidate 5 (INC),INC,INC,UPA,142226,15.78,901466,70.5,False,5,0,0,2019
Gujarat,Gujarat PC 6,Candidate 1 (TMC),TMC,TMC,,324186,34.88,929402,64.7,True,1,78348,8.43,2019
Gujarat,Gujarat PC 6,Candidate 2 (TDP),TDP,TDP,,245838,26.45,929402,61.4,False,2,0,0,2019
Gujarat,Gujarat PC 6,Candidate 3 (IND),IND,IND,,236012,25.39,929402,63.6,False,3,0,0,2019
Gujarat,Gujarat PC 6,Candidate 4 (BJP),BJP,BJP,NDA,123364,13.27,929402,69.7,False,4,0,0,2019
Gujarat,Gujarat PC 7,Candidate 1 (OTH),OTH,OTH,,315519,30.13,1047230,60.9,True,1,62278,5.95,2019
Gujarat,Gujarat PC 7,Candidate 2 (IND),IND,IND,,253241,24.18,1047230,74.7,False,2,0,0,2019
Gujarat,Gujarat PC 7,Candidate 3 (BRS),BRS,BRS,,213686,20.4,1047230,77.6,False,3,0,0,2019
Gujarat,Gujarat PC 7,Candidate 4 (INC),INC,INC,UPA,202639,19.35,1047230,70.5,False,4,0,0,2019
Gujarat,Gujarat PC 7,Candidate 5 (BJP),BJP,BJP,NDA,62143,5.93,1047230,75.9,False,5,0,0,2019
Gujarat,Gujarat PC 8,Candidate 1 (BJP),BJP,BJP,NDA,449285,40.86,1099520,67.6,True,1,68327,6.21,2019
Gujarat,Gujarat PC 8,Candidate 2 (TDP),TDP,TDP,,380958,34.65,1099520,72.3,False,2,0,0,2019
Gujarat,Gujarat PC 8,Candidate 3 (INC),INC,INC,UPA,269275,24.49,1099520,77.9,False,3,0,0,2019
Gujarat,Gujarat PC 9,Candidate 1 (OTH),OTH,OTH,,195739,29.42,665305,77.1,True,1,2363,0.36,2019
Gujarat,Gujarat PC 9,Candidate 2 (BRS),BRS,BRS,,193376,29.07,665305,67.5,False,2,0,0,2019
Gujarat,Gujarat PC 9,Candidate 3 (BJP),BJP,BJP,NDA,140634,21.14,665305,68.8,False,3,0,0,2019
Gujarat,Gujarat PC 9,Candidate 4 (TMC),TMC,TMC,,101390,15.24,665305,72.7,False,4,0,0,2019
Gujarat,Gujarat PC 9,Candidate 5 (YSR),YSR,YSR,,34164,5.14,665305,63.6,False,5,0,0,2019
Gujarat,Gujarat PC 10,Candidate 1 (INC),INC,INC,UPA,133357,26.03,512357,69.0,True,1,13333,2.6,2019
Gujarat,Gujarat PC 10,Candidate 2 (BRS),BRS,BRS,,120024,23.43,512357,56.7,False,2,0,0,2019
Gujarat,Gujarat PC 10,Candidate 3 (BJP),BJP,BJP,NDA,100243,19.57,512357,63.0,False,3,0,0,2019
Gujarat,Gujarat PC 10,Candidate 4 (TMC),TMC,TMC,,70693,13.8,512357,72.2,False,4,0,0,2019
Gujarat,Gujarat PC 10,Candidate 5 (YSR),YSR,YSR,,53867,10.51,512357,66.7,False,5,0,0,2019
Gujarat,Gujarat PC 10,Candidate 6 (DMK),DMK,DMK,UPA,34170,6.67,512357,65.1,False,6,0,0,2019
Gujarat,Gujarat PC 11,Candidate 1 (YSR),YSR,YSR,,490242,74.89,654597,61.1,True,1,325888,49.78,2019
Gujarat,Gujarat PC 11,Candidate 2 (BJP),BJP,BJP,NDA,164354,25.11,654597,72.9,False,2,0,0,2019
Gujarat,Gujarat PC 12,Candidate 1 (INC),INC,INC,UPA,212179,48.99,433089,72.0,True,1,73756,17.03,2019
Gujarat,Gujarat PC 12,Candidate 2 (YSR),YSR,YSR,,138423,31.96,433089,60.7,False,2,0,0,2019
Gujarat,Gujarat PC 12,Candidate 3 (BJP),BJP,BJP,NDA,82485,19.05,433089,74.4,False,3,0,0,2019
Gujarat,Gujarat PC 13,Candidate 1 (TDP),TDP,TDP,,385480,33.46,1152127,74.2,True,1,61551,5.34,2019
Gujarat,Gujarat PC 13,Candidate 2 (AIADMK),AIADMK,AIADMK,NDA,323929,28.12,1152127,64.3,False,2,0,0,2019
Gujarat,Gujarat PC 13,Candidate 3 (INC),INC,INC,UPA,292734,25.41,1152127,55.5,False,3,0,0,2019
Gujarat,Gujarat PC 13,Candidate 4 (DMK),DMK,DMK,UPA,93353,8.1,1152127,59.8,False,4,0,0,2019
Gujarat,Gujarat PC 13,Candidate 5 (BJP),BJP,BJP,NDA,56628,4.92,1152127,64.2,False,5,0,0,2019
Gujarat,Gujarat PC 14,Candidate 1 (AIADMK),AIADMK,AIADMK,NDA,484610,46.18,1049328,61.2,True,1,164022,15.63,2019
Gujarat,Gujarat PC 14,Candidate 2 (BJP),BJP,BJP,NDA,320588,30.55,1049328,66.3,False,2,0,0,2019
Gujarat,Gujarat PC 14,Candidate 3 (YSR),YSR,YSR,,244128,23.27,1049328,67.1,False,3,0,0,2019
Gujarat,Gujarat PC 15,Candidate 1 (INC),INC,INC,UPA,193146,38.51,501556,61.4,True,1,32770,6.53,2019
Gujarat,Gujarat PC 15,Candidate 2 (SP),SP,SP,SP-BSP,160376,31.98,501556,70.2,False,2,0,0,2019
Gujarat,Gujarat PC 15,Candidate 3 (BJP),BJP,BJP,NDA,116530,23.23,501556,61.1,False,3,0,0,2019
Gujarat,Gujarat PC 15,Candidate 4 (OTH),OTH,OTH,,31502,6.28,501556,62.6,False,4,0,0,2019
Gujarat,Gujarat PC 16,Candidate 1 (INC),INC,INC,UPA,472820,52.52,900209,56.4,True,1,45432,5.05,2019
Gujarat,Gujarat PC 16,Candidate 2 (BJP),BJP,BJP,NDA,427388,47.48,900209,75.5,False,2,0,0,2019
Gujarat,Gujarat PC 17,Candidate 1 (TDP),TDP,TDP,,313075,26.78,1169169,65.0,True,1,5250,0.45,2019
Gujarat,Gujarat PC 17,Candidate 2 (SP),SP,SP,SP-BSP,307825,26.33,1169169,59.9,False,2,0,0,2019
Gujarat,Gujarat PC 17,Candidate 3 (TMC),TMC,TMC,,281072,24.04,1169169,70.3,False,3,0,0,2019
Gujarat,Gujarat PC 17,Candidate 4 (IND),IND,IND,,150080,12.84,1169169,77.5,False,4,0,0,2019
Gujarat,Gujarat PC 17,Candidate 5 (BJP),BJP,BJP,NDA,117114,10.02,1169169,73.2,False,5,0,0,2019
Gujarat,Gujarat PC 18,Candidate 1 (BRS),BRS,BRS,,300087,35.98,834006,64.6,True,1,47307,5.67,2019
Gujarat,Gujarat PC 18,Candidate 2 (BJP),BJP,BJP,NDA,252780,30.31,834006,75.2,False,2,0,0,2019
Gujarat,Gujarat PC 18,Candidate 3 (TMC),TMC,TMC,,226078,27.11,834006,77.0,False,3,0,0,2019
Gujarat,Gujarat PC 18,Candidate 4 (DMK),DMK,DMK,UPA,55059,6.6,834006,73.5,False,4,0,0,2019
Gujarat,Gujarat PC 19,Candidate 1 (BJP),BJP,BJP,NDA,241155,34.88,691410,72.0,True,1,20162,2.92,2019
Gujarat,Gujarat PC 19,Candidate 2 (BRS),BRS,BRS,,220993,31.96,691410,60.0,False,2,0,0,2019
Gujarat,Gujarat PC 19,Candidate 3 (TMC),TMC,TMC,,172099,24.89,691410,77.5,False,3,0,0,2019
Gujarat,Gujarat PC 19,Candidate 4 (INC),INC,INC,UPA,57161,8.27,691410,74.2,False,4,0,0,2019
Gujarat,Gujarat PC 20,Candidate 1 (TMC),TMC,TMC,,444761,43.67,1018429,64.2,True,1,146674,14.4,2019
Gujarat,Gujarat PC 20,Candidate 2 (BJP),BJP,BJP,NDA,298087,29.27,1018429,72.9,False,2,0,0,2019
Gujarat,Gujarat PC 20,Candidate 3 (JDU),JDU,JDU,NDA,275579,27.06,1018429,71.0,False,3,0,0,2019
Gujarat,Gujarat PC 21,Candidate 1 (TMC),TMC,TMC,,197064,33.03,596613,76.4,True,1,8236,1.38,2019
Gujarat,Gujarat PC 21,Candidate 2 (BRS),BRS,BRS,,188828,31.65,596613,72.5,False,2,0,0,2019
Gujarat,Gujarat PC 21,Candidate 3 (DMK),DMK,DMK,UPA,131177,21.99,596613,67.5,False,3,0,0,2019
Gujarat,Gujarat PC 21,Candidate 4 (JDU),JDU,JDU,NDA,79542,13.33,596613,60.5,False,4,0,0,2019
Gujarat,Gujarat PC 22,Candidate 1 (TMC),TMC,TMC,,160387,35.68,449547,73.7,True,1,7491,1.67,2019
Gujarat,Gujarat PC 22,Candidate 2 (BJP),BJP,BJP,NDA,152896,34.01,449547,67.6,False,2,0,0,2019
Gujarat,Gujarat PC 22,Candidate 3 (AIADMK),AIADMK,AIADMK,NDA,136262,30.31,449547,71.2,False,3,0,0,2019
Gujarat,Gujarat PC 23,Candidate 1 (BJP),BJP,BJP,NDA,207520,38.04,545519,77.9,True,1,631,0.12,2019
Gujarat,Gujarat PC 23,Candidate 2 (SP),SP,SP,SP-BSP,206889,37.93,545519,65.7,False,2,0,0,2019
Gujarat,Gujarat PC 23,Candidate 3 (TMC),TMC,TMC,,131109,24.03,545519,71.8,False,3,0,0,2019
Gujarat,Gujarat PC 24,Candidate 1 (BJP),BJP,BJP,NDA,374837,79.15,473562,65.1,True,1,276113,58.31,2019
Gujarat,Gujarat PC 24,Candidate 2 (INC),INC,INC,UPA,98724,20.85,473562,62.0,False,2,0,0,2019
Gujarat,Gujarat PC 25,Candidate 1 (TMC),TMC,TMC,,519733,50.34,1032455,66.1,True,1,130126,12.6,2019
Gujarat,Gujarat PC 25,Candidate 2 (BJP),BJP,BJP,NDA,389607,37.74,1032455,75.8,False,2,0,0,2019
Gujarat,Gujarat PC 25,Candidate 3 (INC),INC,INC,UPA,123114,11.92,1032455,55.1,False,3,0,0,2019
Gujarat,Gujarat PC 26,Candidate 1 (DMK),DMK,DMK,UPA,131592,30.44,432280,61.4,True,1,2612,0.6,2019
Gujarat,Gujarat PC 26,Candidate 2 (INC),INC,INC,UPA,128980,29.84,432280,73.1,False,2,0,0,2019
Gujarat,Gujarat PC 26,Candidate 3 (BJP),BJP,BJP,NDA,127202,29.43,432280,69.3,False,3,0,0,2019
Gujarat,Gujarat PC 26,Candidate 4 (SP),SP,SP,SP-BSP,44504,10.3,432280,68.7,False,4,0,0,2019
Andhra Pradesh,Andhra Pradesh PC 1,Candidate 1 (TMC),TMC,TMC,,147936,36.98,400098,66.1,True,1,24618,6.15,2019
Andhra Pradesh,Andhra Pradesh PC 1,Candidate 2 (INC),INC,INC,UPA,123318,30.82,400098,73.4,False,2,0,0,2019
Andhra Pradesh,Andhra Pradesh PC 1,Candidate 3 (OTH),OTH,OTH,,83725,20.93,400098,73.7,False,3,0,0,2019
Andhra Pradesh,Andhra Pradesh PC 1,Candidate 4 (DMK),DMK,DMK,UPA,45117,11.28,400098,58.9,False,4,0,0,2019
Andhra Pradesh,Andhra Pradesh PC 2,Candidate 1 (TMC),TMC,TMC,,439829,42.55,1033717,65.4,True,1,31373,3.03,2019
Andhra Pradesh,Andhra Pradesh PC 2,Candidate 2 (BJP),BJP,BJP,NDA,408456,39.51,1033717,60.6,False,2,0,0,2019
Andhra Pradesh,Andhra Pradesh PC 2,Candidate 3 (SP),SP,SP,SP-BSP,134886,13.05,1033717,59.8,False,3,0,0,2019
Andhra Pradesh,Andhra Pradesh PC 2,Candidate 4 (IND),IND,IND,,50544,4.89,1033717,67.6,False,4,0,0,2019
Andhra Pradesh,Andhra Pradesh PC 3,Candidate 1 (INC),INC,INC,UPA,263354,38.32,687295,57.5,True,1,63753,9.28,2019
Andhra Pradesh,Andhra Pradesh PC 3,Candidate 2 (OTH),OTH,OTH,,199601,29.04,687295,55.9,False,2,0,0,2019
Andhra Pradesh,Andhra Pradesh PC 3,Candidate 3 (BJP),BJP,BJP,NDA,137673,20.03,687295,64.3,False,3,0,0,2019
Andhra Pradesh,Andhra Pradesh PC 3,Candidate 4 (IND),IND,IND,,86665,12.61,687295,60.7,False,4,0,0,2019
Andhra Pradesh,Andhra Pradesh PC 4,Candidate 1 (OTH),OTH,OTH,,198641,36.49,544299,72.4,True,1,21605,3.97,2019
Andhra Pradesh,Andhra Pradesh PC 4,Candidate 2 (DMK),DMK,DMK,UPA,177036,32.53,544299,72.7,False,2,0,0,2019
Andhra Pradesh,Andhra Pradesh PC 4,Candidate 3 (JDU),JDU,JDU,NDA,109712,20.16,544299,60.3,False,3,0,0,2019
Andhra Pradesh,Andhra Pradesh PC 4,Candidate 4 (INC),INC,INC,UPA,35283,6.48,544299,68.8,False,4,0,0,2019
Andhra Pradesh,Andhra Pradesh PC 4,Candidate 5 (TMC),TMC,TMC,,23625,4.34,544299,70.7,False,5,0,0,2019
Andhra Pradesh,Andhra Pradesh PC 5,Candidate 1 (BJP),BJP,BJP,NDA,186961,36.47,512685,74.3,True,1,59553,11.62,2019
Andhra Pradesh,Andhra Pradesh PC 5,Candidate 2 (TDP),TDP,TDP,,127408,24.85,512685,77.4,False,2,0,0,2019
Andhra Pradesh,Andhra Pradesh PC 5,Candidate 3 (SP),SP,SP,SP-BSP,99710,19.45,512685,70.4,False,3,0,0,2019
Andhra Pradesh,Andhra Pradesh PC 5,Candidate 4 (TMC),TMC,TMC,,98604,19.23,512685,77.4,False,4,0,0,2019
Andhra Pradesh,Andhra Pradesh PC 6,Candidate 1 (INC),INC,INC,UPA,118173,25.04,471890,71.1,True,1,18536,3.93,2019
Andhra Pradesh,Andhra Pradesh PC 6,Candidate 2 (BJP),BJP,BJP,NDA,99637,21.11,471890,60.6,False,2,0,0,2019
Andhra Pradesh,Andhra Pradesh PC 6,Candidate 3 (DMK),DMK,DMK,UPA,89857,19.04,471890,59.2,False,3,0,0,2019
Andhra Pradesh,Andhra Pradesh PC 6,Candidate 4 (BRS),BRS,BRS,,85905,18.2,471890,65.0,False,4,0,0,2019
Andhra Pradesh,Andhra Pradesh PC 6,Candidate 5 (TMC),TMC,TMC,,78316,16.6,471890,72.5,False,5,0,0,2019
Andhra Pradesh,Andhra Pradesh PC 7,Candidate 1 (BJP),BJP,BJP,NDA,424641,45.42,934848,58.0,True,1,99245,10.62,2019
Andhra Pradesh,Andhra Pradesh PC 7,Candidate 2 (DMK),DMK,DMK,UPA,325396,34.81,934848,61.9,False,2,0,0,2019
Andhra Pradesh,Andhra Pradesh PC 7,Candidate 3 (JDU),JDU,JDU,NDA,184809,19.77,934848,63.0,False,3,0,0,2019
Andhra Pradesh,Andhra Pradesh PC 8,Candidate 1 (BJP),BJP,BJP,NDA,180226,25.33,711478,71.7,True,1,43426,6.1,2019
Andhra Pradesh,Andhra Pradesh PC 8,Candidate 2 (DMK),DMK,DMK,UPA,136800,19.23,711478,67.0,False,2,0,0,2019
Andhra Pradesh,Andhra Pradesh PC 8,Candidate 3 (INC),INC,INC,UPA,106700,15.0,711478,64.6,False,3,0,0,2019
Andhra Pradesh,Andhra Pradesh PC 8,Candidate 4 (TDP),TDP,TDP,,103029,14.48,711478,70.2,False,4,0,0,2019
Andhra Pradesh,Andhra Pradesh PC 8,Candidate 5 (SP),SP,SP,SP-BSP,94892,13.34,711478,75.5,False,5,0,0,2019
Andhra Pradesh,Andhra Pradesh PC 8,Candidate 6 (AIADMK),AIADMK,AIADMK,NDA,89829,12.63,711478,73.8,False,6,0,0,2019
Andhra Pradesh,Andhra Pradesh PC 9,Candidate 1 (INC),INC,INC,UPA,244378,32.26,757579,67.6,True,1,26431,3.49,2019
Andhra Pradesh,Andhra Pradesh PC 9,Candidate 2 (AIADMK),AIADMK,AIADMK,NDA,217947,28.77,757579,63.9,False,2,0,0,2019
Andhra Pradesh,Andhra Pradesh PC 9,Candidate 3 (TMC),TMC,TMC,,204526,27.0,757579,61.1,False,3,0,0,2019
Andhra Pradesh,Andhra Pradesh PC 9,Candidate 4 (BRS),BRS,BRS,,90727,11.98,757579,59.5,False,4,0,0,2019
Andhra Pradesh,Andhra Pradesh PC 10,Candidate 1 (BJP),BJP,BJP,NDA,563406,50.61,1113214,77.4,True,1,280713,25.22,2019
Andhra Pradesh,Andhra Pradesh PC 10,Candidate 2 (TMC),TMC,TMC,,282693,25.39,1113214,77.1,False,2,0,0,2019
Andhra Pradesh,Andhra Pradesh PC 10,Candidate 3 (TDP),TDP,TDP,,267114,23.99,1113214,73.5,False,3,0,0,2019
Andhra Pradesh,Andhra Pradesh PC 11,Candidate 1 (BJP),BJP,BJP,NDA,203711,28.44,716190,65.9,True,1,42651,5.96,2019
Andhra Pradesh,Andhra Pradesh PC 11,Candidate 2 (DMK),DMK,DMK,UPA,161060,22.49,716190,69.0,False,2,0,0,2019
Andhra Pradesh,Andhra Pradesh PC 11,Candidate 3 (INC),INC,INC,UPA,157460,21.99,716190,75.7,False,3,0,0,2019
Andhra Pradesh,Andhra Pradesh PC 11,Candidate 4 (JDU),JDU,JDU,NDA,103551,14.46,716190,68.2,False,4,0,0,2019
Andhra Pradesh,Andhra Pradesh PC 11,Candidate 5 (TMC),TMC,TMC,,90406,12.62,716190,71.2,False,5,0,0,2019
Andhra Pradesh,Andhra Pradesh PC 12,Candidate 1 (BJP),BJP,BJP,NDA,425792,64.12,664067,58.6,True,1,285245,42.95,2019
Andhra Pradesh,Andhra Pradesh PC 12,Candidate 2 (JDU),JDU,JDU,NDA,140547,21.16,664067,63.5,False,2,0,0,2019
Andhra Pradesh,Andhra Pradesh PC 12,Candidate 3 (INC),INC,INC,UPA,97727,14.72,664067,74.2,False,3,0,0,2019
Andhra Pradesh,Andhra Pradesh PC 13,Candidate 1 (BJP),BJP,BJP,NDA,184907,29.91,618234,73.0,True,1,8330,1.35,2019
Andhra Pradesh,Andhra Pradesh PC 13,Candidate 2 (INC),INC,INC,UPA,176577,28.56,618234,71.2,False,2,0,0,2019
Andhra Pradesh,Andhra Pradesh PC 13,Candidate 3 (SP),SP,SP,SP-BSP,143741,23.25,618234,61.8,False,3,0,0,2019
Andhra Pradesh,Andhra Pradesh PC 13,Candidate 4 (TMC),TMC,TMC,,113006,18.28,618234,76.5,False,4,0,0,2019
Andhra Pradesh,Andhra Pradesh PC 14,Candidate 1 (YSR),YSR,YSR,,276700,31.81,869944,55.9,True,1,8349,0.96,2019
Andhra Pradesh,Andhra Pradesh PC 14,Candidate 2 (INC),INC,INC,UPA,268351,30.85,869944,67.1,False,2,0,0,2019
Andhra Pradesh,Andhra Pradesh PC 14,Candidate 3 (SP),SP,SP,SP-BSP,117357,13.49,869944,77.0,False,3,0,0,2019
Andhra Pradesh,Andhra Pradesh PC 14,Candidate 4 (JDU),JDU,JDU,NDA,104889,12.06,869944,65.4,False,4,0,0,2019
Andhra Pradesh,Andhra Pradesh PC 14,Candidate 5 (BJP),BJP,BJP,NDA,102644,11.8,869944,58.6,False,5,0,0,2019
Andhra Pradesh,Andhra Pradesh PC 15,Candidate 1 (YSR),YSR,YSR,,680029,60.06,1132326,75.7,True,1,475249,41.97,2019
Andhra Pradesh,Andhra Pradesh PC 15,Candidate 2 (DMK),DMK,DMK,UPA,204780,18.08,1132326,72.9,False,2,0,0,2019
Andhra Pradesh,Andhra Pradesh PC 15,Candidate 3 (SP),SP,SP,SP-BSP,128584,11.36,1132326,57.2,False,3,0,0,2019
Andhra Pradesh,Andhra Pradesh PC 15,Candidate 4 (BJP),BJP,BJP,NDA,118931,10.5,1132326,55.9,False,4,0,0,2019
Andhra Pradesh,Andhra Pradesh PC 16,Candidate 1 (INC),INC,INC,UPA,261394,40.42,646705,74.2,True,1,63042,9.75,2019
Andhra Pradesh,Andhra Pradesh PC 16,Candidate 2 (BJP),BJP,BJP,NDA,198352,30.67,646705,58.6,False,2,0,0,2019
Andhra Pradesh,Andhra Pradesh PC 16,Candidate 3 (TMC),TMC,TMC,,186957,28.91,646705,63.4,False,3,0,0,2019
Andhra Pradesh,Andhra Pradesh PC 17,Candidate 1 (BJP),BJP,BJP,NDA,288022,31.34,919067,70.9,True,1,41931,4.56,2019
Andhra Pradesh,Andhra Pradesh PC 17,Candidate 2 (OTH),OTH,OTH,,246091,26.78,919067,56.0,False,2,0,0,2019
Andhra Pradesh,Andhra Pradesh PC 17,Candidate 3 (TMC),TMC,TMC,,233025,25.35,919067,64.7,False,3,0,0,2019
Andhra Pradesh,Andhra Pradesh PC 17,Candidate 4 (BRS),BRS,BRS,,151927,16.53,919067,71.5,False,4,0,0,2019
Andhra Pradesh,Andhra Pradesh PC 18,Candidate 1 (DMK),DMK,DMK,UPA,262287,32.17,815245,77.2,True,1,60206,7.39,2019
Andhra Pradesh,Andhra Pradesh PC 18,Candidate 2 (TMC),TMC,TMC,,202081,24.79,815245,71.9,False,2,0,0,2019
Andhra Pradesh,Andhra Pradesh PC 18,Candidate 3 (BJP),BJP,BJP,NDA,184100,22.58,815245,59.0,False,3,0,0,2019
Andhra Pradesh,Andhra Pradesh PC 18,Candidate 4 (YSR),YSR,YSR,,95205,11.68,815245,63.2,False,4,0,0,2019
Andhra Pradesh,Andhra Pradesh PC 18,Candidate 5 (SP),SP,SP,SP-BSP,71570,8.78,815245,76.2,False,5,0,0,2019
Andhra Pradesh,Andhra Pradesh PC 19,Candidate 1 (INC),INC,INC,UPA,224691,20.31,1106551,76.3,True,1,4371,0.4,2019
Andhra Pradesh,Andhra Pradesh PC 19,Candidate 2 (BJP),BJP,BJP,NDA,220320,19.91,1106551,67.5,False,2,0,0,2019
Andhra Pradesh,Andhra Pradesh PC 19,Candidate 3 (BRS),BRS,BRS,,198019,17.9,1106551,59.2,False,3,0,0,2019
Andhra Pradesh,Andhra Pradesh PC 19,Candidate 4 (AIADMK),AIADMK,AIADMK,NDA,183623,16.59,1106551,58.6,False,4,0,0,2019
Andhra Pradesh,Andhra Pradesh PC 19,Candidate 5 (YSR),YSR,YSR,,180242,16.29,1106551,67.2,False,5,0,0,2019
Andhra Pradesh,Andhra Pradesh PC 19,Candidate 6 (TMC),TMC,TMC,,99653,9.01,1106551,70.7,False,6,0,0,2019
Andhra Pradesh,Andhra Pradesh PC 20,Candidate 1 (BRS),BRS,BRS,,310510,40.09,774559,58.2,True,1,414,0.05,2019
Andhra Pradesh,Andhra Pradesh PC 20,Candidate 2 (YSR),YSR,YSR,,310096,40.04,774559,58.1,False,2,0,0,2019
Andhra Pradesh,Andhra Pradesh PC 20,Candidate 3 (INC),INC,INC,UPA,153952,19.88,774559,57.4,False,3,0,0,2019
Andhra Pradesh,Andhra Pradesh PC 21,Candidate 1 (BJP),BJP,BJP,NDA,406813,34.01,1196147,55.2,True,1,9933,0.83,2019
Andhra Pradesh,Andhra Pradesh PC 21,Candidate 2 (IND),IND,IND,,396880,33.18,1196147,70.5,False,2,0,0,2019
Andhra Pradesh,Andhra Pradesh PC 21,Candidate 3 (INC),INC,INC,UPA,392452,32.81,1196147,55.9,False,3,0,0,2019
Andhra Pradesh,Andhra Pradesh PC 22,Candidate 1 (BRS),BRS,BRS,,202686,32.64,620881,55.3,True,1,56509,9.1,2019
Andhra Pradesh,Andhra Pradesh PC 22,Candidate 2 (SP),SP,SP,SP-BSP,146177,23.54,620881,67.6,False,2,0,0,2019
Andhra Pradesh,Andhra Pradesh PC 22,Candidate 3 (OTH),OTH,OTH,,115048,18.53,620881,64.8,False,3,0,0,2019
Andhra Pradesh,Andhra Pradesh PC 22,Candidate 4 (BJP),BJP,BJP,NDA,85209,13.72,620881,64.4,False,4,0,0,2019
Andhra Pradesh,Andhra Pradesh PC 22,Candidate 5 (DMK),DMK,DMK,UPA,71759,11.56,620881,69.8,False,5,0,0,2019
Andhra Pradesh,Andhra Pradesh PC 23,Candidate 1 (BJP),BJP,BJP,NDA,396217,34.8,1138450,75.8,True,1,66665,5.86,2019
Andhra Pradesh,Andhra Pradesh PC 23,Candidate 2 (INC),INC,INC,UPA,329552,28.95,1138450,73.2,False,2,0,0,2019
Andhra Pradesh,Andhra Pradesh PC 23,Candidate 3 (TMC),TMC,TMC,,273452,24.02,1138450,58.0,False,3,0,0,2019
Andhra Pradesh,Andhra Pradesh PC 23,Candidate 4 (DMK),DMK,DMK,UPA,139228,12.23,1138450,58.8,False,4,0,0,2019
Andhra Pradesh,Andhra Pradesh PC 24,Candidate 1 (SP),SP,SP,SP-BSP,429088,46.18,929110,71.0,True,1,45705,4.92,2019
Andhra Pradesh,Andhra Pradesh PC 24,Candidate 2 (BJP),BJP,BJP,NDA,383383,41.26,929110,68.5,False,2,0,0,2019
Andhra Pradesh,Andhra Pradesh PC 24,Candidate 3 (AIADMK),AIADMK,AIADMK,NDA,116637,12.55,929110,60.1,False,3,0,0,2019
Andhra Pradesh,Andhra Pradesh PC 25,Candidate 1 (TMC),TMC,TMC,,409916,36.19,1132749,64.3,True,1,34538,3.05,2019
Andhra Pradesh,Andhra Pradesh PC 25,Candidate 2 (INC),INC,INC,UPA,375378,33.14,1132749,71.6,False,2,0,0,2019
Andhra Pradesh,Andhra Pradesh PC 25,Candidate 3 (TDP),TDP,TDP,,197876,17.47,1132749,75.6,False,3,0,0,2019
Andhra Pradesh,Andhra Pradesh PC 25,Candidate 4 (BJP),BJP,BJP,NDA,149577,13.2,1132749,68.0,False,4,0,0,2019
Odisha,Odisha PC 1,Candidate 1 (YSR),YSR,YSR,,267406,31.34,853268,58.9,True,1,42514,4.98,2019
Odisha,Odisha PC 1,Candidate 2 (DMK),DMK,DMK,UPA,224892,26.36,853268,69.9,False,2,0,0,2019
Odisha,Odisha PC 1,Candidate 3 (INC),INC,INC,UPA,220231,25.81,853268,73.2,False,3,0,0,2019
Odisha,Odisha PC 1,Candidate 4 (BJP),BJP,BJP,NDA,83817,9.82,853268,64.3,False,4,0,0,2019
Odisha,Odisha PC 1,Candidate 5 (OTH),OTH,OTH,,56920,6.67,853268,67.6,False,5,0,0,2019
Odisha,Odisha PC 2,Candidate 1 (JDU),JDU,JDU,NDA,450305,40.72,1105763,78.0,True,1,104157,9.42,2019
Odisha,Odisha PC 2,Candidate 2 (BJP),BJP,BJP,NDA,346148,31.3,1105763,77.6,False,2,0,0,2019
Odisha,Odisha PC 2,Candidate 3 (OTH),OTH,OTH,,192724,17.43,1105763,59.1,False,3,0,0,2019
Odisha,Odisha PC 2,Candidate 4 (DMK),DMK,DMK,UPA,116584,10.54,1105763,69.4,False,4,0,0,2019
Odisha,Odisha PC 3,Candidate 1 (BJP),BJP,BJP,NDA,151578,36.07,420289,65.8,True,1,4961,1.18,2019
Odisha,Odisha PC 3,Candidate 2 (INC),INC,INC,UPA,146617,34.88,420289,64.1,False,2,0,0,2019
Odisha,Odisha PC 3,Candidate 3 (YSR),YSR,YSR,,92820,22.08,420289,66.5,False,3,0,0,2019
Odisha,Odisha PC 3,Candidate 4 (DMK),DMK,DMK,UPA,29272,6.96,420289,56.1,False,4,0,0,2019
Odisha,Odisha PC 4,Candidate 1 (OTH),OTH,OTH,,297868,26.17,1138243,70.6,True,1,21389,1.88,2019
Odisha,Odisha PC 4,Candidate 2 (JDU),JDU,JDU,NDA,276479,24.29,1138243,70.4,False,2,0,0,2019
Odisha,Odisha PC 4,Candidate 3 (BJP),BJP,BJP,NDA,203073,17.84,1138243,72.3,False,3,0,0,2019
Odisha,Odisha PC 4,Candidate 4 (INC),INC,INC,UPA,195797,17.2,1138243,70.2,False,4,0,0,2019
Odisha,Odisha PC 4,Candidate 5 (TMC),TMC,TMC,,165023,14.5,1138243,63.9,False,5,0,0,2019
Odisha,Odisha PC 5,Candidate 1 (IND),IND,IND,,252299,32.8,769139,59.6,True,1,3290,0.43,2019
Odisha,Odisha PC 5,Candidate 2 (INC),INC,INC,UPA,249009,32.38,769139,58.7,False,2,0,0,2019
Odisha,Odisha PC 5,Candidate 3 (BJP),BJP,BJP,NDA,154005,20.02,769139,59.9,False,3,0,0,2019
Odisha,Odisha PC 5,Candidate 4 (TMC),TMC,TMC,,80546,10.47,769139,59.3,False,4,0,0,2019
Odisha,Odisha PC 5,Candidate 5 (OTH),OTH,OTH,,33278,4.33,769139,64.6,False,5,0,0,2019
Odisha,Odisha PC 6,Candidate 1 (TMC),TMC,TMC,,275798,31.78,867940,73.0,True,1,47640,5.49,2019
Odisha,Odisha PC 6,Candidate 2 (BJP),BJP,BJP,NDA,228158,26.29,867940,59.2,False,2,0,0,2019
Odisha,Odisha PC 6,Candidate 3 (BRS),BRS,BRS,,212999,24.54,867940,63.6,False,3,0,0,2019
Odisha,Odisha PC 6,Candidate 4 (DMK),DMK,DMK,UPA,150983,17.4,867940,64.3,False,4,0,0,2019
Odisha,Odisha PC 7,Candidate 1 (BRS),BRS,BRS,,581484,49.79,1167974,60.7,True,1,160296,13.72,2019
Odisha,Odisha PC 7,Candidate 2 (AIADMK),AIADMK,AIADMK,NDA,421188,36.06,1167974,62.1,False,2,0,0,2019
Odisha,Odisha PC 7,Candidate 3 (BJP),BJP,BJP,NDA,165300,14.15,1167974,56.3,False,3,0,0,2019
Odisha,Odisha PC 8,Candidate 1 (BRS),BRS,BRS,,329945,43.4,760161,75.1,True,1,152210,20.02,2019
Odisha,Odisha PC 8,Candidate 2 (YSR),YSR,YSR,,177735,23.38,760161,57.3,False,2,0,0,2019
Odisha,Odisha PC 8,Candidate 3 (INC),INC,INC,UPA,111370,14.65,760161,63.2,False,3,0,0,2019
Odisha,Odisha PC 8,Candidate 4 (BJP),BJP,BJP,NDA,73485,9.67,760161,67.4,False,4,0,0,2019
Odisha,Odisha PC 8,Candidate 5 (OTH),OTH,OTH,,67624,8.9,760161,55.1,False,5,0,0,2019
Odisha,Odisha PC 9,Candidate 1 (BJP),BJP,BJP,NDA,486949,74.29,655478,73.9,True,1,318421,48.58,2019
Odisha,Odisha PC 9,Candidate 2 (DMK),DMK,DMK,UPA,168528,25.71,655478,68.0,False,2,0,0,2019
Odisha,Odisha PC 10,Candidate 1 (OTH),OTH,OTH,,423000,45.37,932251,72.6,True,1,17432,1.87,2019
Odisha,Odisha PC 10,Candidate 2 (BJP),BJP,BJP,NDA,405568,43.5,932251,63.5,False,2,0,0,2019
Odisha,Odisha PC 10,Candidate 3 (BRS),BRS,BRS,,103681,11.12,932251,58.5,False,3,0,0,2019
Odisha,Odisha PC 11,Candidate 1 (BJP),BJP,BJP,NDA,291437,39.23,742942,63.7,True,1,41124,5.54,2019
Odisha,Odisha PC 11,Candidate 2 (TDP),TDP,TDP,,250313,33.69,742942,66.3,False,2,0,0,2019
Odisha,Odisha PC 11,Candidate 3 (TMC),TMC,TMC,,201191,27.08,742942,76.6,False,3,0,0,2019
Odisha,Odisha PC 12,Candidate 1 (DMK),DMK,DMK,UPA,223462,40.37,553520,59.4,True,1,57875,10.46,2019
Odisha,Odisha PC 12,Candidate 2 (BJP),BJP,BJP,NDA,165587,29.92,553520,76.8,False,2,0,0,2019
Odisha,Odisha PC 12,Candidate 3 (AIADMK),AIADMK,AIADMK,NDA,83958,15.17,553520,57.3,False,3,0,0,2019
Odisha,Odisha PC 12,Candidate 4 (OTH),OTH,OTH,,80511,14.55,553520,64.3,False,4,0,0,2019
Odisha,Odisha PC 13,Candidate 1 (TMC),TMC,TMC,,262585,28.81,911562,77.0,True,1,14667,1.61,2019
Odisha,Odisha PC 13,Candidate 2 (BJP),BJP,BJP,NDA,247918,27.2,911562,74.1,False,2,0,0,2019
Odisha,Odisha PC 13,Candidate 3 (IND),IND,IND,,163886,17.98,911562,63.4,False,3,0,0,2019
Odisha,Odisha PC 13,Candidate 4 (YSR),YSR,YSR,,158843,17.43,911562,71.0,False,4,0,0,2019
Odisha,Odisha PC 13,Candidate 5 (DMK),DMK,DMK,UPA,78327,8.59,911562,55.3,False,5,0,0,2019
Odisha,Odisha PC 14,Candidate 1 (YSR),YSR,YSR,,201287,34.37,585663,59.7,True,1,27997,4.78,2019
Odisha,Odisha PC 14,Candidate 2 (BJP),BJP,BJP,NDA,173290,29.59,585663,66.1,False,2,0,0,2019
Odisha,Odisha PC 14,Candidate 3 (OTH),OTH,OTH,,144156,24.61,585663,64.5,False,3,0,0,2019
Odisha,Odisha PC 14,Candidate 4 (BRS),BRS,BRS,,41643,7.11,585663,73.0,False,4,0,0,2019
Odisha,Odisha PC 14,Candidate 5 (AIADMK),AIADMK,AIADMK,NDA,25285,4.32,585663,65.2,False,5,0,0,2019
Odisha,Odisha PC 15,Candidate 1 (BJP),BJP,BJP,NDA,219248,37.61,582944,59.7,True,1,35849,6.15,2019
Odisha,Odisha PC 15,Candidate 2 (TMC),TMC,TMC,,183399,31.46,582944,69.9,False,2,0,0,2019
Odisha,Odisha PC 15,Candidate 3 (SP),SP,SP,SP-BSP,109118,18.72,582944,77.2,False,3,0,0,2019
Odisha,Odisha PC 15,Candidate 4 (AIADMK),AIADMK,AIADMK,NDA,71177,12.21,582944,61.5,False,4,0,0,2019
Odisha,Odisha PC 16,Candidate 1 (INC),INC,INC,UPA,342430,44.09,776700,71.2,True,1,66924,8.62,2019
Odisha,Odisha PC 16,Candidate 2 (BRS),BRS,BRS,,275506,35.47,776700,73.4,False,2,0,0,2019
Odisha,Odisha PC 16,Candidate 3 (BJP),BJP,BJP,NDA,158763,20.44,776700,56.9,False,3,0,0,2019
Odisha,Odisha PC 17,Candidate 1 (BJP),BJP,BJP,NDA,215695,52.71,409246,69.6,True,1,22145,5.41,2019
Odisha,Odisha PC 17,Candidate 2 (OTH),OTH,OTH,,193550,47.29,409246,72.3,False,2,0,0,2019
Odisha,Odisha PC 18,Candidate 1 (BJP),BJP,BJP,NDA,167682,33.47,500944,65.1,True,1,19018,3.8,2019
Odisha,Odisha PC 18,Candidate 2 (TDP),TDP,TDP,,148664,29.68,500944,73.1,False,2,0,0,2019
Odisha,Odisha PC 18,Candidate 3 (TMC),TMC,TMC,,109369,21.83,500944,69.9,False,3,0,0,2019
Odisha,Odisha PC 18,Candidate 4 (AIADMK),AIADMK,AIADMK,NDA,75227,15.02,500944,59.0,False,4,0,0,2019
Odisha,Odisha PC 19,Candidate 1 (JDU),JDU,JDU,NDA,259697,40.0,649326,58.3,True,1,18190,2.8,2019
Odisha,Odisha PC 19,Candidate 2 (BJP),BJP,BJP,NDA,241507,37.19,649326,56.8,False,2,0,0,2019
Odisha,Odisha PC 19,Candidate 3 (INC),INC,INC,UPA,148120,22.81,649326,61.6,False,3,0,0,2019
Odisha,Odisha PC 20,Candidate 1 (TDP),TDP,TDP,,212359,27.79,764077,76.1,True,1,1039,0.14,2019
Odisha,Odisha PC 20,Candidate 2 (BJP),BJP,BJP,NDA,211320,27.66,764077,64.6,False,2,0,0,2019
Odisha,Odisha PC 20,Candidate 3 (BRS),BRS,BRS,,138989,18.19,764077,69.2,False,3,0,0,2019
Odisha,Odisha PC 20,Candidate 4 (SP),SP,SP,SP-BSP,137395,17.98,764077,65.5,False,4,0,0,2019
Odisha,Odisha PC 20,Candidate 5 (JDU),JDU,JDU,NDA,64011,8.38,764077,67.3,False,5,0,0,2019
Odisha,Odisha PC 21,Candidate 1 (BJP),BJP,BJP,NDA,278366,26.07,1067781,63.7,True,1,51418,4.82,2019
Odisha,Odisha PC 21,Candidate 2 (OTH),OTH,OTH,,226948,21.25,1067781,61.3,False,2,0,0,2019
Odisha,Odisha PC 21,Candidate 3 (INC),INC,INC,UPA,226362,21.2,1067781,66.3,False,3,0,0,2019
Odisha,Odisha PC 21,Candidate 4 (DMK),DMK,DMK,UPA,195653,18.32,1067781,76.4,False,4,0,0,2019
Odisha,Odisha PC 21,Candidate 5 (YSR),YSR,YSR,,140451,13.15,1067781,58.1,False,5,0,0,2019
Telangana,Telangana PC 1,Candidate 1 (TMC),TMC,TMC,,228998,45.74,500619,75.0,True,1,106042,21.18,2019
Telangana,Telangana PC 1,Candidate 2 (INC),INC,INC,UPA,122956,24.56,500619,73.1,False,2,0,0,2019
Telangana,Telangana PC 1,Candidate 3 (BJP),BJP,BJP,NDA,76639,15.31,500619,61.3,False,3,0,0,2019
Telangana,Telangana PC 1,Candidate 4 (SP),SP,SP,SP-BSP,72023,14.39,500619,70.7,False,4,0,0,2019
Telangana,Telangana PC 2,Candidate 1 (BJP),BJP,BJP,NDA,141754,31.52,449701,55.5,True,1,3167,0.7,2019
Telangana,Telangana PC 2,Candidate 2 (TMC),TMC,TMC,,138587,30.82,449701,64.1,False,2,0,0,2019
Telangana,Telangana PC 2,Candidate 3 (INC),INC,INC,UPA,128649,28.61,449701,77.4,False,3,0,0,2019
Telangana,Telangana PC 2,Candidate 4 (BRS),BRS,BRS,,40709,9.05,449701,75.1,False,4,0,0,2019
Telangana,Telangana PC 3,Candidate 1 (BJP),BJP,BJP,NDA,384396,44.91,855868,67.5,True,1,45794,5.35,2019
Telangana,Telangana PC 3,Candidate 2 (DMK),DMK,DMK,UPA,338602,39.56,855868,66.3,False,2,0,0,2019
Telangana,Telangana PC 3,Candidate 3 (SP),SP,SP,SP-BSP,132868,15.52,855868,60.5,False,3,0,0,2019
Telangana,Telangana PC 4,Candidate 1 (INC),INC,INC,UPA,218703,31.3,698770,68.9,True,1,20871,2.99,2019
Telangana,Telangana PC 4,Candidate 2 (BJP),BJP,BJP,NDA,197832,28.31,698770,58.4,False,2,0,0,2019
Telangana,Telangana PC 4,Candidate 3 (TMC),TMC,TMC,,170323,24.37,698770,72.2,False,3,0,0,2019
Telangana,Telangana PC 4,Candidate 4 (JDU),JDU,JDU,NDA,65054,9.31,698770,69.2,False,4,0,0,2019
Telangana,Telangana PC 4,Candidate 5 (AIADMK),AIADMK,AIADMK,NDA,46856,6.71,698770,64.3,False,5,0,0,2019
Telangana,Telangana PC 5,Candidate 1 (IND),IND,IND,,396388,44.4,892716,69.2,True,1,157813,17.68,2019
Telangana,Telangana PC 5,Candidate 2 (BJP),BJP,BJP,NDA,238575,26.72,892716,56.0,False,2,0,0,2019
Telangana,Telangana PC 5,Candidate 3 (SP),SP,SP,SP-BSP,144156,16.15,892716,69.3,False,3,0,0,2019
Telangana,Telangana PC 5,Candidate 4 (YSR),YSR,YSR,,113595,12.72,892716,73.1,False,4,0,0,2019
Telangana,Telangana PC 6,Candidate 1 (SP),SP,SP,SP-BSP,327691,48.94,669627,65.9,True,1,132805,19.83,2019
Telangana,Telangana PC 6,Candidate 2 (JDU),JDU,JDU,NDA,194886,29.1,669627,60.7,False,2,0,0,2019
Telangana,Telangana PC 6,Candidate 3 (BJP),BJP,BJP,NDA,147049,21.96,669627,60.0,False,3,0,0,2019
Telangana,Telangana PC 7,Candidate 1 (INC),INC,INC,UPA,328300,28.99,1132591,58.8,True,1,50780,4.48,2019
Telangana,Telangana PC 7,Candidate 2 (BJP),BJP,BJP,NDA,277520,24.5,1132591,60.2,False,2,0,0,2019
Telangana,Telangana PC 7,Candidate 3 (OTH),OTH,OTH,,250492,22.12,1132591,60.2,False,3,0,0,2019
Telangana,Telangana PC 7,Candidate 4 (DMK),DMK,DMK,UPA,222209,19.62,1132591,61.1,False,4,0,0,2019
Telangana,Telangana PC 7,Candidate 5 (BRS),BRS,BRS,,54067,4.77,1132591,56.7,False,5,0,0,2019
Telangana,Telangana PC 8,Candidate 1 (BJP),BJP,BJP,NDA,290018,35.82,809650,75.0,True,1,53970,6.67,2019
Telangana,Telangana PC 8,Candidate 2 (JDU),JDU,JDU,NDA,236048,29.15,809650,75.5,False,2,0,0,2019
Telangana,Telangana PC 8,Candidate 3 (INC),INC,INC,UPA,161004,19.89,809650,73.4,False,3,0,0,2019
Telangana,Telangana PC 8,Candidate 4 (IND),IND,IND,,122577,15.14,809650,73.1,False,4,0,0,2019
Telangana,Telangana PC 9,Candidate 1 (BJP),BJP,BJP,NDA,209629,41.6,503884,65.5,True,1,36946,7.33,2019
Telangana,Telangana PC 9,Candidate 2 (OTH),OTH,OTH,,172683,34.27,503884,66.6,False,2,0,0,2019
Telangana,Telangana PC 9,Candidate 3 (INC),INC,INC,UPA,121570,24.13,503884,69.4,False,3,0,0,2019
Telangana,Telangana PC 10,Candidate 1 (TMC),TMC,TMC,,236255,25.92,911389,67.8,True,1,4618,0.51,2019
Telangana,Telangana PC 10,Candidate 2 (JDU),JDU,JDU,NDA,231637,25.42,911389,66.5,False,2,0,0,2019
Telangana,Telangana PC 10,Candidate 3 (IND),IND,IND,,203300,22.31,911389,73.4,False,3,0,0,2019
Telangana,Telangana PC 10,Candidate 4 (SP),SP,SP,SP-BSP,143259,15.72,911389,66.1,False,4,0,0,2019
Telangana,Telangana PC 10,Candidate 5 (BJP),BJP,BJP,NDA,96935,10.64,911389,69.5,False,5,0,0,2019
Telangana,Telangana PC 11,Candidate 1 (OTH),OTH,OTH,,165217,32.87,502652,61.5,True,1,20012,3.98,2019
Telangana,Telangana PC 11,Candidate 2 (YSR),YSR,YSR,,145205,28.89,502652,64.8,False,2,0,0,2019
Telangana,Telangana PC 11,Candidate 3 (BJP),BJP,BJP,NDA,91448,18.19,502652,55.3,False,3,0,0,2019
Telangana,Telangana PC 11,Candidate 4 (JDU),JDU,JDU,NDA,69922,13.91,502652,58.9,False,4,0,0,2019
Telangana,Telangana PC 11,Candidate 5 (BRS),BRS,BRS,,30857,6.14,502652,77.2,False,5,0,0,2019
Telangana,Telangana PC 12,Candidate 1 (OTH),OTH,OTH,,350793,33.56,1045219,74.2,True,1,17952,1.72,2019
Telangana,Telangana PC 12,Candidate 2 (INC),INC,INC,UPA,332841,31.84,1045219,65.2,False,2,0,0,2019
Telangana,Telangana PC 12,Candidate 3 (BRS),BRS,BRS,,301688,28.86,1045219,67.1,False,3,0,0,2019
Telangana,Telangana PC 12,Candidate 4 (BJP),BJP,BJP,NDA,59895,5.73,1045219,69.6,False,4,0,0,2019
Telangana,Telangana PC 13,Candidate 1 (OTH),OTH,OTH,,212928,35.65,597313,77.7,True,1,877,0.15,2019
Telangana,Telangana PC 13,Candidate 2 (INC),INC,INC,UPA,212051,35.5,597313,72.0,False,2,0,0,2019
Telangana,Telangana PC 13,Candidate 3 (BJP),BJP,BJP,NDA,172332,28.85,597313,73.2,False,3,0,0,2019
Telangana,Telangana PC 14,Candidate 1 (BJP),BJP,BJP,NDA,442331,36.92,1197988,66.7,True,1,80018,6.68,2019
Telangana,Telangana PC 14,Candidate 2 (SP),SP,SP,SP-BSP,362313,30.24,1197988,74.1,False,2,0,0,2019
Telangana,Telangana PC 14,Candidate 3 (TDP),TDP,TDP,,198953,16.61,1197988,64.1,False,3,0,0,2019
Telangana,Telangana PC 14,Candidate 4 (BRS),BRS,BRS,,194389,16.23,1197988,77.6,False,4,0,0,2019
Telangana,Telangana PC 15,Candidate 1 (BJP),BJP,BJP,NDA,308352,38.01,811276,71.2,True,1,15355,1.89,2019
Telangana,Telangana PC 15,Candidate 2 (AIADMK),AIADMK,AIADMK,NDA,292997,36.12,811276,76.1,False,2,0,0,2019
Telangana,Telangana PC 15,Candidate 3 (INC),INC,INC,UPA,209925,25.88,811276,68.5,False,3,0,0,2019
Telangana,Telangana PC 16,Candidate 1 (BJP),BJP,BJP,NDA,411310,37.85,1086740,63.0,True,1,62375,5.74,2019
Telangana,Telangana PC 16,Candidate 2 (INC),INC,INC,UPA,348935,32.11,1086740,71.1,False,2,0,0,2019
Telangana,Telangana PC 16,Candidate 3 (SP),SP,SP,SP-BSP,198583,18.27,1086740,73.2,False,3,0,0,2019
Telangana,Telangana PC 16,Candidate 4 (TMC),TMC,TMC,,127911,11.77,1086740,65.2,False,4,0,0,2019
Telangana,Telangana PC 17,Candidate 1 (BJP),BJP,BJP,NDA,360567,39.9,903750,75.6,True,1,26024,2.88,2019
Telangana,Telangana PC 17,Candidate 2 (DMK),DMK,DMK,UPA,334543,37.02,903750,67.6,False,2,0,0,2019
Telangana,Telangana PC 17,Candidate 3 (BRS),BRS,BRS,,153396,16.97,903750,71.6,False,3,0,0,2019
Telangana,Telangana PC 17,Candidate 4 (AIADMK),AIADMK,AIADMK,NDA,55242,6.11,903750,63.8,False,4,0,0,2019
Jharkhand,Jharkhand PC 1,Candidate 1 (IND),IND,IND,,469767,50.77,925333,69.2,True,1,112110,12.12,2019
Jharkhand,Jharkhand PC 1,Candidate 2 (BJP),BJP,BJP,NDA,357657,38.65,925333,73.7,False,2,0,0,2019
Jharkhand,Jharkhand PC 1,Candidate 3 (YSR),YSR,YSR,,97908,10.58,925333,57.9,False,3,0,0,2019
Jharkhand,Jharkhand PC 2,Candidate 1 (TDP),TDP,TDP,,302505,36.67,824902,64.3,True,1,69545,8.43,2019
Jharkhand,Jharkhand PC 2,Candidate 2 (SP),SP,SP,SP-BSP,232960,28.24,824902,67.0,False,2,0,0,2019
Jharkhand,Jharkhand PC 2,Candidate 3 (INC),INC,INC,UPA,176426,21.39,824902,71.3,False,3,0,0,2019
Jharkhand,Jharkhand PC 2,Candidate 4 (BJP),BJP,BJP,NDA,67141,8.14,824902,63.8,False,4,0,0,2019
Jharkhand,Jharkhand PC 2,Candidate 5 (BRS),BRS,BRS,,45868,5.56,824902,60.7,False,5,0,0,2019
Jharkhand,Jharkhand PC 3,Candidate 1 (JDU),JDU,JDU,NDA,257278,28.04,917466,61.2,True,1,6568,0.72,2019
Jharkhand,Jharkhand PC 3,Candidate 2 (TMC),TMC,TMC,,250710,27.33,917466,73.1,False,2,0,0,2019
Jharkhand,Jharkhand PC 3,Candidate 3 (BJP),BJP,BJP,NDA,243736,26.57,917466,66.1,False,3,0,0,2019
Jharkhand,Jharkhand PC 3,Candidate 4 (SP),SP,SP,SP-BSP,125326,13.66,917466,75.6,False,4,0,0,2019
Jharkhand,Jharkhand PC 3,Candidate 5 (BRS),BRS,BRS,,40414,4.4,917466,65.8,False,5,0,0,2019
Jharkhand,Jharkhand PC 4,Candidate 1 (JDU),JDU,JDU,NDA,276856,35.82,772826,57.5,True,1,74153,9.6,2019
Jharkhand,Jharkhand PC 4,Candidate 2 (YSR),YSR,YSR,,202703,26.23,772826,70.7,False,2,0,0,2019
Jharkhand,Jharkhand PC 4,Candidate 3 (BJP),BJP,BJP,NDA,162703,21.05,772826,58.9,False,3,0,0,2019
Jharkhand,Jharkhand PC 4,Candidate 4 (BRS),BRS,BRS,,102039,13.2,772826,75.6,False,4,0,0,2019
Jharkhand,Jharkhand PC 4,Candidate 5 (TDP),TDP,TDP,,28523,3.69,772826,74.7,False,5,0,0,2019
Jharkhand,Jharkhand PC 5,Candidate 1 (BJP),BJP,BJP,NDA,394626,34.46,1145260,71.2,True,1,113599,9.92,2019
Jharkhand,Jharkhand PC 5,Candidate 2 (BRS),BRS,BRS,,281027,24.54,1145260,77.4,False,2,0,0,2019
Jharkhand,Jharkhand PC 5,Candidate 3 (OTH),OTH,OTH,,272471,23.79,1145260,57.3,False,3,0,0,2019
Jharkhand,Jharkhand PC 5,Candidate 4 (IND),IND,IND,,197135,17.21,1145260,67.7,False,4,0,0,2019
Jharkhand,Jharkhand PC 6,Candidate 1 (BJP),BJP,BJP,NDA,474826,45.8,1036720,75.4,True,1,67992,6.56,2019
Jharkhand,Jharkhand PC 6,Candidate 2 (OTH),OTH,OTH,,406834,39.24,1036720,74.2,False,2,0,0,2019
Jharkhand,Jharkhand PC 6,Candidate 3 (TMC),TMC,TMC,,155059,14.96,1036720,55.4,False,3,0,0,2019
Jharkhand,Jharkhand PC 7,Candidate 1 (JDU),JDU,JDU,NDA,121494,29.65,409815,72.3,True,1,14584,3.56,2019
Jharkhand,Jharkhand PC 7,Candidate 2 (BRS),BRS,BRS,,106910,26.09,409815,58.4,False,2,0,0,2019
Jharkhand,Jharkhand PC 7,Candidate 3 (AIADMK),AIADMK,AIADMK,NDA,102591,25.03,409815,76.1,False,3,0,0,2019
Jharkhand,Jharkhand PC 7,Candidate 4 (DMK),DMK,DMK,UPA,60441,14.75,409815,67.8,False,4,0,0,2019
Jharkhand,Jharkhand PC 7,Candidate 5 (INC),INC,INC,UPA,18376,4.48,409815,65.8,False,5,0,0,2019
Jharkhand,Jharkhand PC 8,Candidate 1 (BJP),BJP,BJP,NDA,813478,74.01,1099098,66.8,True,1,527859,48.03,2019
Jharkhand,Jharkhand PC 8,Candidate 2 (TDP),TDP,TDP,,285619,25.99,1099098,60.9,False,2,0,0,2019
Jharkhand,Jharkhand PC 9,Candidate 1 (SP),SP,SP,SP-BSP,190702,42.0,454073,73.1,True,1,46109,10.15,2019
Jharkhand,Jharkhand PC 9,Candidate 2 (INC),INC,INC,UPA,144593,31.84,454073,69.2,False,2,0,0,2019
Jharkhand,Jharkhand PC 9,Candidate 3 (BJP),BJP,BJP,NDA,118776,26.16,454073,59.1,False,3,0,0,2019
Jharkhand,Jharkhand PC 10,Candidate 1 (YSR),YSR,YSR,,138916,26.95,515518,68.2,True,1,5560,1.08,2019
Jharkhand,Jharkhand PC 10,Candidate 2 (BRS),BRS,BRS,,133356,25.87,515518,73.6,False,2,0,0,2019
Jharkhand,Jharkhand PC 10,Candidate 3 (BJP),BJP,BJP,NDA,128935,25.01,515518,71.0,False,3,0,0,2019
Jharkhand,Jharkhand PC 10,Candidate 4 (INC),INC,INC,UPA,114309,22.17,515518,60.5,False,4,0,0,2019
Jharkhand,Jharkhand PC 11,Candidate 1 (OTH),OTH,OTH,,439537,40.82,1076719,77.3,True,1,70302,6.53,2019
Jharkhand,Jharkhand PC 11,Candidate 2 (BJP),BJP,BJP,NDA,369235,34.29,1076719,71.3,False,2,0,0,2019
Jharkhand,Jharkhand PC 11,Candidate 3 (DMK),DMK,DMK,UPA,147071,13.66,1076719,61.8,False,3,0,0,2019
Jharkhand,Jharkhand PC 11,Candidate 4 (SP),SP,SP,SP-BSP,120874,11.23,1076719,73.8,False,4,0,0,2019
Jharkhand,Jharkhand PC 12,Candidate 1 (SP),SP,SP,SP-BSP,349378,31.49,1109382,56.2,True,1,17406,1.57,2019
Jharkhand,Jharkhand PC 12,Candidate 2 (INC),INC,INC,UPA,331972,29.92,1109382,57.1,False,2,0,0,2019
Jharkhand,Jharkhand PC 12,Candidate 3 (IND),IND,IND,,210093,18.94,1109382,61.3,False,3,0,0,2019
Jharkhand,Jharkhand PC 12,Candidate 4 (DMK),DMK,DMK,UPA,173655,15.65,1109382,61.9,False,4,0,0,2019
Jharkhand,Jharkhand PC 12,Candidate 5 (BJP),BJP,BJP,NDA,44282,3.99,1109382,65.3,False,5,0,0,2019
Jharkhand,Jharkhand PC 13,Candidate 1 (OTH),OTH,OTH,,257127,41.7,616565,64.9,True,1,106506,17.27,2019
Jharkhand,Jharkhand PC 13,Candidate 2 (BJP),BJP,BJP,NDA,150621,24.43,616565,67.3,False,2,0,0,2019
Jharkhand,Jharkhand PC 13,Candidate 3 (INC),INC,INC,UPA,149630,24.27,616565,74.1,False,3,0,0,2019
Jharkhand,Jharkhand PC 13,Candidate 4 (AIADMK),AIADMK,AIADMK,NDA,59185,9.6,616565,64.0,False,4,0,0,2019
Jharkhand,Jharkhand PC 14,Candidate 1 (INC),INC,INC,UPA,415738,44.47,934796,64.9,True,1,28791,3.08,2019
Jharkhand,Jharkhand PC 14,Candidate 2 (BJP),BJP,BJP,NDA,386947,41.39,934796,63.8,False,2,0,0,2019
Jharkhand,Jharkhand PC 14,Candidate 3 (BRS),BRS,BRS,,132110,14.13,934796,64.2,False,3,0,0,2019
Assam,Assam PC 1,Candidate 1 (JDU),JDU,JDU,NDA,320229,30.86,1037598,56.7,True,1,18494,1.78,2019
Assam,Assam PC 1,Candidate 2 (SP),SP,SP,SP-BSP,301735,29.08,1037598,76.3,False,2,0,0,2019
Assam,Assam PC 1,Candidate 3 (BJP),BJP,BJP,NDA,281820,27.16,1037598,65.1,False,3,0,0,2019
Assam,Assam PC 1,Candidate 4 (BRS),BRS,BRS,,133812,12.9,1037598,65.3,False,4,0,0,2019
Assam,Assam PC 2,Candidate 1 (BJP),BJP,BJP,NDA,416590,43.17,964944,61.4,True,1,35621,3.69,2019
Assam,Assam PC 2,Candidate 2 (SP),SP,SP,SP-BSP,380969,39.48,964944,71.5,False,2,0,0,2019
Assam,Assam PC 2,Candidate 3 (AIADMK),AIADMK,AIADMK,NDA,167383,17.35,964944,61.5,False,3,0,0,2019
Assam,Assam PC 3,Candidate 1 (JDU),JDU,JDU,NDA,127864,26.9,475414,62.1,True,1,2154,0.45,2019
Assam,Assam PC 3,Candidate 2 (BJP),BJP,BJP,NDA,125710,26.44,475414,70.8,False,2,0,0,2019
Assam,Assam PC 3,Candidate 3 (DMK),DMK,DMK,UPA,92340,19.42,475414,69.6,False,3,0,0,2019
Assam,Assam PC 3,Candidate 4 (TDP),TDP,TDP,,82095,17.27,475414,60.8,False,4,0,0,2019
Assam,Assam PC 3,Candidate 5 (AIADMK),AIADMK,AIADMK,NDA,47403,9.97,475414,58.1,False,5,0,0,2019
Assam,Assam PC 4,Candidate 1 (BRS),BRS,BRS,,233760,32.43,720776,76.1,True,1,41603,5.77,2019
Assam,Assam PC 4,Candidate 2 (BJP),BJP,BJP,NDA,192157,26.66,720776,63.8,False,2,0,0,2019
Assam,Assam PC 4,Candidate 3 (YSR),YSR,YSR,,141425,19.62,720776,76.3,False,3,0,0,2019
Assam,Assam PC 4,Candidate 4 (IND),IND,IND,,95315,13.22,720776,64.0,False,4,0,0,2019
Assam,Assam PC 4,Candidate 5 (OTH),OTH,OTH,,58117,8.06,720776,65.7,False,5,0,0,2019
Assam,Assam PC 5,Candidate 1 (BJP),BJP,BJP,NDA,249628,37.83,659940,64.9,True,1,18729,2.84,2019
Assam,Assam PC 5,Candidate 2 (OTH),OTH,OTH,,230899,34.99,659940,62.4,False,2,0,0,2019
Assam,Assam PC 5,Candidate 3 (TMC),TMC,TMC,,179412,27.19,659940,72.0,False,3,0,0,2019
Assam,Assam PC 6,Candidate 1 (DMK),DMK,DMK,UPA,164911,39.35,419095,59.6,True,1,21546,5.14,2019
Assam,Assam PC 6,Candidate 2 (BJP),BJP,BJP,NDA,143365,34.21,419095,56.4,False,2,0,0,2019
Assam,Assam PC 6,Candidate 3 (SP),SP,SP,SP-BSP,110817,26.44,419095,72.2,False,3,0,0,2019
Assam,Assam PC 7,Candidate 1 (OTH),OTH,OTH,,163785,23.08,709610,76.3,True,1,6824,0.96,2019
Assam,Assam PC 7,Candidate 2 (JDU),JDU,JDU,NDA,156961,22.12,709610,75.8,False,2,0,0,2019
Assam,Assam PC 7,Candidate 3 (INC),INC,INC,UPA,110026,15.51,709610,60.8,False,3,0,0,2019
Assam,Assam PC 7,Candidate 4 (IND),IND,IND,,107126,15.1,709610,64.5,False,4,0,0,2019
Assam,Assam PC 7,Candidate 5 (YSR),YSR,YSR,,106830,15.05,709610,68.9,False,5,0,0,2019
Assam,Assam PC 7,Candidate 6 (DMK),DMK,DMK,UPA,64880,9.14,709610,61.5,False,6,0,0,2019
Assam,Assam PC 8,Candidate 1 (YSR),YSR,YSR,,176873,41.96,421529,70.6,True,1,40725,9.66,2019
Assam,Assam PC 8,Candidate 2 (BJP),BJP,BJP,NDA,136148,32.3,421529,77.3,False,2,0,0,2019
Assam,Assam PC 8,Candidate 3 (INC),INC,INC,UPA,108507,25.74,421529,75.3,False,3,0,0,2019
Assam,Assam PC 9,Candidate 1 (INC),INC,INC,UPA,230005,34.64,664007,66.9,True,1,35303,5.32,2019
Assam,Assam PC 9,Candidate 2 (OTH),OTH,OTH,,194702,29.32,664007,64.8,False,2,0,0,2019
Assam,Assam PC 9,Candidate 3 (BRS),BRS,BRS,,166372,25.06,664007,64.2,False,3,0,0,2019
Assam,Assam PC 9,Candidate 4 (BJP),BJP,BJP,NDA,72925,10.98,664007,74.1,False,4,0,0,2019
Assam,Assam PC 10,Candidate 1 (AIADMK),AIADMK,AIADMK,NDA,697170,64.73,1077097,65.7,True,1,317244,29.45,2019
Assam,Assam PC 10,Candidate 2 (INC),INC,INC,UPA,379926,35.27,1077097,76.7,False,2,0,0,2019
Assam,Assam PC 11,Candidate 1 (BJP),BJP,BJP,NDA,195251,43.58,447984,56.8,True,1,23646,5.28,2019
Assam,Assam PC 11,Candidate 2 (TDP),TDP,TDP,,171605,38.31,447984,57.8,False,2,0,0,2019
Assam,Assam PC 11,Candidate 3 (JDU),JDU,JDU,NDA,81127,18.11,447984,61.7,False,3,0,0,2019
Assam,Assam PC 12,Candidate 1 (SP),SP,SP,SP-BSP,332185,28.93,1148347,67.8,True,1,27633,2.41,2019
Assam,Assam PC 12,Candidate 2 (YSR),YSR,YSR,,304552,26.52,1148347,65.1,False,2,0,0,2019
Assam,Assam PC 12,Candidate 3 (BJP),BJP,BJP,NDA,249157,21.7,1148347,74.8,False,3,0,0,2019
Assam,Assam PC 12,Candidate 4 (TMC),TMC,TMC,,143038,12.46,1148347,61.8,False,4,0,0,2019
Assam,Assam PC 12,Candidate 5 (INC),INC,INC,UPA,119412,10.4,1148347,67.4,False,5,0,0,2019
Assam,Assam PC 13,Candidate 1 (TMC),TMC,TMC,,402342,36.54,1100954,71.7,True,1,126311,11.47,2019
Assam,Assam PC 13,Candidate 2 (BJP),BJP,BJP,NDA,276031,25.07,1100954,76.8,False,2,0,0,2019
Assam,Assam PC 13,Candidate 3 (YSR),YSR,YSR,,248546,22.58,1100954,62.8,False,3,0,0,2019
Assam,Assam PC 13,Candidate 4 (INC),INC,INC,UPA,174033,15.81,1100954,60.2,False,4,0,0,2019
Assam,Assam PC 14,Candidate 1 (IND),IND,IND,,190604,23.49,811443,57.8,True,1,16815,2.07,2019
Assam,Assam PC 14,Candidate 2 (DMK),DMK,DMK,UPA,173789,21.42,811443,67.5,False,2,0,0,2019
Assam,Assam PC 14,Candidate 3 (INC),INC,INC,UPA,163001,20.09,811443,70.1,False,3,0,0,2019
Assam,Assam PC 14,Candidate 4 (BJP),BJP,BJP,NDA,162143,19.98,811443,58.0,False,4,0,0,2019
Assam,Assam PC 14,Candidate 5 (AIADMK),AIADMK,AIADMK,NDA,73237,9.03,811443,73.7,False,5,0,0,2019
Assam,Assam PC 14,Candidate 6 (SP),SP,SP,SP-BSP,48667,6.0,811443,63.6,False,6,0,0,2019
Punjab,Punjab PC 1,Candidate 1 (BJP),BJP,BJP,NDA,284716,52.24,544992,61.5,True,1,124466,22.84,2019
Punjab,Punjab PC 1,Candidate 2 (INC),INC,INC,UPA,160250,29.4,544992,71.4,False,2,0,0,2019
Punjab,Punjab PC 1,Candidate 3 (JDU),JDU,JDU,NDA,100025,18.35,544992,77.5,False,3,0,0,2019
Punjab,Punjab PC 2,Candidate 1 (YSR),YSR,YSR,,121430,26.96,450402,60.0,True,1,24654,5.47,2019
Punjab,Punjab PC 2,Candidate 2 (DMK),DMK,DMK,UPA,96776,21.49,450402,56.4,False,2,0,0,2019
Punjab,Punjab PC 2,Candidate 3 (SP),SP,SP,SP-BSP,82669,18.35,450402,58.1,False,3,0,0,2019
Punjab,Punjab PC 2,Candidate 4 (TMC),TMC,TMC,,63082,14.01,450402,61.0,False,4,0,0,2019
Punjab,Punjab PC 2,Candidate 5 (OTH),OTH,OTH,,59988,13.32,450402,59.4,False,5,0,0,2019
Punjab,Punjab PC 2,Candidate 6 (JDU),JDU,JDU,NDA,26454,5.87,450402,66.4,False,6,0,0,2019
Punjab,Punjab PC 3,Candidate 1 (BJP),BJP,BJP,NDA,216309,34.52,626580,71.4,True,1,52752,8.42,2019
Punjab,Punjab PC 3,Candidate 2 (IND),IND,IND,,163557,26.1,626580,62.7,False,2,0,0,2019
Punjab,Punjab PC 3,Candidate 3 (SP),SP,SP,SP-BSP,108944,17.39,626580,72.0,False,3,0,0,2019
Punjab,Punjab PC 3,Candidate 4 (OTH),OTH,OTH,,92971,14.84,626580,74.1,False,4,0,0,2019
Punjab,Punjab PC 3,Candidate 5 (INC),INC,INC,UPA,44797,7.15,626580,70.1,False,5,0,0,2019
Punjab,Punjab PC 4,Candidate 1 (BJP),BJP,BJP,NDA,325151,56.45,576037,65.5,True,1,74266,12.89,2019
Punjab,Punjab PC 4,Candidate 2 (INC),INC,INC,UPA,250885,43.55,576037,65.2,False,2,0,0,2019
Punjab,Punjab PC 5,Candidate 1 (BJP),BJP,BJP,NDA,664018,71.18,932928,70.9,True,1,461908,49.51,2019
Punjab,Punjab PC 5,Candidate 2 (INC),INC,INC,UPA,202110,21.66,932928,71.9,False,2,0,0,2019
Punjab,Punjab PC 5,Candidate 3 (TMC),TMC,TMC,,66798,7.16,932928,57.1,False,3,0,0,2019
Punjab,Punjab PC 6,Candidate 1 (BRS),BRS,BRS,,552195,49.89,1106910,56.6,True,1,239643,21.65,2019
Punjab,Punjab PC 6,Candidate 2 (JDU),JDU,JDU,NDA,312552,28.24,1106910,70.1,False,2,0,0,2019
Punjab,Punjab PC 6,Candidate 3 (BJP),BJP,BJP,NDA,127366,11.51,1106910,66.2,False,3,0,0,2019
Punjab,Punjab PC 6,Candidate 4 (TDP),TDP,TDP,,114795,10.37,1106910,57.5,False,4,0,0,2019
Punjab,Punjab PC 7,Candidate 1 (INC),INC,INC,UPA,270701,46.3,584625,56.9,True,1,95901,16.4,2019
Punjab,Punjab PC 7,Candidate 2 (BJP),BJP,BJP,NDA,174800,29.9,584625,68.6,False,2,0,0,2019
Punjab,Punjab PC 7,Candidate 3 (SP),SP,SP,SP-BSP,139123,23.8,584625,59.6,False,3,0,0,2019
Punjab,Punjab PC 8,Candidate 1 (BJP),BJP,BJP,NDA,184390,39.85,462753,72.9,True,1,57318,12.39,2019
Punjab,Punjab PC 8,Candidate 2 (SP),SP,SP,SP-BSP,127072,27.46,462753,73.1,False,2,0,0,2019
Punjab,Punjab PC 8,Candidate 3 (INC),INC,INC,UPA,96596,20.87,462753,55.2,False,3,0,0,2019
Punjab,Punjab PC 8,Candidate 4 (DMK),DMK,DMK,UPA,54693,11.82,462753,61.2,False,4,0,0,2019
Punjab,Punjab PC 9,Candidate 1 (INC),INC,INC,UPA,372176,38.51,966356,72.8,True,1,28327,2.93,2019
Punjab,Punjab PC 9,Candidate 2 (BJP),BJP,BJP,NDA,343849,35.58,966356,59.6,False,2,0,0,2019
Punjab,Punjab PC 9,Candidate 3 (AIADMK),AIADMK,AIADMK,NDA,250330,25.9,966356,66.9,False,3,0,0,2019
Punjab,Punjab PC 10,Candidate 1 (SP),SP,SP,SP-BSP,127471,27.82,458156,76.4,True,1,7956,1.74,2019
Punjab,Punjab PC 10,Candidate 2 (BRS),BRS,BRS,,119515,26.09,458156,61.4,False,2,0,0,2019
Punjab,Punjab PC 10,Candidate 3 (BJP),BJP,BJP,NDA,97438,21.27,458156,69.8,False,3,0,0,2019
Punjab,Punjab PC 10,Candidate 4 (OTH),OTH,OTH,,73989,16.15,458156,77.9,False,4,0,0,2019
Punjab,Punjab PC 10,Candidate 5 (TMC),TMC,TMC,,39741,8.67,458156,55.3,False,5,0,0,2019
Punjab,Punjab PC 11,Candidate 1 (BJP),BJP,BJP,NDA,345430,35.23,980550,56.1,True,1,17837,1.82,2019
Punjab,Punjab PC 11,Candidate 2 (INC),INC,INC,UPA,327593,33.41,980550,68.2,False,2,0,0,2019
Punjab,Punjab PC 11,Candidate 3 (SP),SP,SP,SP-BSP,307525,31.36,980550,61.1,False,3,0,0,2019
Punjab,Punjab PC 12,Candidate 1 (BJP),BJP,BJP,NDA,210745,40.4,521710,70.0,True,1,27425,5.26,2019
Punjab,Punjab PC 12,Candidate 2 (INC),INC,INC,UPA,183320,35.14,521710,77.6,False,2,0,0,2019
Punjab,Punjab PC 12,Candidate 3 (DMK),DMK,DMK,UPA,72904,13.97,521710,65.9,False,3,0,0,2019
Punjab,Punjab PC 12,Candidate 4 (OTH),OTH,OTH,,54740,10.49,521710,74.8,False,4,0,0,2019
Punjab,Punjab PC 13,Candidate 1 (SP),SP,SP,SP-BSP,175449,27.54,636996,58.9,True,1,40893,6.42,2019
Punjab,Punjab PC 13,Candidate 2 (JDU),JDU,JDU,NDA,134556,21.12,636996,71.4,False,2,0,0,2019
Punjab,Punjab PC 13,Candidate 3 (BRS),BRS,BRS,,126818,19.91,636996,56.5,False,3,0,0,2019
Punjab,Punjab PC 13,Candidate 4 (YSR),YSR,YSR,,112767,17.7,636996,57.6,False,4,0,0,2019
Punjab,Punjab PC 13,Candidate 5 (INC),INC,INC,UPA,87403,13.72,636996,70.1,False,5,0,0,2019
Haryana,Haryana PC 1,Candidate 1 (OTH),OTH,OTH,,569838,56.55,1007598,67.5,True,1,309212,30.69,2019
Haryana,Haryana PC 1,Candidate 2 (TMC),TMC,TMC,,260626,25.87,1007598,62.4,False,2,0,0,2019
Haryana,Haryana PC 1,Candidate 3 (BJP),BJP,BJP,NDA,177132,17.58,1007598,75.8,False,3,0,0,2019
Haryana,Haryana PC 2,Candidate 1 (TMC),TMC,TMC,,508136,47.18,1076932,61.3,True,1,113642,10.55,2019
Haryana,Haryana PC 2,Candidate 2 (SP),SP,SP,SP-BSP,394494,36.63,1076932,73.0,False,2,0,0,2019
Haryana,Haryana PC 2,Candidate 3 (INC),INC,INC,UPA,112978,10.49,1076932,72.5,False,3,0,0,2019
Haryana,Haryana PC 2,Candidate 4 (BJP),BJP,BJP,NDA,61321,5.69,1076932,60.0,False,4,0,0,2019
Haryana,Haryana PC 3,Candidate 1 (DMK),DMK,DMK,UPA,503488,46.26,1088471,56.3,True,1,260302,23.91,2019
Haryana,Haryana PC 3,Candidate 2 (TMC),TMC,TMC,,243186,22.34,1088471,72.8,False,2,0,0,2019
Haryana,Haryana PC 3,Candidate 3 (BRS),BRS,BRS,,229987,21.13,1088471,77.7,False,3,0,0,2019
Haryana,Haryana PC 3,Candidate 4 (BJP),BJP,BJP,NDA,111808,10.27,1088471,77.6,False,4,0,0,2019
Haryana,Haryana PC 4,Candidate 1 (TMC),TMC,TMC,,194022,31.9,608272,55.9,True,1,16019,2.63,2019
Haryana,Haryana PC 4,Candidate 2 (TDP),TDP,TDP,,178003,29.26,608272,73.2,False,2,0,0,2019
Haryana,Haryana PC 4,Candidate 3 (JDU),JDU,JDU,NDA,163894,26.94,608272,76.9,False,3,0,0,2019
Haryana,Haryana PC 4,Candidate 4 (INC),INC,INC,UPA,39933,6.57,608272,75.3,False,4,0,0,2019
Haryana,Haryana PC 4,Candidate 5 (AIADMK),AIADMK,AIADMK,NDA,32417,5.33,608272,65.7,False,5,0,0,2019
Haryana,Haryana PC 5,Candidate 1 (INC),INC,INC,UPA,392322,55.41,708047,59.7,True,1,190069,26.84,2019
Haryana,Haryana PC 5,Candidate 2 (BJP),BJP,BJP,NDA,202253,28.56,708047,56.4,False,2,0,0,2019
Haryana,Haryana PC 5,Candidate 3 (TMC),TMC,TMC,,113470,16.03,708047,76.0,False,3,0,0,2019
Haryana,Haryana PC 6,Candidate 1 (SP),SP,SP,SP-BSP,191663,32.01,598791,66.9,True,1,424,0.07,2019
Haryana,Haryana PC 6,Candidate 2 (IND),IND,IND,,191239,31.94,598791,55.4,False,2,0,0,2019
Haryana,Haryana PC 6,Candidate 3 (BJP),BJP,BJP,NDA,122341,20.43,598791,61.4,False,3,0,0,2019
Haryana,Haryana PC 6,Candidate 4 (AIADMK),AIADMK,AIADMK,NDA,93546,15.62,598791,72.6,False,4,0,0,2019
Haryana,Haryana PC 7,Candidate 1 (BRS),BRS,BRS,,309282,27.11,1140686,75.3,True,1,1756,0.15,2019
Haryana,Haryana PC 7,Candidate 2 (INC),INC,INC,UPA,307526,26.96,1140686,69.7,False,2,0,0,2019
Haryana,Haryana PC 7,Candidate 3 (OTH),OTH,OTH,,235247,20.62,1140686,56.7,False,3,0,0,2019
Haryana,Haryana PC 7,Candidate 4 (TMC),TMC,TMC,,182482,16.0,1140686,77.7,False,4,0,0,2019
Haryana,Haryana PC 7,Candidate 5 (BJP),BJP,BJP,NDA,106147,9.31,1140686,67.7,False,5,0,0,2019
Haryana,Haryana PC 8,Candidate 1 (SP),SP,SP,SP-BSP,541957,47.24,1147203,68.9,True,1,198038,17.26,2019
Haryana,Haryana PC 8,Candidate 2 (BJP),BJP,BJP,NDA,343919,29.98,1147203,63.9,False,2,0,0,2019
Haryana,Haryana PC 8,Candidate 3 (BRS),BRS,BRS,,261325,22.78,1147203,59.0,False,3,0,0,2019
Haryana,Haryana PC 9,Candidate 1 (BJP),BJP,BJP,NDA,512625,47.76,1073328,76.5,True,1,86256,8.04,2019
Haryana,Haryana PC 9,Candidate 2 (IND),IND,IND,,426369,39.72,1073328,64.6,False,2,0,0,2019
Haryana,Haryana PC 9,Candidate 3 (AIADMK),AIADMK,AIADMK,NDA,134332,12.52,1073328,62.6,False,3,0,0,2019
Haryana,Haryana PC 10,Candidate 1 (BJP),BJP,BJP,NDA,297596,33.78,880985,76.2,True,1,48585,5.51,2019
Haryana,Haryana PC 10,Candidate 2 (INC),INC,INC,UPA,249011,28.27,880985,67.4,False,2,0,0,2019
Haryana,Haryana PC 10,Candidate 3 (BRS),BRS,BRS,,196037,22.25,880985,74.9,False,3,0,0,2019
Haryana,Haryana PC 10,Candidate 4 (AIADMK),AIADMK,AIADMK,NDA,138338,15.7,880985,69.1,False,4,0,0,2019
Delhi,Delhi PC 1,Candidate 1 (INC),INC,INC,UPA,182621,28.36,644034,70.2,True,1,9915,1.54,2019
Delhi,Delhi PC 1,Candidate 2 (BJP),BJP,BJP,NDA,172706,26.82,644034,71.0,False,2,0,0,2019
Delhi,Delhi PC 1,Candidate 3 (YSR),YSR,YSR,,129194,20.06,644034,69.9,False,3,0,0,2019
Delhi,Delhi PC 1,Candidate 4 (DMK),DMK,DMK,UPA,116653,18.11,644034,75.7,False,4,0,0,2019
Delhi,Delhi PC 1,Candidate 5 (TDP),TDP,TDP,,42858,6.65,644034,63.7,False,5,0,0,2019
Delhi,Delhi PC 2,Candidate 1 (BJP),BJP,BJP,NDA,320338,45.32,706900,63.0,True,1,24256,3.43,2019
Delhi,Delhi PC 2,Candidate 2 (SP),SP,SP,SP-BSP,296082,41.88,706900,58.6,False,2,0,0,2019
Delhi,Delhi PC 2,Candidate 3 (BRS),BRS,BRS,,90479,12.8,706900,61.5,False,3,0,0,2019
Delhi,Delhi PC 3,Candidate 1 (BJP),BJP,BJP,NDA,338822,41.23,821723,57.0,True,1,65694,7.99,2019
Delhi,Delhi PC 3,Candidate 2 (INC),INC,INC,UPA,273128,33.24,821723,58.1,False,2,0,0,2019
Delhi,Delhi PC 3,Candidate 3 (SP),SP,SP,SP-BSP,209771,25.53,821723,56.5,False,3,0,0,2019
Delhi,Delhi PC 4,Candidate 1 (YSR),YSR,YSR,,288547,48.37,596557,67.8,True,1,24013,4.03,2019
Delhi,Delhi PC 4,Candidate 2 (INC),INC,INC,UPA,264534,44.34,596557,77.6,False,2,0,0,2019
Delhi,Delhi PC 4,Candidate 3 (BJP),BJP,BJP,NDA,43475,7.29,596557,56.0,False,3,0,0,2019
Delhi,Delhi PC 5,Candidate 1 (BJP),BJP,BJP,NDA,253485,27.44,923661,74.8,True,1,50352,5.45,2019
Delhi,Delhi PC 5,Candidate 2 (BRS),BRS,BRS,,203133,21.99,923661,69.9,False,2,0,0,2019
Delhi,Delhi PC 5,Candidate 3 (TMC),TMC,TMC,,201404,21.81,923661,75.7,False,3,0,0,2019
Delhi,Delhi PC 5,Candidate 4 (SP),SP,SP,SP-BSP,183121,19.83,923661,69.3,False,4,0,0,2019
Delhi,Delhi PC 5,Candidate 5 (IND),IND,IND,,82515,8.93,923661,67.5,False,5,0,0,2019
Delhi,Delhi PC 6,Candidate 1 (TMC),TMC,TMC,,213575,24.01,889400,62.6,True,1,7359,0.83,2019
Delhi,Delhi PC 6,Candidate 2 (SP),SP,SP,SP-BSP,206216,23.19,889400,73.0,False,2,0,0,2019
Delhi,Delhi PC 6,Candidate 3 (INC),INC,INC,UPA,168847,18.98,889400,63.8,False,3,0,0,2019
Delhi,Delhi PC 6,Candidate 4 (BRS),BRS,BRS,,167357,18.82,889400,71.0,False,4,0,0,2019
Delhi,Delhi PC 6,Candidate 5 (BJP),BJP,BJP,NDA,133403,15.0,889400,55.8,False,5,0,0,2019
Delhi,Delhi PC 7,Candidate 1 (SP),SP,SP,SP-BSP,213036,19.3,1103909,72.5,True,1,7900,0.72,2019
Delhi,Delhi PC 7,Candidate 2 (JDU),JDU,JDU,NDA,205136,18.58,1103909,59.2,False,2,0,0,2019
Delhi,Delhi PC 7,Candidate 3 (INC),INC,INC,UPA,196093,17.76,1103909,60.9,False,3,0,0,2019
Delhi,Delhi PC 7,Candidate 4 (BRS),BRS,BRS,,183715,16.64,1103909,77.1,False,4,0,0,2019
Delhi,Delhi PC 7,Candidate 5 (BJP),BJP,BJP,NDA,164598,14.91,1103909,67.9,False,5,0,0,2019
Delhi,Delhi PC 7,Candidate 6 (OTH),OTH,OTH,,141328,12.8,1103909,58.9,False,6,0,0,2019
Uttarakhand,Uttarakhand PC 1,Candidate 1 (DMK),DMK,DMK,UPA,98685,23.93,412343,71.8,True,1,8184,1.98,2019
Uttarakhand,Uttarakhand PC 1,Candidate 2 (AIADMK),AIADMK,AIADMK,NDA,90501,21.95,412343,71.4,False,2,0,0,2019
Uttarakhand,Uttarakhand PC 1,Candidate 3 (TDP),TDP,TDP,,80167,19.44,412343,73.9,False,3,0,0,2019
Uttarakhand,Uttarakhand PC 1,Candidate 4 (BJP),BJP,BJP,NDA,74251,18.01,412343,58.5,False,4,0,0,2019
Uttarakhand,Uttarakhand PC 1,Candidate 5 (BRS),BRS,BRS,,68737,16.67,412343,73.9,False,5,0,0,2019
Uttarakhand,Uttarakhand PC 2,Candidate 1 (IND),IND,IND,,354983,43.77,811086,58.9,True,1,130793,16.13,2019
Uttarakhand,Uttarakhand PC 2,Candidate 2 (INC),INC,INC,UPA,224190,27.64,811086,65.3,False,2,0,0,2019
Uttarakhand,Uttarakhand PC 2,Candidate 3 (BJP),BJP,BJP,NDA,134141,16.54,811086,56.8,False,3,0,0,2019
Uttarakhand,Uttarakhand PC 2,Candidate 4 (JDU),JDU,JDU,NDA,97771,12.05,811086,58.3,False,4,0,0,2019
Uttarakhand,Uttarakhand PC 3,Candidate 1 (INC),INC,INC,UPA,225137,43.71,515108,68.4,True,1,30601,5.94,2019
Uttarakhand,Uttarakhand PC 3,Candidate 2 (BJP),BJP,BJP,NDA,194536,37.77,515108,70.0,False,2,0,0,2019
Uttarakhand,Uttarakhand PC 3,Candidate 3 (IND),IND,IND,,95433,18.53,515108,70.6,False,3,0,0,2019
Uttarakhand,Uttarakhand PC 4,Candidate 1 (SP),SP,SP,SP-BSP,132147,30.46,433836,74.6,True,1,7349,1.69,2019
Uttarakhand,Uttarakhand PC 4,Candidate 2 (BJP),BJP,BJP,NDA,124798,28.77,433836,62.6,False,2,0,0,2019
Uttarakhand,Uttarakhand PC 4,Candidate 3 (AIADMK),AIADMK,AIADMK,NDA,110371,25.44,433836,73.9,False,3,0,0,2019
Uttarakhand,Uttarakhand PC 4,Candidate 4 (OTH),OTH,OTH,,66518,15.33,433836,55.1,False,4,0,0,2019
Uttarakhand,Uttarakhand PC 5,Candidate 1 (BJP),BJP,BJP,NDA,245672,28.85,851641,65.5,True,1,2596,0.3,2019
Uttarakhand,Uttarakhand PC 5,Candidate 2 (JDU),JDU,JDU,NDA,243076,28.54,851641,72.9,False,2,0,0,2019
Uttarakhand,Uttarakhand PC 5,Candidate 3 (SP),SP,SP,SP-BSP,143834,16.89,851641,76.1,False,3,0,0,2019
Uttarakhand,Uttarakhand PC 5,Candidate 4 (OTH),OTH,OTH,,115303,13.54,851641,68.0,False,4,0,0,2019
Uttarakhand,Uttarakhand PC 5,Candidate 5 (YSR),YSR,YSR,,103752,12.18,851641,73.6,False,5,0,0,2019
Himachal Pradesh,Himachal Pradesh PC 1,Candidate 1 (SP),SP,SP,SP-BSP,273832,38.2,716912,66.5,True,1,31457,4.39,2019
Himachal Pradesh,Himachal Pradesh PC 1,Candidate 2 (BJP),BJP,BJP,NDA,242375,33.81,716912,65.5,False,2,0,0,2019
Himachal Pradesh,Himachal Pradesh PC 1,Candidate 3 (OTH),OTH,OTH,,141544,19.74,716912,74.7,False,3,0,0,2019
Himachal Pradesh,Himachal Pradesh PC 1,Candidate 4 (DMK),DMK,DMK,UPA,59158,8.25,716912,73.6,False,4,0,0,2019
Himachal Pradesh,Himachal Pradesh PC 2,Candidate 1 (SP),SP,SP,SP-BSP,224086,22.34,1002893,74.3,True,1,34610,3.45,2019
Himachal Pradesh,Himachal Pradesh PC 2,Candidate 2 (YSR),YSR,YSR,,189476,18.89,1002893,77.5,False,2,0,0,2019
Himachal Pradesh,Himachal Pradesh PC 2,Candidate 3 (AIADMK),AIADMK,AIADMK,NDA,188625,18.81,1002893,72.7,False,3,0,0,2019
Himachal Pradesh,Himachal Pradesh PC 2,Candidate 4 (IND),IND,IND,,164634,16.42,1002893,73.0,False,4,0,0,2019
Himachal Pradesh,Himachal Pradesh PC 2,Candidate 5 (BJP),BJP,BJP,NDA,151338,15.09,1002893,57.4,False,5,0,0,2019
Himachal Pradesh,Himachal Pradesh PC 2,Candidate 6 (OTH),OTH,OTH,,84731,8.45,1002893,66.3,False,6,0,0,2019
Himachal Pradesh,Himachal Pradesh PC 3,Candidate 1 (BJP),BJP,BJP,NDA,339971,66.18,513688,61.2,True,1,166255,32.36,2019
Himachal Pradesh,Himachal Pradesh PC 3,Candidate 2 (INC),INC,INC,UPA,173716,33.82,513688,71.4,False,2,0,0,2019
Himachal Pradesh,Himachal Pradesh PC 4,Candidate 1 (INC),INC,INC,UPA,245454,34.1,719747,77.0,True,1,37402,5.2,2019
Himachal Pradesh,Himachal Pradesh PC 4,Candidate 2 (TMC),TMC,TMC,,208052,28.91,719747,68.7,False,2,0,0,2019
Himachal Pradesh,Himachal Pradesh PC 4,Candidate 3 (BJP),BJP,BJP,NDA,178470,24.8,719747,66.2,False,3,0,0,2019
Himachal Pradesh,Himachal Pradesh PC 4,Candidate 4 (DMK),DMK,DMK,UPA,87769,12.19,719747,74.0,False,4,0,0,2019
Chhattisgarh,Chhattisgarh PC 1,Candidate 1 (SP),SP,SP,SP-BSP,277841,35.48,783104,65.9,True,1,53719,6.86,2019
Chhattisgarh,Chhattisgarh PC 1,Candidate 2 (INC),INC,INC,UPA,224122,28.62,783104,55.2,False,2,0,0,2019
Chhattisgarh,Chhattisgarh PC 1,Candidate 3 (YSR),YSR,YSR,,145318,18.56,783104,71.9,False,3,0,0,2019
Chhattisgarh,Chhattisgarh PC 1,Candidate 4 (BJP),BJP,BJP,NDA,77879,9.95,783104,61.4,False,4,0,0,2019
Chhattisgarh,Chhattisgarh PC 1,Candidate 5 (IND),IND,IND,,57941,7.4,783104,63.7,False,5,0,0,2019
Chhattisgarh,Chhattisgarh PC 2,Candidate 1 (JDU),JDU,JDU,NDA,180715,37.37,483543,71.7,True,1,12705,2.63,2019
Chhattisgarh,Chhattisgarh PC 2,Candidate 2 (BJP),BJP,BJP,NDA,168010,34.75,483543,61.0,False,2,0,0,2019
Chhattisgarh,Chhattisgarh PC 2,Candidate 3 (YSR),YSR,YSR,,57101,11.81,483543,58.8,False,3,0,0,2019
Chhattisgarh,Chhattisgarh PC 2,Candidate 4 (OTH),OTH,OTH,,45652,9.44,483543,59.4,False,4,0,0,2019
Chhattisgarh,Chhattisgarh PC 2,Candidate 5 (SP),SP,SP,SP-BSP,32063,6.63,483543,63.3,False,5,0,0,2019
Chhattisgarh,Chhattisgarh PC 3,Candidate 1 (IND),IND,IND,,306872,25.63,1197182,69.9,True,1,23223,1.94,2019
Chhattisgarh,Chhattisgarh PC 3,Candidate 2 (YSR),YSR,YSR,,283649,23.69,1197182,74.1,False,2,0,0,2019
Chhattisgarh,Chhattisgarh PC 3,Candidate 3 (OTH),OTH,OTH,,273592,22.85,1197182,77.3,False,3,0,0,2019
Chhattisgarh,Chhattisgarh PC 3,Candidate 4 (BJP),BJP,BJP,NDA,227800,19.03,1197182,61.6,False,4,0,0,2019
Chhattisgarh,Chhattisgarh PC 3,Candidate 5 (INC),INC,INC,UPA,105266,8.79,1197182,61.4,False,5,0,0,2019
Chhattisgarh,Chhattisgarh PC 4,Candidate 1 (BRS),BRS,BRS,,262574,29.69,884460,68.0,True,1,33161,3.75,2019
Chhattisgarh,Chhattisgarh PC 4,Candidate 2 (DMK),DMK,DMK,UPA,229413,25.94,884460,61.0,False,2,0,0,2019
Chhattisgarh,Chhattisgarh PC 4,Candidate 3 (SP),SP,SP,SP-BSP,205937,23.28,884460,77.6,False,3,0,0,2019
Chhattisgarh,Chhattisgarh PC 4,Candidate 4 (BJP),BJP,BJP,NDA,116986,13.23,884460,61.6,False,4,0,0,2019
Chhattisgarh,Chhattisgarh PC 4,Candidate 5 (YSR),YSR,YSR,,69547,7.86,884460,70.9,False,5,0,0,2019
Chhattisgarh,Chhattisgarh PC 5,Candidate 1 (BJP),BJP,BJP,NDA,279776,54.95,509109,64.8,True,1,195653,38.43,2019
Chhattisgarh,Chhattisgarh PC 5,Candidate 2 (BRS),BRS,BRS,,84123,16.52,509109,63.5,False,2,0,0,2019
Chhattisgarh,Chhattisgarh PC 5,Candidate 3 (IND),IND,IND,,83520,16.41,509109,74.4,False,3,0,0,2019
Chhattisgarh,Chhattisgarh PC 5,Candidate 4 (JDU),JDU,JDU,NDA,61688,12.12,509109,71.9,False,4,0,0,2019
Chhattisgarh,Chhattisgarh PC 6,Candidate 1 (BJP),BJP,BJP,NDA,297983,57.94,514290,65.0,True,1,81677,15.88,2019
Chhattisgarh,Chhattisgarh PC 6,Candidate 2 (OTH),OTH,OTH,,216306,42.06,514290,71.6,False,2,0,0,2019
Chhattisgarh,Chhattisgarh PC 7,Candidate 1 (TMC),TMC,TMC,,437426,50.86,860064,69.8,True,1,176817,20.56,2019
Chhattisgarh,Chhattisgarh PC 7,Candidate 2 (INC),INC,INC,UPA,260609,30.3,860064,60.4,False,2,0,0,2019
Chhattisgarh,Chhattisgarh PC 7,Candidate 3 (BJP),BJP,BJP,NDA,162027,18.84,860064,59.0,False,3,0,0,2019
Chhattisgarh,Chhattisgarh PC 8,Candidate 1 (BJP),BJP,BJP,NDA,380532,32.67,1164665,72.0,True,1,14237,1.22,2019
Chhattisgarh,Chhattisgarh PC 8,Candidate 2 (SP),SP,SP,SP-BSP,366295,31.45,1164665,58.2,False,2,0,0,2019
Chhattisgarh,Chhattisgarh PC 8,Candidate 3 (JDU),JDU,JDU,NDA,186101,15.98,1164665,58.7,False,3,0,0,2019
Chhattisgarh,Chhattisgarh PC 8,Candidate 4 (INC),INC,INC,UPA,173569,14.9,1164665,63.1,False,4,0,0,2019
Chhattisgarh,Chhattisgarh PC 8,Candidate 5 (TDP),TDP,TDP,,58167,4.99,1164665,74.8,False,5,0,0,2019
Chhattisgarh,Chhattisgarh PC 9,Candidate 1 (JDU),JDU,JDU,NDA,357405,41.45,862257,61.0,True,1,61849,7.17,2019
Chhattisgarh,Chhattisgarh PC 9,Candidate 2 (BJP),BJP,BJP,NDA,295556,34.28,862257,61.7,False,2,0,0,2019
Chhattisgarh,Chhattisgarh PC 9,Candidate 3 (INC),INC,INC,UPA,209294,24.27,862257,72.6,False,3,0,0,2019
Chhattisgarh,Chhattisgarh PC 10,Candidate 1 (DMK),DMK,DMK,UPA,169941,29.23,581460,55.7,True,1,19148,3.29,2019
Chhattisgarh,Chhattisgarh PC 10,Candidate 2 (OTH),OTH,OTH,,150793,25.93,581460,70.3,False,2,0,0,2019
Chhattisgarh,Chhattisgarh PC 10,Candidate 3 (SP),SP,SP,SP-BSP,110769,19.05,581460,76.1,False,3,0,0,2019
Chhattisgarh,Chhattisgarh PC 10,Candidate 4 (INC),INC,INC,UPA,76459,13.15,581460,75.4,False,4,0,0,2019
Chhattisgarh,Chhattisgarh PC 10,Candidate 5 (BRS),BRS,BRS,,73495,12.64,581460,76.5,False,5,0,0,2019
Chhattisgarh,Chhattisgarh PC 11,Candidate 1 (JDU),JDU,JDU,NDA,374479,36.99,1012260,64.1,True,1,142592,14.09,2019
Chhattisgarh,Chhattisgarh PC 11,Candidate 2 (AIADMK),AIADMK,AIADMK,NDA,231887,22.91,1012260,74.5,False,2,0,0,2019
Chhattisgarh,Chhattisgarh PC 11,Candidate 3 (OTH),OTH,OTH,,195729,19.34,1012260,59.7,False,3,0,0,2019
Chhattisgarh,Chhattisgarh PC 11,Candidate 4 (BJP),BJP,BJP,NDA,117590,11.62,1012260,72.8,False,4,0,0,2019
Chhattisgarh,Chhattisgarh PC 11,Candidate 5 (BRS),BRS,BRS,,92572,9.15,1012260,63.2,False,5,0,0,2019
Goa,Goa PC 1,Candidate 1 (IND),IND,IND,,218765,44.58,490728,60.8,True,1,56675,11.55,2019
Goa,Goa PC 1,Candidate 2 (BJP),BJP,BJP,NDA,162090,33.03,490728,57.0,False,2,0,0,2019
Goa,Goa PC 1,Candidate 3 (TMC),TMC,TMC,,109871,22.39,490728,77.9,False,3,0,0,2019
Goa,Goa PC 2,Candidate 1 (BJP),BJP,BJP,NDA,501795,53.24,942543,59.3,True,1,61048,6.48,2019
Goa,Goa PC 2,Candidate 2 (TMC),TMC,TMC,,440747,46.76,942543,57.0,False,2,0,0,2019
Kerala,Kerala PC 1,Candidate 1 (INC),INC,INC,UPA,479203,49.49,968293,61.9,True,1,59002,6.09,2019
Kerala,Kerala PC 1,Candidate 2 (BJP),BJP,BJP,NDA,420201,43.4,968293,75.9,False,2,0,0,2019
Kerala,Kerala PC 1,Candidate 3 (IND),IND,IND,,68887,7.11,968293,69.9,False,3,0,0,2019
Kerala,Kerala PC 2,Candidate 1 (YSR),YSR,YSR,,490465,55.72,880231,68.4,True,1,287514,32.66,2019
Kerala,Kerala PC 2,Candidate 2 (SP),SP,SP,SP-BSP,202951,23.06,880231,58.0,False,2,0,0,2019
Kerala,Kerala PC 2,Candidate 3 (BJP),BJP,BJP,NDA,186813,21.22,880231,57.0,False,3,0,0,2019
Kerala,Kerala PC 3,Candidate 1 (OTH),OTH,OTH,,205812,36.03,571210,71.3,True,1,41925,7.34,2019
Kerala,Kerala PC 3,Candidate 2 (TMC),TMC,TMC,,163887,28.69,571210,70.2,False,2,0,0,2019
Kerala,Kerala PC 3,Candidate 3 (INC),INC,INC,UPA,107797,18.87,571210,71.2,False,3,0,0,2019
Kerala,Kerala PC 3,Candidate 4 (BJP),BJP,BJP,NDA,93711,16.41,571210,74.0,False,4,0,0,2019
Kerala,Kerala PC 4,Candidate 1 (DMK),DMK,DMK,UPA,211210,48.96,431354,68.2,True,1,91092,21.12,2019
Kerala,Kerala PC 4,Candidate 2 (TDP),TDP,TDP,,120118,27.85,431354,68.4,False,2,0,0,2019
Kerala,Kerala PC 4,Candidate 3 (BRS),BRS,BRS,,58211,13.5,431354,60.3,False,3,0,0,2019
Kerala,Kerala PC 4,Candidate 4 (BJP),BJP,BJP,NDA,41813,9.69,431354,73.7,False,4,0,0,2019
Kerala,Kerala PC 5,Candidate 1 (JDU),JDU,JDU,NDA,271504,23.77,1142054,72.4,True,1,2159,0.19,2019
Kerala,Kerala PC 5,Candidate 2 (SP),SP,SP,SP-BSP,269345,23.58,1142054,63.7,False,2,0,0,2019
Kerala,Kerala PC 5,Candidate 3 (OTH),OTH,OTH,,261657,22.91,1142054,61.6,False,3,0,0,2019
Kerala,Kerala PC 5,Candidate 4 (INC),INC,INC,UPA,181302,15.88,1142054,55.3,False,4,0,0,2019
Kerala,Kerala PC 5,Candidate 5 (DMK),DMK,DMK,UPA,128837,11.28,1142054,60.3,False,5,0,0,2019
Kerala,Kerala PC 5,Candidate 6 (BJP),BJP,BJP,NDA,29407,2.57,1142054,58.6,False,6,0,0,2019
Kerala,Kerala PC 6,Candidate 1 (YSR),YSR,YSR,,279324,26.35,1059936,66.6,True,1,913,0.09,2019
Kerala,Kerala PC 6,Candidate 2 (TDP),TDP,TDP,,278411,26.27,1059936,58.1,False,2,0,0,2019
Kerala,Kerala PC 6,Candidate 3 (BJP),BJP,BJP,NDA,259837,24.51,1059936,72.8,False,3,0,0,2019
Kerala,Kerala PC 6,Candidate 4 (AIADMK),AIADMK,AIADMK,NDA,242362,22.87,1059936,75.1,False,4,0,0,2019
Kerala,Kerala PC 7,Candidate 1 (BJP),BJP,BJP,NDA,730693,67.75,1078552,59.2,True,1,382835,35.5,2019
Kerala,Kerala PC 7,Candidate 2 (BRS),BRS,BRS,,347858,32.25,1078552,60.5,False,2,0,0,2019
Kerala,Kerala PC 8,Candidate 1 (TDP),TDP,TDP,,179874,25.13,715642,69.2,True,1,890,0.12,2019
Kerala,Kerala PC 8,Candidate 2 (BJP),BJP,BJP,NDA,178984,25.01,715642,73.7,False,2,0,0,2019
Kerala,Kerala PC 8,Candidate 3 (OTH),OTH,OTH,,155016,21.66,715642,61.1,False,3,0,0,2019
Kerala,Kerala PC 8,Candidate 4 (DMK),DMK,DMK,UPA,124962,17.46,715642,55.5,False,4,0,0,2019
Kerala,Kerala PC 8,Candidate 5 (AIADMK),AIADMK,AIADMK,NDA,76804,10.73,715642,74.0,False,5,0,0,2019
Kerala,Kerala PC 9,Candidate 1 (IND),IND,IND,,196576,26.69,736626,57.1,True,1,23231,3.15,2019
Kerala,Kerala PC 9,Candidate 2 (BJP),BJP,BJP,NDA,173345,23.53,736626,68.3,False,2,0,0,2019
Kerala,Kerala PC 9,Candidate 3 (INC),INC,INC,UPA,156640,21.26,736626,77.5,False,3,0,0,2019
Kerala,Kerala PC 9,Candidate 4 (SP),SP,SP,SP-BSP,153550,20.85,736626,64.0,False,4,0,0,2019
Kerala,Kerala PC 9,Candidate 5 (JDU),JDU,JDU,NDA,56513,7.67,736626,77.1,False,5,0,0,2019
Kerala,Kerala PC 10,Candidate 1 (INC),INC,INC,UPA,528581,56.58,934243,71.5,True,1,122920,13.16,2019
Kerala,Kerala PC 10,Candidate 2 (BJP),BJP,BJP,NDA,405661,43.42,934243,69.0,False,2,0,0,2019
Kerala,Kerala PC 11,Candidate 1 (OTH),OTH,OTH,,158412,32.18,492285,65.4,True,1,35012,7.11,2019
Kerala,Kerala PC 11,Candidate 2 (BJP),BJP,BJP,NDA,123400,25.07,492285,63.4,False,2,0,0,2019
Kerala,Kerala PC 11,Candidate 3 (INC),INC,INC,UPA,113917,23.14,492285,55.9,False,3,0,0,2019
Kerala,Kerala PC 11,Candidate 4 (AIADMK),AIADMK,AIADMK,NDA,96554,19.61,492285,66.8,False,4,0,0,2019
Kerala,Kerala PC 12,Candidate 1 (JDU),JDU,JDU,NDA,354818,30.05,1180904,55.5,True,1,66122,5.6,2019
Kerala,Kerala PC 12,Candidate 2 (TDP),TDP,TDP,,288696,24.45,1180904,75.4,False,2,0,0,2019
Kerala,Kerala PC 12,Candidate 3 (BJP),BJP,BJP,NDA,252969,21.42,1180904,71.8,False,3,0,0,2019
Kerala,Kerala PC 12,Candidate 4 (TMC),TMC,TMC,,210230,17.8,1180904,67.0,False,4,0,0,2019
Kerala,Kerala PC 12,Candidate 5 (SP),SP,SP,SP-BSP,74188,6.28,1180904,74.2,False,5,0,0,2019
Kerala,Kerala PC 13,Candidate 1 (BJP),BJP,BJP,NDA,457276,40.43,1130988,77.6,True,1,160983,14.23,2019
Kerala,Kerala PC 13,Candidate 2 (TMC),TMC,TMC,,296293,26.2,1130988,59.5,False,2,0,0,2019
Kerala,Kerala PC 13,Candidate 3 (SP),SP,SP,SP-BSP,201254,17.79,1130988,59.5,False,3,0,0,2019
Kerala,Kerala PC 13,Candidate 4 (INC),INC,INC,UPA,110578,9.78,1130988,64.8,False,4,0,0,2019
Kerala,Kerala PC 13,Candidate 5 (OTH),OTH,OTH,,65584,5.8,1130988,75.8,False,5,0,0,2019
Kerala,Kerala PC 14,Candidate 1 (SP),SP,SP,SP-BSP,388464,34.08,1139756,77.1,True,1,84055,7.37,2019
Kerala,Kerala PC 14,Candidate 2 (INC),INC,INC,UPA,304409,26.71,1139756,59.6,False,2,0,0,2019
Kerala,Kerala PC 14,Candidate 3 (JDU),JDU,JDU,NDA,188041,16.5,1139756,75.7,False,3,0,0,2019
Kerala,Kerala PC 14,Candidate 4 (BJP),BJP,BJP,NDA,137264,12.04,1139756,66.0,False,4,0,0,2019
Kerala,Kerala PC 14,Candidate 5 (TMC),TMC,TMC,,121576,10.67,1139756,64.4,False,5,0,0,2019
Kerala,Kerala PC 15,Candidate 1 (JDU),JDU,JDU,NDA,184949,35.4,522520,74.4,True,1,12339,2.36,2019
Kerala,Kerala PC 15,Candidate 2 (DMK),DMK,DMK,UPA,172610,33.03,522520,68.4,False,2,0,0,2019
Kerala,Kerala PC 15,Candidate 3 (BJP),BJP,BJP,NDA,164960,31.57,522520,68.0,False,3,0,0,2019
Kerala,Kerala PC 16,Candidate 1 (INC),INC,INC,UPA,234113,35.65,656661,63.4,True,1,83992,12.79,2019
Kerala,Kerala PC 16,Candidate 2 (DMK),DMK,DMK,UPA,150121,22.86,656661,61.5,False,2,0,0,2019
Kerala,Kerala PC 16,Candidate 3 (OTH),OTH,OTH,,148535,22.62,656661,56.5,False,3,0,0,2019
Kerala,Kerala PC 16,Candidate 4 (TMC),TMC,TMC,,70732,10.77,656661,57.9,False,4,0,0,2019
Kerala,Kerala PC 16,Candidate 5 (BJP),BJP,BJP,NDA,53158,8.1,656661,70.0,False,5,0,0,2019
Kerala,Kerala PC 17,Candidate 1 (INC),INC,INC,UPA,186658,29.36,635740,56.5,True,1,2253,0.35,2019
Kerala,Kerala PC 17,Candidate 2 (BRS),BRS,BRS,,184405,29.01,635740,65.8,False,2,0,0,2019
Kerala,Kerala PC 17,Candidate 3 (TDP),TDP,TDP,,155076,24.39,635740,57.0,False,3,0,0,2019
Kerala,Kerala PC 17,Candidate 4 (BJP),BJP,BJP,NDA,109599,17.24,635740,67.3,False,4,0,0,2019
Kerala,Kerala PC 18,Candidate 1 (AIADMK),AIADMK,AIADMK,NDA,191316,29.33,652216,59.3,True,1,25581,3.92,2019
Kerala,Kerala PC 18,Candidate 2 (TMC),TMC,TMC,,165735,25.41,652216,64.6,False,2,0,0,2019
Kerala,Kerala PC 18,Candidate 3 (BJP),BJP,BJP,NDA,162242,24.88,652216,64.4,False,3,0,0,2019
Kerala,Kerala PC 18,Candidate 4 (SP),SP,SP,SP-BSP,132921,20.38,652216,59.8,False,4,0,0,2019
Kerala,Kerala PC 19,Candidate 1 (INC),INC,INC,UPA,269851,39.86,676976,61.5,True,1,129199,19.08,2019
Kerala,Kerala PC 19,Candidate 2 (JDU),JDU,JDU,NDA,140652,20.78,676976,76.3,False,2,0,0,2019
Kerala,Kerala PC 19,Candidate 3 (AIADMK),AIADMK,AIADMK,NDA,136265,20.13,676976,63.0,False,3,0,0,2019
Kerala,Kerala PC 19,Candidate 4 (BJP),BJP,BJP,NDA,130207,19.23,676976,55.0,False,4,0,0,2019
Kerala,Kerala PC 20,Candidate 1 (BJP),BJP,BJP,NDA,259622,51.18,507295,70.5,True,1,11950,2.36,2019
Kerala,Kerala PC 20,Candidate 2 (AIADMK),AIADMK,AIADMK,NDA,247672,48.82,507295,63.1,False,2,0,0,2019
